[2025-06-30 22:34:01] Ejecutando pipeline desde /home/camilo/udp/sist-distribuidos/sistemas_distribuidos/tarea_3
[2025-06-30 22:34:01] Ejecutando uploader
 Container mongodb-general  Running
 Container elasticsearch  Running
 Container waze-scrapper-general  Created
 Container m7-filtering-general  Created
 Container m8-processing-general  Created
 Container waze-scrapper-general  Starting
 Container waze-scrapper-general  Started
 Container waze-scrapper-general  Waiting
 Container waze-scrapper-general  Exited
 Container m7-filtering-general  Starting
 Container m7-filtering-general  Started
 Container m7-filtering-general  Waiting
 Container m7-filtering-general  Exited
 Container m8-processing-general  Starting
 Container m8-processing-general  Started
[2025-06-30 22:35:49] Ejecutando pipeline desde /home/camilo/udp/sist-distribuidos/sistemas_distribuidos/tarea_3
[2025-06-30 22:35:49] Ejecutando uploader
 Container elasticsearch  Running
 Container mongodb-general  Running
 Container waze-scrapper-general  Created
 Container m7-filtering-general  Created
 Container m8-processing-general  Running
 Container waze-scrapper-general  Starting
 Container waze-scrapper-general  Started
 Container waze-scrapper-general  Waiting
/app/cargar_data_elastic.py:46: DeprecationWarning: Passing transport options in the API method is deprecated. Use 'Elasticsearch.options()' instead.
  bulk(
/app/cargar_data_elastic.py:61: DeprecationWarning: Passing transport options in the API method is deprecated. Use 'Elasticsearch.options()' instead.
  bulk(
/app/cargar_data_elastic.py:151: DeprecationWarning: Passing transport options in the API method is deprecated. Use 'Elasticsearch.options()' instead.
  bulk(
/app/cargar_data_elastic.py:151: DeprecationWarning: Passing transport options in the API method is deprecated. Use 'Elasticsearch.options()' instead.
  bulk(
/app/cargar_data_elastic.py:151: DeprecationWarning: Passing transport options in the API method is deprecated. Use 'Elasticsearch.options()' instead.
  bulk(
/app/cargar_data_elastic.py:151: DeprecationWarning: Passing transport options in the API method is deprecated. Use 'Elasticsearch.options()' instead.
  bulk(
/app/cargar_data_elastic.py:151: DeprecationWarning: Passing transport options in the API method is deprecated. Use 'Elasticsearch.options()' instead.
  bulk(
/app/cargar_data_elastic.py:151: DeprecationWarning: Passing transport options in the API method is deprecated. Use 'Elasticsearch.options()' instead.
  bulk(
/app/cargar_data_elastic.py:151: DeprecationWarning: Passing transport options in the API method is deprecated. Use 'Elasticsearch.options()' instead.
  bulk(
/app/cargar_data_elastic.py:151: DeprecationWarning: Passing transport options in the API method is deprecated. Use 'Elasticsearch.options()' instead.
  bulk(
Exportación de MongoDB a Elasticsearch completada.
Exportación de CSV a Elasticsearch completada.
[2025-06-30 22:35:57] Pipeline completado correctamente
 Container waze-scrapper-general  Exited
 Container m7-filtering-general  Starting
 Container m7-filtering-general  Started
 Container m7-filtering-general  Waiting
 Container m7-filtering-general  Exited
/app/cargar_data_elastic.py:46: DeprecationWarning: Passing transport options in the API method is deprecated. Use 'Elasticsearch.options()' instead.
  bulk(
/app/cargar_data_elastic.py:61: DeprecationWarning: Passing transport options in the API method is deprecated. Use 'Elasticsearch.options()' instead.
  bulk(
/app/cargar_data_elastic.py:151: DeprecationWarning: Passing transport options in the API method is deprecated. Use 'Elasticsearch.options()' instead.
  bulk(
/app/cargar_data_elastic.py:151: DeprecationWarning: Passing transport options in the API method is deprecated. Use 'Elasticsearch.options()' instead.
  bulk(
/app/cargar_data_elastic.py:151: DeprecationWarning: Passing transport options in the API method is deprecated. Use 'Elasticsearch.options()' instead.
  bulk(
/app/cargar_data_elastic.py:151: DeprecationWarning: Passing transport options in the API method is deprecated. Use 'Elasticsearch.options()' instead.
  bulk(
/app/cargar_data_elastic.py:151: DeprecationWarning: Passing transport options in the API method is deprecated. Use 'Elasticsearch.options()' instead.
  bulk(
/app/cargar_data_elastic.py:151: DeprecationWarning: Passing transport options in the API method is deprecated. Use 'Elasticsearch.options()' instead.
  bulk(
/app/cargar_data_elastic.py:151: DeprecationWarning: Passing transport options in the API method is deprecated. Use 'Elasticsearch.options()' instead.
  bulk(
/app/cargar_data_elastic.py:151: DeprecationWarning: Passing transport options in the API method is deprecated. Use 'Elasticsearch.options()' instead.
  bulk(
Exportación de MongoDB a Elasticsearch completada.
Exportación de CSV a Elasticsearch completada.
[2025-06-30 22:37:29] Pipeline completado correctamente
[2025-06-30 22:40:01] Ejecutando pipeline desde /home/camilo/udp/sist-distribuidos/sistemas_distribuidos/tarea_3
[2025-06-30 22:40:01] Ejecutando uploader
 Container mongodb-general  Running
 Container elasticsearch  Running
 Container waze-scrapper-general  Created
 Container m7-filtering-general  Created
 Container m8-processing-general  Created
 Container waze-scrapper-general  Starting
 Container waze-scrapper-general  Started
 Container waze-scrapper-general  Waiting
 Container waze-scrapper-general  Exited
 Container m7-filtering-general  Starting
 Container m7-filtering-general  Started
 Container m7-filtering-general  Waiting
 Container m7-filtering-general  Exited
 Container m8-processing-general  Starting
 Container m8-processing-general  Started
/app/cargar_data_elastic.py:46: DeprecationWarning: Passing transport options in the API method is deprecated. Use 'Elasticsearch.options()' instead.
  bulk(
/app/cargar_data_elastic.py:61: DeprecationWarning: Passing transport options in the API method is deprecated. Use 'Elasticsearch.options()' instead.
  bulk(
/app/cargar_data_elastic.py:151: DeprecationWarning: Passing transport options in the API method is deprecated. Use 'Elasticsearch.options()' instead.
  bulk(
/app/cargar_data_elastic.py:151: DeprecationWarning: Passing transport options in the API method is deprecated. Use 'Elasticsearch.options()' instead.
  bulk(
/app/cargar_data_elastic.py:151: DeprecationWarning: Passing transport options in the API method is deprecated. Use 'Elasticsearch.options()' instead.
  bulk(
/app/cargar_data_elastic.py:151: DeprecationWarning: Passing transport options in the API method is deprecated. Use 'Elasticsearch.options()' instead.
  bulk(
/app/cargar_data_elastic.py:151: DeprecationWarning: Passing transport options in the API method is deprecated. Use 'Elasticsearch.options()' instead.
  bulk(
/app/cargar_data_elastic.py:151: DeprecationWarning: Passing transport options in the API method is deprecated. Use 'Elasticsearch.options()' instead.
  bulk(
/app/cargar_data_elastic.py:151: DeprecationWarning: Passing transport options in the API method is deprecated. Use 'Elasticsearch.options()' instead.
  bulk(
/app/cargar_data_elastic.py:151: DeprecationWarning: Passing transport options in the API method is deprecated. Use 'Elasticsearch.options()' instead.
  bulk(
Exportación de MongoDB a Elasticsearch completada.
Exportación de CSV a Elasticsearch completada.
[2025-06-30 22:41:58] Pipeline completado correctamente
[2025-06-30 22:45:01] Ejecutando pipeline desde /home/camilo/udp/sist-distribuidos/sistemas_distribuidos/tarea_3
[2025-06-30 22:45:01] Ejecutando uploader
 Container elasticsearch  Running
 Container mongodb-general  Running
 Container waze-scrapper-general  Created
 Container m7-filtering-general  Created
 Container m8-processing-general  Created
 Container waze-scrapper-general  Starting
 Container waze-scrapper-general  Started
 Container waze-scrapper-general  Waiting
 Container waze-scrapper-general  Exited
 Container m7-filtering-general  Starting
 Container m7-filtering-general  Started
 Container m7-filtering-general  Waiting
 Container m7-filtering-general  Exited
 Container m8-processing-general  Starting
 Container m8-processing-general  Started
/app/cargar_data_elastic.py:46: DeprecationWarning: Passing transport options in the API method is deprecated. Use 'Elasticsearch.options()' instead.
  bulk(
/app/cargar_data_elastic.py:61: DeprecationWarning: Passing transport options in the API method is deprecated. Use 'Elasticsearch.options()' instead.
  bulk(
/app/cargar_data_elastic.py:151: DeprecationWarning: Passing transport options in the API method is deprecated. Use 'Elasticsearch.options()' instead.
  bulk(
/app/cargar_data_elastic.py:151: DeprecationWarning: Passing transport options in the API method is deprecated. Use 'Elasticsearch.options()' instead.
  bulk(
/app/cargar_data_elastic.py:151: DeprecationWarning: Passing transport options in the API method is deprecated. Use 'Elasticsearch.options()' instead.
  bulk(
/app/cargar_data_elastic.py:151: DeprecationWarning: Passing transport options in the API method is deprecated. Use 'Elasticsearch.options()' instead.
  bulk(
/app/cargar_data_elastic.py:151: DeprecationWarning: Passing transport options in the API method is deprecated. Use 'Elasticsearch.options()' instead.
  bulk(
/app/cargar_data_elastic.py:151: DeprecationWarning: Passing transport options in the API method is deprecated. Use 'Elasticsearch.options()' instead.
  bulk(
/app/cargar_data_elastic.py:151: DeprecationWarning: Passing transport options in the API method is deprecated. Use 'Elasticsearch.options()' instead.
  bulk(
/app/cargar_data_elastic.py:151: DeprecationWarning: Passing transport options in the API method is deprecated. Use 'Elasticsearch.options()' instead.
  bulk(
Exportación de MongoDB a Elasticsearch completada.
Exportación de CSV a Elasticsearch completada.
[2025-06-30 22:46:59] Pipeline completado correctamente
[2025-06-30 22:50:01] Ejecutando pipeline desde /home/camilo/udp/sist-distribuidos/sistemas_distribuidos/tarea_3
[2025-06-30 22:50:01] Ejecutando uploader
 Container elasticsearch  Running
 Container mongodb-general  Running
 Container waze-scrapper-general  Created
 Container m7-filtering-general  Created
 Container m8-processing-general  Created
 Container waze-scrapper-general  Starting
 Container waze-scrapper-general  Started
 Container waze-scrapper-general  Waiting
 Container waze-scrapper-general  Exited
 Container m7-filtering-general  Starting
 Container m7-filtering-general  Started
 Container m7-filtering-general  Waiting
 Container m7-filtering-general  Exited
 Container m8-processing-general  Starting
 Container m8-processing-general  Started
/app/cargar_data_elastic.py:46: DeprecationWarning: Passing transport options in the API method is deprecated. Use 'Elasticsearch.options()' instead.
  bulk(
/app/cargar_data_elastic.py:61: DeprecationWarning: Passing transport options in the API method is deprecated. Use 'Elasticsearch.options()' instead.
  bulk(
/app/cargar_data_elastic.py:151: DeprecationWarning: Passing transport options in the API method is deprecated. Use 'Elasticsearch.options()' instead.
  bulk(
/app/cargar_data_elastic.py:151: DeprecationWarning: Passing transport options in the API method is deprecated. Use 'Elasticsearch.options()' instead.
  bulk(
/app/cargar_data_elastic.py:151: DeprecationWarning: Passing transport options in the API method is deprecated. Use 'Elasticsearch.options()' instead.
  bulk(
/app/cargar_data_elastic.py:151: DeprecationWarning: Passing transport options in the API method is deprecated. Use 'Elasticsearch.options()' instead.
  bulk(
/app/cargar_data_elastic.py:151: DeprecationWarning: Passing transport options in the API method is deprecated. Use 'Elasticsearch.options()' instead.
  bulk(
/app/cargar_data_elastic.py:151: DeprecationWarning: Passing transport options in the API method is deprecated. Use 'Elasticsearch.options()' instead.
  bulk(
/app/cargar_data_elastic.py:151: DeprecationWarning: Passing transport options in the API method is deprecated. Use 'Elasticsearch.options()' instead.
  bulk(
/app/cargar_data_elastic.py:151: DeprecationWarning: Passing transport options in the API method is deprecated. Use 'Elasticsearch.options()' instead.
  bulk(
Exportación de MongoDB a Elasticsearch completada.
Exportación de CSV a Elasticsearch completada.
[2025-06-30 22:51:56] Pipeline completado correctamente
[2025-06-30 22:55:01] Ejecutando pipeline desde /home/camilo/udp/sist-distribuidos/sistemas_distribuidos/tarea_3
[2025-06-30 22:55:01] Ejecutando uploader
 Container elasticsearch  Running
 Container mongodb-general  Running
 Container waze-scrapper-general  Created
 Container m7-filtering-general  Created
 Container m8-processing-general  Created
 Container waze-scrapper-general  Starting
 Container waze-scrapper-general  Started
 Container waze-scrapper-general  Waiting
 Container waze-scrapper-general  Exited
 Container m7-filtering-general  Starting
 Container m7-filtering-general  Started
 Container m7-filtering-general  Waiting
 Container m7-filtering-general  Exited
 Container m8-processing-general  Starting
 Container m8-processing-general  Started
/app/cargar_data_elastic.py:46: DeprecationWarning: Passing transport options in the API method is deprecated. Use 'Elasticsearch.options()' instead.
  bulk(
/app/cargar_data_elastic.py:61: DeprecationWarning: Passing transport options in the API method is deprecated. Use 'Elasticsearch.options()' instead.
  bulk(
/app/cargar_data_elastic.py:151: DeprecationWarning: Passing transport options in the API method is deprecated. Use 'Elasticsearch.options()' instead.
  bulk(
/app/cargar_data_elastic.py:151: DeprecationWarning: Passing transport options in the API method is deprecated. Use 'Elasticsearch.options()' instead.
  bulk(
/app/cargar_data_elastic.py:151: DeprecationWarning: Passing transport options in the API method is deprecated. Use 'Elasticsearch.options()' instead.
  bulk(
/app/cargar_data_elastic.py:151: DeprecationWarning: Passing transport options in the API method is deprecated. Use 'Elasticsearch.options()' instead.
  bulk(
/app/cargar_data_elastic.py:151: DeprecationWarning: Passing transport options in the API method is deprecated. Use 'Elasticsearch.options()' instead.
  bulk(
/app/cargar_data_elastic.py:151: DeprecationWarning: Passing transport options in the API method is deprecated. Use 'Elasticsearch.options()' instead.
  bulk(
/app/cargar_data_elastic.py:151: DeprecationWarning: Passing transport options in the API method is deprecated. Use 'Elasticsearch.options()' instead.
  bulk(
/app/cargar_data_elastic.py:151: DeprecationWarning: Passing transport options in the API method is deprecated. Use 'Elasticsearch.options()' instead.
  bulk(
Exportación de MongoDB a Elasticsearch completada.
Exportación de CSV a Elasticsearch completada.
[2025-06-30 22:56:55] Pipeline completado correctamente
[2025-06-30 23:00:01] Ejecutando pipeline desde /home/camilo/udp/sist-distribuidos/sistemas_distribuidos/tarea_3
[2025-06-30 23:00:01] Ejecutando uploader
 Container mongodb-general  Running
 Container elasticsearch  Running
 Container waze-scrapper-general  Created
 Container m7-filtering-general  Created
 Container m8-processing-general  Created
 Container waze-scrapper-general  Starting
 Container waze-scrapper-general  Started
 Container waze-scrapper-general  Waiting
 Container waze-scrapper-general  Exited
 Container m7-filtering-general  Starting
 Container m7-filtering-general  Started
 Container m7-filtering-general  Waiting
 Container m7-filtering-general  Exited
 Container m8-processing-general  Starting
 Container m8-processing-general  Started
/app/cargar_data_elastic.py:46: DeprecationWarning: Passing transport options in the API method is deprecated. Use 'Elasticsearch.options()' instead.
  bulk(
/app/cargar_data_elastic.py:61: DeprecationWarning: Passing transport options in the API method is deprecated. Use 'Elasticsearch.options()' instead.
  bulk(
/app/cargar_data_elastic.py:151: DeprecationWarning: Passing transport options in the API method is deprecated. Use 'Elasticsearch.options()' instead.
  bulk(
/app/cargar_data_elastic.py:151: DeprecationWarning: Passing transport options in the API method is deprecated. Use 'Elasticsearch.options()' instead.
  bulk(
/app/cargar_data_elastic.py:151: DeprecationWarning: Passing transport options in the API method is deprecated. Use 'Elasticsearch.options()' instead.
  bulk(
/app/cargar_data_elastic.py:151: DeprecationWarning: Passing transport options in the API method is deprecated. Use 'Elasticsearch.options()' instead.
  bulk(
/app/cargar_data_elastic.py:151: DeprecationWarning: Passing transport options in the API method is deprecated. Use 'Elasticsearch.options()' instead.
  bulk(
/app/cargar_data_elastic.py:151: DeprecationWarning: Passing transport options in the API method is deprecated. Use 'Elasticsearch.options()' instead.
  bulk(
/app/cargar_data_elastic.py:151: DeprecationWarning: Passing transport options in the API method is deprecated. Use 'Elasticsearch.options()' instead.
  bulk(
/app/cargar_data_elastic.py:151: DeprecationWarning: Passing transport options in the API method is deprecated. Use 'Elasticsearch.options()' instead.
  bulk(
Exportación de MongoDB a Elasticsearch completada.
Exportación de CSV a Elasticsearch completada.
[2025-06-30 23:01:58] Pipeline completado correctamente
[2025-06-30 23:05:01] Ejecutando pipeline desde /home/camilo/udp/sist-distribuidos/sistemas_distribuidos/tarea_3
[2025-06-30 23:05:01] Ejecutando uploader
 Container mongodb-general  Running
 Container waze-scrapper-general  Created
 Container m7-filtering-general  Created
 Container elasticsearch  Running
 Container m8-processing-general  Created
 Container waze-scrapper-general  Starting
 Container waze-scrapper-general  Started
 Container waze-scrapper-general  Waiting
 Container waze-scrapper-general  Exited
 Container m7-filtering-general  Starting
 Container m7-filtering-general  Started
 Container m7-filtering-general  Waiting
 Container m7-filtering-general  Exited
 Container m8-processing-general  Starting
 Container m8-processing-general  Started
/app/cargar_data_elastic.py:46: DeprecationWarning: Passing transport options in the API method is deprecated. Use 'Elasticsearch.options()' instead.
  bulk(
/app/cargar_data_elastic.py:61: DeprecationWarning: Passing transport options in the API method is deprecated. Use 'Elasticsearch.options()' instead.
  bulk(
/app/cargar_data_elastic.py:151: DeprecationWarning: Passing transport options in the API method is deprecated. Use 'Elasticsearch.options()' instead.
  bulk(
/app/cargar_data_elastic.py:151: DeprecationWarning: Passing transport options in the API method is deprecated. Use 'Elasticsearch.options()' instead.
  bulk(
/app/cargar_data_elastic.py:151: DeprecationWarning: Passing transport options in the API method is deprecated. Use 'Elasticsearch.options()' instead.
  bulk(
/app/cargar_data_elastic.py:151: DeprecationWarning: Passing transport options in the API method is deprecated. Use 'Elasticsearch.options()' instead.
  bulk(
/app/cargar_data_elastic.py:151: DeprecationWarning: Passing transport options in the API method is deprecated. Use 'Elasticsearch.options()' instead.
  bulk(
/app/cargar_data_elastic.py:151: DeprecationWarning: Passing transport options in the API method is deprecated. Use 'Elasticsearch.options()' instead.
  bulk(
/app/cargar_data_elastic.py:151: DeprecationWarning: Passing transport options in the API method is deprecated. Use 'Elasticsearch.options()' instead.
  bulk(
/app/cargar_data_elastic.py:151: DeprecationWarning: Passing transport options in the API method is deprecated. Use 'Elasticsearch.options()' instead.
  bulk(
Exportación de MongoDB a Elasticsearch completada.
Exportación de CSV a Elasticsearch completada.
[2025-06-30 23:06:56] Pipeline completado correctamente
[2025-06-30 23:10:01] Ejecutando pipeline desde /home/camilo/udp/sist-distribuidos/sistemas_distribuidos/tarea_3
[2025-06-30 23:10:01] Ejecutando uploader
 Container mongodb-general  Running
 Container elasticsearch  Running
 Container waze-scrapper-general  Created
 Container m7-filtering-general  Created
 Container m8-processing-general  Created
 Container waze-scrapper-general  Starting
 Container waze-scrapper-general  Started
 Container waze-scrapper-general  Waiting
 Container waze-scrapper-general  Exited
 Container m7-filtering-general  Starting
 Container m7-filtering-general  Started
 Container m7-filtering-general  Waiting
 Container m7-filtering-general  Exited
 Container m8-processing-general  Starting
 Container m8-processing-general  Started
/app/cargar_data_elastic.py:46: DeprecationWarning: Passing transport options in the API method is deprecated. Use 'Elasticsearch.options()' instead.
  bulk(
/app/cargar_data_elastic.py:61: DeprecationWarning: Passing transport options in the API method is deprecated. Use 'Elasticsearch.options()' instead.
  bulk(
/app/cargar_data_elastic.py:151: DeprecationWarning: Passing transport options in the API method is deprecated. Use 'Elasticsearch.options()' instead.
  bulk(
/app/cargar_data_elastic.py:151: DeprecationWarning: Passing transport options in the API method is deprecated. Use 'Elasticsearch.options()' instead.
  bulk(
/app/cargar_data_elastic.py:151: DeprecationWarning: Passing transport options in the API method is deprecated. Use 'Elasticsearch.options()' instead.
  bulk(
/app/cargar_data_elastic.py:151: DeprecationWarning: Passing transport options in the API method is deprecated. Use 'Elasticsearch.options()' instead.
  bulk(
/app/cargar_data_elastic.py:151: DeprecationWarning: Passing transport options in the API method is deprecated. Use 'Elasticsearch.options()' instead.
  bulk(
/app/cargar_data_elastic.py:151: DeprecationWarning: Passing transport options in the API method is deprecated. Use 'Elasticsearch.options()' instead.
  bulk(
/app/cargar_data_elastic.py:151: DeprecationWarning: Passing transport options in the API method is deprecated. Use 'Elasticsearch.options()' instead.
  bulk(
/app/cargar_data_elastic.py:151: DeprecationWarning: Passing transport options in the API method is deprecated. Use 'Elasticsearch.options()' instead.
  bulk(
Exportación de MongoDB a Elasticsearch completada.
Exportación de CSV a Elasticsearch completada.
[2025-06-30 23:11:56] Pipeline completado correctamente
[2025-06-30 23:15:01] Ejecutando pipeline desde /home/camilo/udp/sist-distribuidos/sistemas_distribuidos/tarea_3
[2025-06-30 23:15:01] Ejecutando uploader
 Container elasticsearch  Running
 Container mongodb-general  Running
 Container waze-scrapper-general  Created
 Container m7-filtering-general  Created
 Container m8-processing-general  Created
 Container waze-scrapper-general  Starting
 Container waze-scrapper-general  Started
 Container waze-scrapper-general  Waiting
 Container waze-scrapper-general  Exited
 Container m7-filtering-general  Starting
 Container m7-filtering-general  Started
 Container m7-filtering-general  Waiting
 Container m7-filtering-general  Exited
 Container m8-processing-general  Starting
 Container m8-processing-general  Started
/app/cargar_data_elastic.py:46: DeprecationWarning: Passing transport options in the API method is deprecated. Use 'Elasticsearch.options()' instead.
  bulk(
/app/cargar_data_elastic.py:61: DeprecationWarning: Passing transport options in the API method is deprecated. Use 'Elasticsearch.options()' instead.
  bulk(
/app/cargar_data_elastic.py:151: DeprecationWarning: Passing transport options in the API method is deprecated. Use 'Elasticsearch.options()' instead.
  bulk(
/app/cargar_data_elastic.py:151: DeprecationWarning: Passing transport options in the API method is deprecated. Use 'Elasticsearch.options()' instead.
  bulk(
/app/cargar_data_elastic.py:151: DeprecationWarning: Passing transport options in the API method is deprecated. Use 'Elasticsearch.options()' instead.
  bulk(
/app/cargar_data_elastic.py:151: DeprecationWarning: Passing transport options in the API method is deprecated. Use 'Elasticsearch.options()' instead.
  bulk(
/app/cargar_data_elastic.py:151: DeprecationWarning: Passing transport options in the API method is deprecated. Use 'Elasticsearch.options()' instead.
  bulk(
/app/cargar_data_elastic.py:151: DeprecationWarning: Passing transport options in the API method is deprecated. Use 'Elasticsearch.options()' instead.
  bulk(
/app/cargar_data_elastic.py:151: DeprecationWarning: Passing transport options in the API method is deprecated. Use 'Elasticsearch.options()' instead.
  bulk(
/app/cargar_data_elastic.py:151: DeprecationWarning: Passing transport options in the API method is deprecated. Use 'Elasticsearch.options()' instead.
  bulk(
Exportación de MongoDB a Elasticsearch completada.
Exportación de CSV a Elasticsearch completada.
[2025-06-30 23:16:56] Pipeline completado correctamente
[2025-06-30 23:20:01] Ejecutando pipeline desde /home/camilo/udp/sist-distribuidos/sistemas_distribuidos/tarea_3
[2025-06-30 23:20:01] Ejecutando uploader
 Container elasticsearch  Running
 Container mongodb-general  Running
 Container waze-scrapper-general  Created
 Container m7-filtering-general  Created
 Container m8-processing-general  Created
 Container waze-scrapper-general  Starting
 Container waze-scrapper-general  Started
 Container waze-scrapper-general  Waiting
 Container waze-scrapper-general  Exited
 Container m7-filtering-general  Starting
 Container m7-filtering-general  Started
 Container m7-filtering-general  Waiting
 Container m7-filtering-general  Exited
 Container m8-processing-general  Starting
 Container m8-processing-general  Started
/app/cargar_data_elastic.py:46: DeprecationWarning: Passing transport options in the API method is deprecated. Use 'Elasticsearch.options()' instead.
  bulk(
/app/cargar_data_elastic.py:61: DeprecationWarning: Passing transport options in the API method is deprecated. Use 'Elasticsearch.options()' instead.
  bulk(
/app/cargar_data_elastic.py:151: DeprecationWarning: Passing transport options in the API method is deprecated. Use 'Elasticsearch.options()' instead.
  bulk(
/app/cargar_data_elastic.py:151: DeprecationWarning: Passing transport options in the API method is deprecated. Use 'Elasticsearch.options()' instead.
  bulk(
/app/cargar_data_elastic.py:151: DeprecationWarning: Passing transport options in the API method is deprecated. Use 'Elasticsearch.options()' instead.
  bulk(
/app/cargar_data_elastic.py:151: DeprecationWarning: Passing transport options in the API method is deprecated. Use 'Elasticsearch.options()' instead.
  bulk(
/app/cargar_data_elastic.py:151: DeprecationWarning: Passing transport options in the API method is deprecated. Use 'Elasticsearch.options()' instead.
  bulk(
/app/cargar_data_elastic.py:151: DeprecationWarning: Passing transport options in the API method is deprecated. Use 'Elasticsearch.options()' instead.
  bulk(
/app/cargar_data_elastic.py:151: DeprecationWarning: Passing transport options in the API method is deprecated. Use 'Elasticsearch.options()' instead.
  bulk(
/app/cargar_data_elastic.py:151: DeprecationWarning: Passing transport options in the API method is deprecated. Use 'Elasticsearch.options()' instead.
  bulk(
Exportación de MongoDB a Elasticsearch completada.
Exportación de CSV a Elasticsearch completada.
[2025-06-30 23:21:57] Pipeline completado correctamente
[2025-06-30 23:25:01] Ejecutando pipeline desde /home/camilo/udp/sist-distribuidos/sistemas_distribuidos/tarea_3
[2025-06-30 23:25:01] Ejecutando uploader
 Container elasticsearch  Running
 Container mongodb-general  Running
 Container waze-scrapper-general  Created
 Container m7-filtering-general  Created
 Container m8-processing-general  Created
 Container waze-scrapper-general  Starting
 Container waze-scrapper-general  Started
 Container waze-scrapper-general  Waiting
 Container waze-scrapper-general  Exited
 Container m7-filtering-general  Starting
 Container m7-filtering-general  Started
 Container m7-filtering-general  Waiting
 Container m7-filtering-general  Exited
 Container m8-processing-general  Starting
 Container m8-processing-general  Started
/app/cargar_data_elastic.py:46: DeprecationWarning: Passing transport options in the API method is deprecated. Use 'Elasticsearch.options()' instead.
  bulk(
/app/cargar_data_elastic.py:61: DeprecationWarning: Passing transport options in the API method is deprecated. Use 'Elasticsearch.options()' instead.
  bulk(
/app/cargar_data_elastic.py:151: DeprecationWarning: Passing transport options in the API method is deprecated. Use 'Elasticsearch.options()' instead.
  bulk(
/app/cargar_data_elastic.py:151: DeprecationWarning: Passing transport options in the API method is deprecated. Use 'Elasticsearch.options()' instead.
  bulk(
/app/cargar_data_elastic.py:151: DeprecationWarning: Passing transport options in the API method is deprecated. Use 'Elasticsearch.options()' instead.
  bulk(
/app/cargar_data_elastic.py:151: DeprecationWarning: Passing transport options in the API method is deprecated. Use 'Elasticsearch.options()' instead.
  bulk(
/app/cargar_data_elastic.py:151: DeprecationWarning: Passing transport options in the API method is deprecated. Use 'Elasticsearch.options()' instead.
  bulk(
/app/cargar_data_elastic.py:151: DeprecationWarning: Passing transport options in the API method is deprecated. Use 'Elasticsearch.options()' instead.
  bulk(
/app/cargar_data_elastic.py:151: DeprecationWarning: Passing transport options in the API method is deprecated. Use 'Elasticsearch.options()' instead.
  bulk(
/app/cargar_data_elastic.py:151: DeprecationWarning: Passing transport options in the API method is deprecated. Use 'Elasticsearch.options()' instead.
  bulk(
Exportación de MongoDB a Elasticsearch completada.
Exportación de CSV a Elasticsearch completada.
[2025-06-30 23:26:58] Pipeline completado correctamente
[2025-06-30 23:32:13] Ejecutando pipeline desde /home/camilo/udp/sist-distribuidos/sistemas_distribuidos/tarea_3
[2025-06-30 23:32:13] Ejecutando uploader
 Container elasticsearch  Running
 Container mongodb-general  Running
 Container waze-scrapper-general  Created
 Container m7-filtering-general  Created
 Container m8-processing-general  Created
 Container waze-scrapper-general  Starting
 Container waze-scrapper-general  Started
 Container waze-scrapper-general  Waiting
 Container waze-scrapper-general  Exited
 Container m7-filtering-general  Starting
 Container m7-filtering-general  Started
 Container m7-filtering-general  Waiting
 Container m7-filtering-general  Exited
 Container m8-processing-general  Starting
 Container m8-processing-general  Started
/app/cargar_data_elastic.py:46: DeprecationWarning: Passing transport options in the API method is deprecated. Use 'Elasticsearch.options()' instead.
  bulk(
/app/cargar_data_elastic.py:61: DeprecationWarning: Passing transport options in the API method is deprecated. Use 'Elasticsearch.options()' instead.
  bulk(
/app/cargar_data_elastic.py:151: DeprecationWarning: Passing transport options in the API method is deprecated. Use 'Elasticsearch.options()' instead.
  bulk(
/app/cargar_data_elastic.py:151: DeprecationWarning: Passing transport options in the API method is deprecated. Use 'Elasticsearch.options()' instead.
  bulk(
/app/cargar_data_elastic.py:151: DeprecationWarning: Passing transport options in the API method is deprecated. Use 'Elasticsearch.options()' instead.
  bulk(
/app/cargar_data_elastic.py:151: DeprecationWarning: Passing transport options in the API method is deprecated. Use 'Elasticsearch.options()' instead.
  bulk(
/app/cargar_data_elastic.py:151: DeprecationWarning: Passing transport options in the API method is deprecated. Use 'Elasticsearch.options()' instead.
  bulk(
/app/cargar_data_elastic.py:151: DeprecationWarning: Passing transport options in the API method is deprecated. Use 'Elasticsearch.options()' instead.
  bulk(
/app/cargar_data_elastic.py:151: DeprecationWarning: Passing transport options in the API method is deprecated. Use 'Elasticsearch.options()' instead.
  bulk(
/app/cargar_data_elastic.py:151: DeprecationWarning: Passing transport options in the API method is deprecated. Use 'Elasticsearch.options()' instead.
  bulk(
Exportación de MongoDB a Elasticsearch completada.
Exportación de CSV a Elasticsearch completada.
[2025-06-30 23:29:57] Pipeline completado correctamente
[2025-06-30 23:30:01] Ejecutando pipeline desde /home/camilo/udp/sist-distribuidos/sistemas_distribuidos/tarea_3
[2025-06-30 23:30:01] Ejecutando uploader
 Container elasticsearch  Running
 Container mongodb-general  Running
 Container waze-scrapper-general  Created
 Container m7-filtering-general  Created
 Container m8-processing-general  Created
 Container waze-scrapper-general  Starting
 Container waze-scrapper-general  Started
 Container waze-scrapper-general  Waiting
 Container waze-scrapper-general  Exited
 Container m7-filtering-general  Starting
 Container m7-filtering-general  Started
 Container m7-filtering-general  Waiting
 Container m7-filtering-general  Exited
 Container m8-processing-general  Starting
 Container m8-processing-general  Started
/app/cargar_data_elastic.py:46: DeprecationWarning: Passing transport options in the API method is deprecated. Use 'Elasticsearch.options()' instead.
  bulk(
/app/cargar_data_elastic.py:61: DeprecationWarning: Passing transport options in the API method is deprecated. Use 'Elasticsearch.options()' instead.
  bulk(
/app/cargar_data_elastic.py:151: DeprecationWarning: Passing transport options in the API method is deprecated. Use 'Elasticsearch.options()' instead.
  bulk(
/app/cargar_data_elastic.py:151: DeprecationWarning: Passing transport options in the API method is deprecated. Use 'Elasticsearch.options()' instead.
  bulk(
/app/cargar_data_elastic.py:151: DeprecationWarning: Passing transport options in the API method is deprecated. Use 'Elasticsearch.options()' instead.
  bulk(
/app/cargar_data_elastic.py:151: DeprecationWarning: Passing transport options in the API method is deprecated. Use 'Elasticsearch.options()' instead.
  bulk(
/app/cargar_data_elastic.py:151: DeprecationWarning: Passing transport options in the API method is deprecated. Use 'Elasticsearch.options()' instead.
  bulk(
/app/cargar_data_elastic.py:151: DeprecationWarning: Passing transport options in the API method is deprecated. Use 'Elasticsearch.options()' instead.
  bulk(
/app/cargar_data_elastic.py:151: DeprecationWarning: Passing transport options in the API method is deprecated. Use 'Elasticsearch.options()' instead.
  bulk(
/app/cargar_data_elastic.py:151: DeprecationWarning: Passing transport options in the API method is deprecated. Use 'Elasticsearch.options()' instead.
  bulk(
Exportación de MongoDB a Elasticsearch completada.
Exportación de CSV a Elasticsearch completada.
[2025-06-30 23:36:09] Pipeline completado correctamente
[2025-06-30 23:36:09] Ejecutando pipeline desde /home/camilo/udp/sist-distribuidos/sistemas_distribuidos/tarea_3
[2025-06-30 23:36:09] Ejecutando uploader
 Container elasticsearch  Running
 Container mongodb-general  Running
 Container waze-scrapper-general  Created
 Container m7-filtering-general  Created
 Container m8-processing-general  Created
 Container waze-scrapper-general  Starting
 Container waze-scrapper-general  Started
 Container waze-scrapper-general  Waiting
 Container waze-scrapper-general  Exited
 Container m7-filtering-general  Starting
 Container m7-filtering-general  Started
 Container m7-filtering-general  Waiting
 Container m7-filtering-general  Exited
 Container m8-processing-general  Starting
 Container m8-processing-general  Started
/app/cargar_data_elastic.py:46: DeprecationWarning: Passing transport options in the API method is deprecated. Use 'Elasticsearch.options()' instead.
  bulk(
/app/cargar_data_elastic.py:61: DeprecationWarning: Passing transport options in the API method is deprecated. Use 'Elasticsearch.options()' instead.
  bulk(
/app/cargar_data_elastic.py:151: DeprecationWarning: Passing transport options in the API method is deprecated. Use 'Elasticsearch.options()' instead.
  bulk(
/app/cargar_data_elastic.py:151: DeprecationWarning: Passing transport options in the API method is deprecated. Use 'Elasticsearch.options()' instead.
  bulk(
/app/cargar_data_elastic.py:151: DeprecationWarning: Passing transport options in the API method is deprecated. Use 'Elasticsearch.options()' instead.
  bulk(
/app/cargar_data_elastic.py:151: DeprecationWarning: Passing transport options in the API method is deprecated. Use 'Elasticsearch.options()' instead.
  bulk(
/app/cargar_data_elastic.py:151: DeprecationWarning: Passing transport options in the API method is deprecated. Use 'Elasticsearch.options()' instead.
  bulk(
/app/cargar_data_elastic.py:151: DeprecationWarning: Passing transport options in the API method is deprecated. Use 'Elasticsearch.options()' instead.
  bulk(
/app/cargar_data_elastic.py:151: DeprecationWarning: Passing transport options in the API method is deprecated. Use 'Elasticsearch.options()' instead.
  bulk(
/app/cargar_data_elastic.py:151: DeprecationWarning: Passing transport options in the API method is deprecated. Use 'Elasticsearch.options()' instead.
  bulk(
Exportación de MongoDB a Elasticsearch completada.
Exportación de CSV a Elasticsearch completada.
[2025-06-30 23:33:53] Pipeline completado correctamente
[2025-06-30 23:35:01] Ejecutando pipeline desde /home/camilo/udp/sist-distribuidos/sistemas_distribuidos/tarea_3
[2025-06-30 23:35:01] Ejecutando uploader
 Container elasticsearch  Running
 Container mongodb-general  Running
 Container waze-scrapper-general  Created
 Container m7-filtering-general  Created
 Container m8-processing-general  Created
 Container waze-scrapper-general  Starting
 Container waze-scrapper-general  Started
 Container waze-scrapper-general  Waiting
 Container waze-scrapper-general  Exited
 Container m7-filtering-general  Starting
 Container m7-filtering-general  Started
 Container m7-filtering-general  Waiting
 Container m7-filtering-general  Exited
 Container m8-processing-general  Starting
 Container m8-processing-general  Started
/app/cargar_data_elastic.py:46: DeprecationWarning: Passing transport options in the API method is deprecated. Use 'Elasticsearch.options()' instead.
  bulk(
/app/cargar_data_elastic.py:61: DeprecationWarning: Passing transport options in the API method is deprecated. Use 'Elasticsearch.options()' instead.
  bulk(
/app/cargar_data_elastic.py:151: DeprecationWarning: Passing transport options in the API method is deprecated. Use 'Elasticsearch.options()' instead.
  bulk(
/app/cargar_data_elastic.py:151: DeprecationWarning: Passing transport options in the API method is deprecated. Use 'Elasticsearch.options()' instead.
  bulk(
/app/cargar_data_elastic.py:151: DeprecationWarning: Passing transport options in the API method is deprecated. Use 'Elasticsearch.options()' instead.
  bulk(
/app/cargar_data_elastic.py:151: DeprecationWarning: Passing transport options in the API method is deprecated. Use 'Elasticsearch.options()' instead.
  bulk(
/app/cargar_data_elastic.py:151: DeprecationWarning: Passing transport options in the API method is deprecated. Use 'Elasticsearch.options()' instead.
  bulk(
/app/cargar_data_elastic.py:151: DeprecationWarning: Passing transport options in the API method is deprecated. Use 'Elasticsearch.options()' instead.
  bulk(
/app/cargar_data_elastic.py:151: DeprecationWarning: Passing transport options in the API method is deprecated. Use 'Elasticsearch.options()' instead.
  bulk(
/app/cargar_data_elastic.py:151: DeprecationWarning: Passing transport options in the API method is deprecated. Use 'Elasticsearch.options()' instead.
  bulk(
Exportación de MongoDB a Elasticsearch completada.
Exportación de CSV a Elasticsearch completada.
[2025-06-30 23:36:56] Pipeline completado correctamente
[2025-06-30 23:40:01] Ejecutando pipeline desde /home/camilo/udp/sist-distribuidos/sistemas_distribuidos/tarea_3
[2025-06-30 23:40:01] Ejecutando uploader
 Container elasticsearch  Running
 Container mongodb-general  Running
 Container waze-scrapper-general  Created
 Container m7-filtering-general  Created
 Container m8-processing-general  Created
 Container waze-scrapper-general  Starting
 Container waze-scrapper-general  Started
 Container waze-scrapper-general  Waiting
 Container waze-scrapper-general  Exited
 Container m7-filtering-general  Starting
 Container m7-filtering-general  Started
 Container m7-filtering-general  Waiting
 Container m7-filtering-general  Exited
 Container m8-processing-general  Starting
 Container m8-processing-general  Started
/app/cargar_data_elastic.py:46: DeprecationWarning: Passing transport options in the API method is deprecated. Use 'Elasticsearch.options()' instead.
  bulk(
/app/cargar_data_elastic.py:61: DeprecationWarning: Passing transport options in the API method is deprecated. Use 'Elasticsearch.options()' instead.
  bulk(
/app/cargar_data_elastic.py:151: DeprecationWarning: Passing transport options in the API method is deprecated. Use 'Elasticsearch.options()' instead.
  bulk(
/app/cargar_data_elastic.py:151: DeprecationWarning: Passing transport options in the API method is deprecated. Use 'Elasticsearch.options()' instead.
  bulk(
/app/cargar_data_elastic.py:151: DeprecationWarning: Passing transport options in the API method is deprecated. Use 'Elasticsearch.options()' instead.
  bulk(
/app/cargar_data_elastic.py:151: DeprecationWarning: Passing transport options in the API method is deprecated. Use 'Elasticsearch.options()' instead.
  bulk(
/app/cargar_data_elastic.py:151: DeprecationWarning: Passing transport options in the API method is deprecated. Use 'Elasticsearch.options()' instead.
  bulk(
/app/cargar_data_elastic.py:151: DeprecationWarning: Passing transport options in the API method is deprecated. Use 'Elasticsearch.options()' instead.
  bulk(
/app/cargar_data_elastic.py:151: DeprecationWarning: Passing transport options in the API method is deprecated. Use 'Elasticsearch.options()' instead.
  bulk(
/app/cargar_data_elastic.py:151: DeprecationWarning: Passing transport options in the API method is deprecated. Use 'Elasticsearch.options()' instead.
  bulk(
Exportación de MongoDB a Elasticsearch completada.
Exportación de CSV a Elasticsearch completada.
[2025-06-30 23:46:09] Pipeline completado correctamente
[2025-06-30 23:46:09] Ejecutando pipeline desde /home/camilo/udp/sist-distribuidos/sistemas_distribuidos/tarea_3
[2025-06-30 23:46:09] Ejecutando uploader
 Container elasticsearch  Running
 Container mongodb-general  Running
 Container waze-scrapper-general  Created
 Container m7-filtering-general  Created
 Container m8-processing-general  Created
 Container waze-scrapper-general  Starting
 Container waze-scrapper-general  Started
 Container waze-scrapper-general  Waiting
 Container waze-scrapper-general  Exited
 Container m7-filtering-general  Starting
 Container m7-filtering-general  Started
 Container m7-filtering-general  Waiting
 Container m7-filtering-general  Exited
 Container m8-processing-general  Starting
 Container m8-processing-general  Started
/app/cargar_data_elastic.py:46: DeprecationWarning: Passing transport options in the API method is deprecated. Use 'Elasticsearch.options()' instead.
  bulk(
/app/cargar_data_elastic.py:61: DeprecationWarning: Passing transport options in the API method is deprecated. Use 'Elasticsearch.options()' instead.
  bulk(
/app/cargar_data_elastic.py:151: DeprecationWarning: Passing transport options in the API method is deprecated. Use 'Elasticsearch.options()' instead.
  bulk(
/app/cargar_data_elastic.py:151: DeprecationWarning: Passing transport options in the API method is deprecated. Use 'Elasticsearch.options()' instead.
  bulk(
/app/cargar_data_elastic.py:151: DeprecationWarning: Passing transport options in the API method is deprecated. Use 'Elasticsearch.options()' instead.
  bulk(
/app/cargar_data_elastic.py:151: DeprecationWarning: Passing transport options in the API method is deprecated. Use 'Elasticsearch.options()' instead.
  bulk(
/app/cargar_data_elastic.py:151: DeprecationWarning: Passing transport options in the API method is deprecated. Use 'Elasticsearch.options()' instead.
  bulk(
/app/cargar_data_elastic.py:151: DeprecationWarning: Passing transport options in the API method is deprecated. Use 'Elasticsearch.options()' instead.
  bulk(
/app/cargar_data_elastic.py:151: DeprecationWarning: Passing transport options in the API method is deprecated. Use 'Elasticsearch.options()' instead.
  bulk(
/app/cargar_data_elastic.py:151: DeprecationWarning: Passing transport options in the API method is deprecated. Use 'Elasticsearch.options()' instead.
  bulk(
Exportación de MongoDB a Elasticsearch completada.
Exportación de CSV a Elasticsearch completada.
[2025-06-30 23:43:52] Pipeline completado correctamente
[2025-06-30 23:45:01] Ejecutando pipeline desde /home/camilo/udp/sist-distribuidos/sistemas_distribuidos/tarea_3
[2025-06-30 23:45:01] Ejecutando uploader
 Container elasticsearch  Running
 Container mongodb-general  Running
 Container waze-scrapper-general  Created
 Container m7-filtering-general  Created
 Container m8-processing-general  Created
 Container waze-scrapper-general  Starting
 Container waze-scrapper-general  Started
 Container waze-scrapper-general  Waiting
 Container waze-scrapper-general  Exited
 Container m7-filtering-general  Starting
 Container m7-filtering-general  Started
 Container m7-filtering-general  Waiting
 Container m7-filtering-general  Exited
 Container m8-processing-general  Starting
 Container m8-processing-general  Started
/app/cargar_data_elastic.py:46: DeprecationWarning: Passing transport options in the API method is deprecated. Use 'Elasticsearch.options()' instead.
  bulk(
/app/cargar_data_elastic.py:61: DeprecationWarning: Passing transport options in the API method is deprecated. Use 'Elasticsearch.options()' instead.
  bulk(
/app/cargar_data_elastic.py:151: DeprecationWarning: Passing transport options in the API method is deprecated. Use 'Elasticsearch.options()' instead.
  bulk(
/app/cargar_data_elastic.py:151: DeprecationWarning: Passing transport options in the API method is deprecated. Use 'Elasticsearch.options()' instead.
  bulk(
/app/cargar_data_elastic.py:151: DeprecationWarning: Passing transport options in the API method is deprecated. Use 'Elasticsearch.options()' instead.
  bulk(
/app/cargar_data_elastic.py:151: DeprecationWarning: Passing transport options in the API method is deprecated. Use 'Elasticsearch.options()' instead.
  bulk(
/app/cargar_data_elastic.py:151: DeprecationWarning: Passing transport options in the API method is deprecated. Use 'Elasticsearch.options()' instead.
  bulk(
/app/cargar_data_elastic.py:151: DeprecationWarning: Passing transport options in the API method is deprecated. Use 'Elasticsearch.options()' instead.
  bulk(
/app/cargar_data_elastic.py:151: DeprecationWarning: Passing transport options in the API method is deprecated. Use 'Elasticsearch.options()' instead.
  bulk(
/app/cargar_data_elastic.py:151: DeprecationWarning: Passing transport options in the API method is deprecated. Use 'Elasticsearch.options()' instead.
  bulk(
Exportación de MongoDB a Elasticsearch completada.
Exportación de CSV a Elasticsearch completada.
[2025-06-30 23:46:59] Pipeline completado correctamente
[2025-06-30 23:50:01] Ejecutando pipeline desde /home/camilo/udp/sist-distribuidos/sistemas_distribuidos/tarea_3
[2025-06-30 23:50:01] Ejecutando uploader
 Container mongodb-general  Running
 Container elasticsearch  Running
 Container waze-scrapper-general  Created
 Container m7-filtering-general  Created
 Container m8-processing-general  Created
 Container waze-scrapper-general  Starting
 Container waze-scrapper-general  Started
 Container waze-scrapper-general  Waiting
 Container waze-scrapper-general  Exited
 Container m7-filtering-general  Starting
 Container m7-filtering-general  Started
 Container m7-filtering-general  Waiting
 Container m7-filtering-general  Exited
 Container m8-processing-general  Starting
 Container m8-processing-general  Started
/app/cargar_data_elastic.py:46: DeprecationWarning: Passing transport options in the API method is deprecated. Use 'Elasticsearch.options()' instead.
  bulk(
/app/cargar_data_elastic.py:61: DeprecationWarning: Passing transport options in the API method is deprecated. Use 'Elasticsearch.options()' instead.
  bulk(
/app/cargar_data_elastic.py:151: DeprecationWarning: Passing transport options in the API method is deprecated. Use 'Elasticsearch.options()' instead.
  bulk(
/app/cargar_data_elastic.py:151: DeprecationWarning: Passing transport options in the API method is deprecated. Use 'Elasticsearch.options()' instead.
  bulk(
/app/cargar_data_elastic.py:151: DeprecationWarning: Passing transport options in the API method is deprecated. Use 'Elasticsearch.options()' instead.
  bulk(
/app/cargar_data_elastic.py:151: DeprecationWarning: Passing transport options in the API method is deprecated. Use 'Elasticsearch.options()' instead.
  bulk(
/app/cargar_data_elastic.py:151: DeprecationWarning: Passing transport options in the API method is deprecated. Use 'Elasticsearch.options()' instead.
  bulk(
/app/cargar_data_elastic.py:151: DeprecationWarning: Passing transport options in the API method is deprecated. Use 'Elasticsearch.options()' instead.
  bulk(
/app/cargar_data_elastic.py:151: DeprecationWarning: Passing transport options in the API method is deprecated. Use 'Elasticsearch.options()' instead.
  bulk(
/app/cargar_data_elastic.py:151: DeprecationWarning: Passing transport options in the API method is deprecated. Use 'Elasticsearch.options()' instead.
  bulk(
Exportación de MongoDB a Elasticsearch completada.
Exportación de CSV a Elasticsearch completada.
[2025-06-30 23:51:57] Pipeline completado correctamente
[2025-06-30 23:55:01] Ejecutando pipeline desde /home/camilo/udp/sist-distribuidos/sistemas_distribuidos/tarea_3
[2025-06-30 23:55:01] Ejecutando uploader
 Container elasticsearch  Running
 Container mongodb-general  Running
 Container waze-scrapper-general  Created
 Container m7-filtering-general  Created
 Container m8-processing-general  Created
 Container waze-scrapper-general  Starting
 Container waze-scrapper-general  Started
 Container waze-scrapper-general  Waiting
 Container waze-scrapper-general  Exited
 Container m7-filtering-general  Starting
 Container m7-filtering-general  Started
 Container m7-filtering-general  Waiting
 Container m7-filtering-general  Exited
 Container m8-processing-general  Starting
 Container m8-processing-general  Started
/app/cargar_data_elastic.py:46: DeprecationWarning: Passing transport options in the API method is deprecated. Use 'Elasticsearch.options()' instead.
  bulk(
/app/cargar_data_elastic.py:61: DeprecationWarning: Passing transport options in the API method is deprecated. Use 'Elasticsearch.options()' instead.
  bulk(
/app/cargar_data_elastic.py:151: DeprecationWarning: Passing transport options in the API method is deprecated. Use 'Elasticsearch.options()' instead.
  bulk(
/app/cargar_data_elastic.py:151: DeprecationWarning: Passing transport options in the API method is deprecated. Use 'Elasticsearch.options()' instead.
  bulk(
/app/cargar_data_elastic.py:151: DeprecationWarning: Passing transport options in the API method is deprecated. Use 'Elasticsearch.options()' instead.
  bulk(
/app/cargar_data_elastic.py:151: DeprecationWarning: Passing transport options in the API method is deprecated. Use 'Elasticsearch.options()' instead.
  bulk(
/app/cargar_data_elastic.py:151: DeprecationWarning: Passing transport options in the API method is deprecated. Use 'Elasticsearch.options()' instead.
  bulk(
/app/cargar_data_elastic.py:151: DeprecationWarning: Passing transport options in the API method is deprecated. Use 'Elasticsearch.options()' instead.
  bulk(
/app/cargar_data_elastic.py:151: DeprecationWarning: Passing transport options in the API method is deprecated. Use 'Elasticsearch.options()' instead.
  bulk(
/app/cargar_data_elastic.py:151: DeprecationWarning: Passing transport options in the API method is deprecated. Use 'Elasticsearch.options()' instead.
  bulk(
Exportación de MongoDB a Elasticsearch completada.
Exportación de CSV a Elasticsearch completada.
[2025-06-30 23:56:58] Pipeline completado correctamente
[2025-07-01 00:00:01] Ejecutando pipeline desde /home/camilo/udp/sist-distribuidos/sistemas_distribuidos/tarea_3
[2025-07-01 00:00:01] Ejecutando uploader
 Container mongodb-general  Running
 Container elasticsearch  Running
 Container waze-scrapper-general  Created
 Container m7-filtering-general  Created
 Container m8-processing-general  Created
 Container waze-scrapper-general  Starting
 Container waze-scrapper-general  Started
 Container waze-scrapper-general  Waiting
 Container waze-scrapper-general  Exited
 Container m7-filtering-general  Starting
 Container m7-filtering-general  Started
 Container m7-filtering-general  Waiting
 Container m7-filtering-general  Exited
 Container m8-processing-general  Starting
 Container m8-processing-general  Started
/app/cargar_data_elastic.py:46: DeprecationWarning: Passing transport options in the API method is deprecated. Use 'Elasticsearch.options()' instead.
  bulk(
/app/cargar_data_elastic.py:61: DeprecationWarning: Passing transport options in the API method is deprecated. Use 'Elasticsearch.options()' instead.
  bulk(
/app/cargar_data_elastic.py:151: DeprecationWarning: Passing transport options in the API method is deprecated. Use 'Elasticsearch.options()' instead.
  bulk(
/app/cargar_data_elastic.py:151: DeprecationWarning: Passing transport options in the API method is deprecated. Use 'Elasticsearch.options()' instead.
  bulk(
/app/cargar_data_elastic.py:151: DeprecationWarning: Passing transport options in the API method is deprecated. Use 'Elasticsearch.options()' instead.
  bulk(
/app/cargar_data_elastic.py:151: DeprecationWarning: Passing transport options in the API method is deprecated. Use 'Elasticsearch.options()' instead.
  bulk(
/app/cargar_data_elastic.py:151: DeprecationWarning: Passing transport options in the API method is deprecated. Use 'Elasticsearch.options()' instead.
  bulk(
/app/cargar_data_elastic.py:151: DeprecationWarning: Passing transport options in the API method is deprecated. Use 'Elasticsearch.options()' instead.
  bulk(
/app/cargar_data_elastic.py:151: DeprecationWarning: Passing transport options in the API method is deprecated. Use 'Elasticsearch.options()' instead.
  bulk(
/app/cargar_data_elastic.py:151: DeprecationWarning: Passing transport options in the API method is deprecated. Use 'Elasticsearch.options()' instead.
  bulk(
Exportación de MongoDB a Elasticsearch completada.
Exportación de CSV a Elasticsearch completada.
[2025-07-01 00:01:55] Pipeline completado correctamente
[2025-07-01 00:05:01] Ejecutando pipeline desde /home/camilo/udp/sist-distribuidos/sistemas_distribuidos/tarea_3
[2025-07-01 00:05:01] Ejecutando uploader
 Container elasticsearch  Running
 Container mongodb-general  Running
 Container waze-scrapper-general  Created
 Container m7-filtering-general  Created
 Container m8-processing-general  Created
 Container waze-scrapper-general  Starting
 Container waze-scrapper-general  Started
 Container waze-scrapper-general  Waiting
 Container waze-scrapper-general  Exited
 Container m7-filtering-general  Starting
 Container m7-filtering-general  Started
 Container m7-filtering-general  Waiting
 Container m7-filtering-general  Exited
 Container m8-processing-general  Starting
 Container m8-processing-general  Started
/app/cargar_data_elastic.py:46: DeprecationWarning: Passing transport options in the API method is deprecated. Use 'Elasticsearch.options()' instead.
  bulk(
/app/cargar_data_elastic.py:61: DeprecationWarning: Passing transport options in the API method is deprecated. Use 'Elasticsearch.options()' instead.
  bulk(
/app/cargar_data_elastic.py:151: DeprecationWarning: Passing transport options in the API method is deprecated. Use 'Elasticsearch.options()' instead.
  bulk(
/app/cargar_data_elastic.py:151: DeprecationWarning: Passing transport options in the API method is deprecated. Use 'Elasticsearch.options()' instead.
  bulk(
/app/cargar_data_elastic.py:151: DeprecationWarning: Passing transport options in the API method is deprecated. Use 'Elasticsearch.options()' instead.
  bulk(
/app/cargar_data_elastic.py:151: DeprecationWarning: Passing transport options in the API method is deprecated. Use 'Elasticsearch.options()' instead.
  bulk(
/app/cargar_data_elastic.py:151: DeprecationWarning: Passing transport options in the API method is deprecated. Use 'Elasticsearch.options()' instead.
  bulk(
/app/cargar_data_elastic.py:151: DeprecationWarning: Passing transport options in the API method is deprecated. Use 'Elasticsearch.options()' instead.
  bulk(
/app/cargar_data_elastic.py:151: DeprecationWarning: Passing transport options in the API method is deprecated. Use 'Elasticsearch.options()' instead.
  bulk(
/app/cargar_data_elastic.py:151: DeprecationWarning: Passing transport options in the API method is deprecated. Use 'Elasticsearch.options()' instead.
  bulk(
Exportación de MongoDB a Elasticsearch completada.
Exportación de CSV a Elasticsearch completada.
[2025-07-01 00:06:57] Pipeline completado correctamente
[2025-07-01 00:12:13] Ejecutando pipeline desde /home/camilo/udp/sist-distribuidos/sistemas_distribuidos/tarea_3
[2025-07-01 00:12:13] Ejecutando uploader
 Container elasticsearch  Running
 Container mongodb-general  Running
 Container waze-scrapper-general  Created
 Container m7-filtering-general  Created
 Container m8-processing-general  Created
 Container waze-scrapper-general  Starting
 Container waze-scrapper-general  Started
 Container waze-scrapper-general  Waiting
 Container waze-scrapper-general  Exited
 Container m7-filtering-general  Starting
 Container m7-filtering-general  Started
 Container m7-filtering-general  Waiting
 Container m7-filtering-general  Exited
 Container m8-processing-general  Starting
 Container m8-processing-general  Started
/app/cargar_data_elastic.py:46: DeprecationWarning: Passing transport options in the API method is deprecated. Use 'Elasticsearch.options()' instead.
  bulk(
/app/cargar_data_elastic.py:61: DeprecationWarning: Passing transport options in the API method is deprecated. Use 'Elasticsearch.options()' instead.
  bulk(
/app/cargar_data_elastic.py:151: DeprecationWarning: Passing transport options in the API method is deprecated. Use 'Elasticsearch.options()' instead.
  bulk(
/app/cargar_data_elastic.py:151: DeprecationWarning: Passing transport options in the API method is deprecated. Use 'Elasticsearch.options()' instead.
  bulk(
/app/cargar_data_elastic.py:151: DeprecationWarning: Passing transport options in the API method is deprecated. Use 'Elasticsearch.options()' instead.
  bulk(
/app/cargar_data_elastic.py:151: DeprecationWarning: Passing transport options in the API method is deprecated. Use 'Elasticsearch.options()' instead.
  bulk(
/app/cargar_data_elastic.py:151: DeprecationWarning: Passing transport options in the API method is deprecated. Use 'Elasticsearch.options()' instead.
  bulk(
/app/cargar_data_elastic.py:151: DeprecationWarning: Passing transport options in the API method is deprecated. Use 'Elasticsearch.options()' instead.
  bulk(
/app/cargar_data_elastic.py:151: DeprecationWarning: Passing transport options in the API method is deprecated. Use 'Elasticsearch.options()' instead.
  bulk(
/app/cargar_data_elastic.py:151: DeprecationWarning: Passing transport options in the API method is deprecated. Use 'Elasticsearch.options()' instead.
  bulk(
Exportación de MongoDB a Elasticsearch completada.
Exportación de CSV a Elasticsearch completada.
[2025-07-01 00:09:54] Pipeline completado correctamente
[2025-07-01 00:10:01] Ejecutando pipeline desde /home/camilo/udp/sist-distribuidos/sistemas_distribuidos/tarea_3
[2025-07-01 00:10:01] Ejecutando uploader
 Container mongodb-general  Running
 Container elasticsearch  Running
 Container waze-scrapper-general  Created
 Container m7-filtering-general  Created
 Container m8-processing-general  Created
 Container waze-scrapper-general  Starting
 Container waze-scrapper-general  Started
 Container waze-scrapper-general  Waiting
 Container waze-scrapper-general  Exited
 Container m7-filtering-general  Starting
 Container m7-filtering-general  Started
 Container m7-filtering-general  Waiting
 Container m7-filtering-general  Exited
 Container m8-processing-general  Starting
 Container m8-processing-general  Started
/app/cargar_data_elastic.py:46: DeprecationWarning: Passing transport options in the API method is deprecated. Use 'Elasticsearch.options()' instead.
  bulk(
/app/cargar_data_elastic.py:61: DeprecationWarning: Passing transport options in the API method is deprecated. Use 'Elasticsearch.options()' instead.
  bulk(
/app/cargar_data_elastic.py:151: DeprecationWarning: Passing transport options in the API method is deprecated. Use 'Elasticsearch.options()' instead.
  bulk(
/app/cargar_data_elastic.py:151: DeprecationWarning: Passing transport options in the API method is deprecated. Use 'Elasticsearch.options()' instead.
  bulk(
/app/cargar_data_elastic.py:151: DeprecationWarning: Passing transport options in the API method is deprecated. Use 'Elasticsearch.options()' instead.
  bulk(
/app/cargar_data_elastic.py:151: DeprecationWarning: Passing transport options in the API method is deprecated. Use 'Elasticsearch.options()' instead.
  bulk(
/app/cargar_data_elastic.py:151: DeprecationWarning: Passing transport options in the API method is deprecated. Use 'Elasticsearch.options()' instead.
  bulk(
/app/cargar_data_elastic.py:151: DeprecationWarning: Passing transport options in the API method is deprecated. Use 'Elasticsearch.options()' instead.
  bulk(
/app/cargar_data_elastic.py:151: DeprecationWarning: Passing transport options in the API method is deprecated. Use 'Elasticsearch.options()' instead.
  bulk(
/app/cargar_data_elastic.py:151: DeprecationWarning: Passing transport options in the API method is deprecated. Use 'Elasticsearch.options()' instead.
  bulk(
Exportación de MongoDB a Elasticsearch completada.
Exportación de CSV a Elasticsearch completada.
[2025-07-01 00:11:54] Pipeline completado correctamente
[2025-07-01 00:15:01] Ejecutando pipeline desde /home/camilo/udp/sist-distribuidos/sistemas_distribuidos/tarea_3
[2025-07-01 00:15:01] Ejecutando uploader
 Container mongodb-general  Running
 Container waze-scrapper-general  Created
 Container m7-filtering-general  Created
 Container elasticsearch  Running
 Container m8-processing-general  Created
 Container waze-scrapper-general  Starting
 Container waze-scrapper-general  Started
 Container waze-scrapper-general  Waiting
 Container waze-scrapper-general  Exited
 Container m7-filtering-general  Starting
 Container m7-filtering-general  Started
 Container m7-filtering-general  Waiting
 Container m7-filtering-general  Exited
 Container m8-processing-general  Starting
 Container m8-processing-general  Started
/app/cargar_data_elastic.py:46: DeprecationWarning: Passing transport options in the API method is deprecated. Use 'Elasticsearch.options()' instead.
  bulk(
/app/cargar_data_elastic.py:61: DeprecationWarning: Passing transport options in the API method is deprecated. Use 'Elasticsearch.options()' instead.
  bulk(
/app/cargar_data_elastic.py:151: DeprecationWarning: Passing transport options in the API method is deprecated. Use 'Elasticsearch.options()' instead.
  bulk(
/app/cargar_data_elastic.py:151: DeprecationWarning: Passing transport options in the API method is deprecated. Use 'Elasticsearch.options()' instead.
  bulk(
/app/cargar_data_elastic.py:151: DeprecationWarning: Passing transport options in the API method is deprecated. Use 'Elasticsearch.options()' instead.
  bulk(
/app/cargar_data_elastic.py:151: DeprecationWarning: Passing transport options in the API method is deprecated. Use 'Elasticsearch.options()' instead.
  bulk(
/app/cargar_data_elastic.py:151: DeprecationWarning: Passing transport options in the API method is deprecated. Use 'Elasticsearch.options()' instead.
  bulk(
/app/cargar_data_elastic.py:151: DeprecationWarning: Passing transport options in the API method is deprecated. Use 'Elasticsearch.options()' instead.
  bulk(
/app/cargar_data_elastic.py:151: DeprecationWarning: Passing transport options in the API method is deprecated. Use 'Elasticsearch.options()' instead.
  bulk(
/app/cargar_data_elastic.py:151: DeprecationWarning: Passing transport options in the API method is deprecated. Use 'Elasticsearch.options()' instead.
  bulk(
Exportación de MongoDB a Elasticsearch completada.
Exportación de CSV a Elasticsearch completada.
[2025-07-01 00:16:55] Pipeline completado correctamente
[2025-07-01 00:21:13] Ejecutando pipeline desde /home/camilo/udp/sist-distribuidos/sistemas_distribuidos/tarea_3
[2025-07-01 00:21:13] Ejecutando uploader
 Container mongodb-general  Running
 Container elasticsearch  Running
 Container waze-scrapper-general  Created
 Container m7-filtering-general  Created
 Container m8-processing-general  Created
 Container waze-scrapper-general  Starting
 Container waze-scrapper-general  Started
 Container waze-scrapper-general  Waiting
 Container waze-scrapper-general  Exited
 Container m7-filtering-general  Starting
 Container m7-filtering-general  Started
 Container m7-filtering-general  Waiting
 Container m7-filtering-general  Exited
 Container m8-processing-general  Starting
 Container m8-processing-general  Started
/app/cargar_data_elastic.py:46: DeprecationWarning: Passing transport options in the API method is deprecated. Use 'Elasticsearch.options()' instead.
  bulk(
/app/cargar_data_elastic.py:61: DeprecationWarning: Passing transport options in the API method is deprecated. Use 'Elasticsearch.options()' instead.
  bulk(
/app/cargar_data_elastic.py:151: DeprecationWarning: Passing transport options in the API method is deprecated. Use 'Elasticsearch.options()' instead.
  bulk(
/app/cargar_data_elastic.py:151: DeprecationWarning: Passing transport options in the API method is deprecated. Use 'Elasticsearch.options()' instead.
  bulk(
/app/cargar_data_elastic.py:151: DeprecationWarning: Passing transport options in the API method is deprecated. Use 'Elasticsearch.options()' instead.
  bulk(
/app/cargar_data_elastic.py:151: DeprecationWarning: Passing transport options in the API method is deprecated. Use 'Elasticsearch.options()' instead.
  bulk(
/app/cargar_data_elastic.py:151: DeprecationWarning: Passing transport options in the API method is deprecated. Use 'Elasticsearch.options()' instead.
  bulk(
/app/cargar_data_elastic.py:151: DeprecationWarning: Passing transport options in the API method is deprecated. Use 'Elasticsearch.options()' instead.
  bulk(
/app/cargar_data_elastic.py:151: DeprecationWarning: Passing transport options in the API method is deprecated. Use 'Elasticsearch.options()' instead.
  bulk(
/app/cargar_data_elastic.py:151: DeprecationWarning: Passing transport options in the API method is deprecated. Use 'Elasticsearch.options()' instead.
  bulk(
Exportación de MongoDB a Elasticsearch completada.
Exportación de CSV a Elasticsearch completada.
[2025-07-01 00:18:52] Pipeline completado correctamente
[2025-07-01 00:20:49] Ejecutando pipeline desde /home/camilo/udp/sist-distribuidos/sistemas_distribuidos/tarea_3
[2025-07-01 00:20:49] Ejecutando uploader
 Container elasticsearch  Running
 Container mongodb-general  Running
 Container waze-scrapper-general  Created
 Container m7-filtering-general  Created
 Container m8-processing-general  Created
 Container waze-scrapper-general  Starting
 Container waze-scrapper-general  Started
 Container waze-scrapper-general  Waiting
 Container waze-scrapper-general  Exited
 Container m7-filtering-general  Starting
 Container m7-filtering-general  Started
 Container m7-filtering-general  Waiting
 Container m7-filtering-general  Exited
 Container m8-processing-general  Starting
 Container m8-processing-general  Started
/app/cargar_data_elastic.py:46: DeprecationWarning: Passing transport options in the API method is deprecated. Use 'Elasticsearch.options()' instead.
  bulk(
/app/cargar_data_elastic.py:61: DeprecationWarning: Passing transport options in the API method is deprecated. Use 'Elasticsearch.options()' instead.
  bulk(
/app/cargar_data_elastic.py:151: DeprecationWarning: Passing transport options in the API method is deprecated. Use 'Elasticsearch.options()' instead.
  bulk(
/app/cargar_data_elastic.py:151: DeprecationWarning: Passing transport options in the API method is deprecated. Use 'Elasticsearch.options()' instead.
  bulk(
/app/cargar_data_elastic.py:151: DeprecationWarning: Passing transport options in the API method is deprecated. Use 'Elasticsearch.options()' instead.
  bulk(
/app/cargar_data_elastic.py:151: DeprecationWarning: Passing transport options in the API method is deprecated. Use 'Elasticsearch.options()' instead.
  bulk(
/app/cargar_data_elastic.py:151: DeprecationWarning: Passing transport options in the API method is deprecated. Use 'Elasticsearch.options()' instead.
  bulk(
/app/cargar_data_elastic.py:151: DeprecationWarning: Passing transport options in the API method is deprecated. Use 'Elasticsearch.options()' instead.
  bulk(
/app/cargar_data_elastic.py:151: DeprecationWarning: Passing transport options in the API method is deprecated. Use 'Elasticsearch.options()' instead.
  bulk(
/app/cargar_data_elastic.py:151: DeprecationWarning: Passing transport options in the API method is deprecated. Use 'Elasticsearch.options()' instead.
  bulk(
Exportación de MongoDB a Elasticsearch completada.
Exportación de CSV a Elasticsearch completada.
[2025-07-01 00:22:42] Pipeline completado correctamente
[2025-07-01 00:25:01] Ejecutando pipeline desde /home/camilo/udp/sist-distribuidos/sistemas_distribuidos/tarea_3
[2025-07-01 00:25:01] Ejecutando uploader
 Container elasticsearch  Running
 Container mongodb-general  Running
 Container waze-scrapper-general  Created
 Container m7-filtering-general  Created
 Container m8-processing-general  Created
 Container waze-scrapper-general  Starting
 Container waze-scrapper-general  Started
 Container waze-scrapper-general  Waiting
 Container waze-scrapper-general  Exited
 Container m7-filtering-general  Starting
 Container m7-filtering-general  Started
 Container m7-filtering-general  Waiting
 Container m7-filtering-general  Exited
 Container m8-processing-general  Starting
 Container m8-processing-general  Started
/app/cargar_data_elastic.py:46: DeprecationWarning: Passing transport options in the API method is deprecated. Use 'Elasticsearch.options()' instead.
  bulk(
/app/cargar_data_elastic.py:61: DeprecationWarning: Passing transport options in the API method is deprecated. Use 'Elasticsearch.options()' instead.
  bulk(
/app/cargar_data_elastic.py:151: DeprecationWarning: Passing transport options in the API method is deprecated. Use 'Elasticsearch.options()' instead.
  bulk(
/app/cargar_data_elastic.py:151: DeprecationWarning: Passing transport options in the API method is deprecated. Use 'Elasticsearch.options()' instead.
  bulk(
/app/cargar_data_elastic.py:151: DeprecationWarning: Passing transport options in the API method is deprecated. Use 'Elasticsearch.options()' instead.
  bulk(
/app/cargar_data_elastic.py:151: DeprecationWarning: Passing transport options in the API method is deprecated. Use 'Elasticsearch.options()' instead.
  bulk(
/app/cargar_data_elastic.py:151: DeprecationWarning: Passing transport options in the API method is deprecated. Use 'Elasticsearch.options()' instead.
  bulk(
/app/cargar_data_elastic.py:151: DeprecationWarning: Passing transport options in the API method is deprecated. Use 'Elasticsearch.options()' instead.
  bulk(
/app/cargar_data_elastic.py:151: DeprecationWarning: Passing transport options in the API method is deprecated. Use 'Elasticsearch.options()' instead.
  bulk(
/app/cargar_data_elastic.py:151: DeprecationWarning: Passing transport options in the API method is deprecated. Use 'Elasticsearch.options()' instead.
  bulk(
Exportación de MongoDB a Elasticsearch completada.
Exportación de CSV a Elasticsearch completada.
[2025-07-01 00:26:52] Pipeline completado correctamente
[2025-07-01 00:30:01] Ejecutando pipeline desde /home/camilo/udp/sist-distribuidos/sistemas_distribuidos/tarea_3
[2025-07-01 00:30:01] Ejecutando uploader
 Container elasticsearch  Running
 Container mongodb-general  Running
 Container waze-scrapper-general  Created
 Container m7-filtering-general  Created
 Container m8-processing-general  Created
 Container waze-scrapper-general  Starting
 Container waze-scrapper-general  Started
 Container waze-scrapper-general  Waiting
 Container waze-scrapper-general  Exited
 Container m7-filtering-general  Starting
 Container m7-filtering-general  Started
 Container m7-filtering-general  Waiting
 Container m7-filtering-general  Exited
 Container m8-processing-general  Starting
 Container m8-processing-general  Started
/app/cargar_data_elastic.py:46: DeprecationWarning: Passing transport options in the API method is deprecated. Use 'Elasticsearch.options()' instead.
  bulk(
/app/cargar_data_elastic.py:61: DeprecationWarning: Passing transport options in the API method is deprecated. Use 'Elasticsearch.options()' instead.
  bulk(
/app/cargar_data_elastic.py:151: DeprecationWarning: Passing transport options in the API method is deprecated. Use 'Elasticsearch.options()' instead.
  bulk(
/app/cargar_data_elastic.py:151: DeprecationWarning: Passing transport options in the API method is deprecated. Use 'Elasticsearch.options()' instead.
  bulk(
/app/cargar_data_elastic.py:151: DeprecationWarning: Passing transport options in the API method is deprecated. Use 'Elasticsearch.options()' instead.
  bulk(
/app/cargar_data_elastic.py:151: DeprecationWarning: Passing transport options in the API method is deprecated. Use 'Elasticsearch.options()' instead.
  bulk(
/app/cargar_data_elastic.py:151: DeprecationWarning: Passing transport options in the API method is deprecated. Use 'Elasticsearch.options()' instead.
  bulk(
/app/cargar_data_elastic.py:151: DeprecationWarning: Passing transport options in the API method is deprecated. Use 'Elasticsearch.options()' instead.
  bulk(
/app/cargar_data_elastic.py:151: DeprecationWarning: Passing transport options in the API method is deprecated. Use 'Elasticsearch.options()' instead.
  bulk(
/app/cargar_data_elastic.py:151: DeprecationWarning: Passing transport options in the API method is deprecated. Use 'Elasticsearch.options()' instead.
  bulk(
Exportación de MongoDB a Elasticsearch completada.
Exportación de CSV a Elasticsearch completada.
[2025-07-01 00:31:54] Pipeline completado correctamente
[2025-07-01 00:35:01] Ejecutando pipeline desde /home/camilo/udp/sist-distribuidos/sistemas_distribuidos/tarea_3
[2025-07-01 00:35:01] Ejecutando uploader
 Container elasticsearch  Running
 Container mongodb-general  Running
 Container waze-scrapper-general  Created
 Container m7-filtering-general  Created
 Container m8-processing-general  Created
 Container waze-scrapper-general  Starting
 Container waze-scrapper-general  Started
 Container waze-scrapper-general  Waiting
 Container waze-scrapper-general  Exited
 Container m7-filtering-general  Starting
 Container m7-filtering-general  Started
 Container m7-filtering-general  Waiting
 Container m7-filtering-general  Exited
 Container m8-processing-general  Starting
 Container m8-processing-general  Started
/app/cargar_data_elastic.py:46: DeprecationWarning: Passing transport options in the API method is deprecated. Use 'Elasticsearch.options()' instead.
  bulk(
/app/cargar_data_elastic.py:61: DeprecationWarning: Passing transport options in the API method is deprecated. Use 'Elasticsearch.options()' instead.
  bulk(
/app/cargar_data_elastic.py:151: DeprecationWarning: Passing transport options in the API method is deprecated. Use 'Elasticsearch.options()' instead.
  bulk(
/app/cargar_data_elastic.py:151: DeprecationWarning: Passing transport options in the API method is deprecated. Use 'Elasticsearch.options()' instead.
  bulk(
/app/cargar_data_elastic.py:151: DeprecationWarning: Passing transport options in the API method is deprecated. Use 'Elasticsearch.options()' instead.
  bulk(
/app/cargar_data_elastic.py:151: DeprecationWarning: Passing transport options in the API method is deprecated. Use 'Elasticsearch.options()' instead.
  bulk(
/app/cargar_data_elastic.py:151: DeprecationWarning: Passing transport options in the API method is deprecated. Use 'Elasticsearch.options()' instead.
  bulk(
/app/cargar_data_elastic.py:151: DeprecationWarning: Passing transport options in the API method is deprecated. Use 'Elasticsearch.options()' instead.
  bulk(
/app/cargar_data_elastic.py:151: DeprecationWarning: Passing transport options in the API method is deprecated. Use 'Elasticsearch.options()' instead.
  bulk(
/app/cargar_data_elastic.py:151: DeprecationWarning: Passing transport options in the API method is deprecated. Use 'Elasticsearch.options()' instead.
  bulk(
Exportación de MongoDB a Elasticsearch completada.
Exportación de CSV a Elasticsearch completada.
[2025-07-01 00:36:55] Pipeline completado correctamente
[2025-07-01 00:40:01] Ejecutando pipeline desde /home/camilo/udp/sist-distribuidos/sistemas_distribuidos/tarea_3
[2025-07-01 00:40:01] Ejecutando uploader
 Container mongodb-general  Running
 Container elasticsearch  Running
 Container waze-scrapper-general  Created
 Container m7-filtering-general  Created
 Container m8-processing-general  Created
 Container waze-scrapper-general  Starting
 Container waze-scrapper-general  Started
 Container waze-scrapper-general  Waiting
request returned Bad Gateway for API route and version http://%2Fvar%2Frun%2Fdocker.sock/v1.47/containers/b49aad259810f0c23889e809a7c1af7862a7e8042c73ad10c5f1ada48896b0d4/json, check if the server supports the requested API version
[2025-07-01 00:45:01] Ejecutando pipeline desde /home/camilo/udp/sist-distribuidos/sistemas_distribuidos/tarea_3
[2025-07-01 00:45:01] Ejecutando uploader
/home/camilo/udp/sist-distribuidos/sistemas_distribuidos/tarea_3/cron/cron_jobs.sh: line 14: docker: command not found
[2025-07-01 00:50:01] Ejecutando pipeline desde /home/camilo/udp/sist-distribuidos/sistemas_distribuidos/tarea_3
[2025-07-01 00:50:01] Ejecutando uploader
/home/camilo/udp/sist-distribuidos/sistemas_distribuidos/tarea_3/cron/cron_jobs.sh: line 14: docker: command not found
[2025-07-01 00:55:01] Ejecutando pipeline desde /home/camilo/udp/sist-distribuidos/sistemas_distribuidos/tarea_3
[2025-07-01 00:55:01] Ejecutando uploader
/home/camilo/udp/sist-distribuidos/sistemas_distribuidos/tarea_3/cron/cron_jobs.sh: line 14: docker: command not found
[2025-07-01 01:00:01] Ejecutando pipeline desde /home/camilo/udp/sist-distribuidos/sistemas_distribuidos/tarea_3
[2025-07-01 01:00:01] Ejecutando uploader
/home/camilo/udp/sist-distribuidos/sistemas_distribuidos/tarea_3/cron/cron_jobs.sh: line 14: docker: command not found
[2025-07-01 01:05:01] Ejecutando pipeline desde /home/camilo/udp/sist-distribuidos/sistemas_distribuidos/tarea_3
[2025-07-01 01:05:01] Ejecutando uploader
/home/camilo/udp/sist-distribuidos/sistemas_distribuidos/tarea_3/cron/cron_jobs.sh: line 14: docker: command not found
[2025-07-01 01:10:01] Ejecutando pipeline desde /home/camilo/udp/sist-distribuidos/sistemas_distribuidos/tarea_3
[2025-07-01 01:10:01] Ejecutando uploader
/home/camilo/udp/sist-distribuidos/sistemas_distribuidos/tarea_3/cron/cron_jobs.sh: line 14: docker: command not found
[2025-07-01 01:15:01] Ejecutando pipeline desde /home/camilo/udp/sist-distribuidos/sistemas_distribuidos/tarea_3
[2025-07-01 01:15:01] Ejecutando uploader
/home/camilo/udp/sist-distribuidos/sistemas_distribuidos/tarea_3/cron/cron_jobs.sh: line 14: docker: command not found
[2025-07-01 01:20:01] Ejecutando pipeline desde /home/camilo/udp/sist-distribuidos/sistemas_distribuidos/tarea_3
[2025-07-01 01:20:01] Ejecutando uploader
/home/camilo/udp/sist-distribuidos/sistemas_distribuidos/tarea_3/cron/cron_jobs.sh: line 14: docker: command not found
[2025-07-01 01:25:01] Ejecutando pipeline desde /home/camilo/udp/sist-distribuidos/sistemas_distribuidos/tarea_3
[2025-07-01 01:25:01] Ejecutando uploader
/home/camilo/udp/sist-distribuidos/sistemas_distribuidos/tarea_3/cron/cron_jobs.sh: line 14: docker: command not found
[2025-07-01 01:30:01] Ejecutando pipeline desde /home/camilo/udp/sist-distribuidos/sistemas_distribuidos/tarea_3
[2025-07-01 01:30:01] Ejecutando uploader
/home/camilo/udp/sist-distribuidos/sistemas_distribuidos/tarea_3/cron/cron_jobs.sh: line 14: docker: command not found
[2025-07-01 01:35:01] Ejecutando pipeline desde /home/camilo/udp/sist-distribuidos/sistemas_distribuidos/tarea_3
[2025-07-01 01:35:01] Ejecutando uploader
/home/camilo/udp/sist-distribuidos/sistemas_distribuidos/tarea_3/cron/cron_jobs.sh: line 14: docker: command not found
[2025-07-01 01:40:01] Ejecutando pipeline desde /home/camilo/udp/sist-distribuidos/sistemas_distribuidos/tarea_3
[2025-07-01 01:40:01] Ejecutando uploader
/home/camilo/udp/sist-distribuidos/sistemas_distribuidos/tarea_3/cron/cron_jobs.sh: line 14: docker: command not found
[2025-07-01 01:45:01] Ejecutando pipeline desde /home/camilo/udp/sist-distribuidos/sistemas_distribuidos/tarea_3
[2025-07-01 01:45:01] Ejecutando uploader
/home/camilo/udp/sist-distribuidos/sistemas_distribuidos/tarea_3/cron/cron_jobs.sh: line 14: docker: command not found
[2025-07-01 01:50:01] Ejecutando pipeline desde /home/camilo/udp/sist-distribuidos/sistemas_distribuidos/tarea_3
[2025-07-01 01:50:01] Ejecutando uploader
/home/camilo/udp/sist-distribuidos/sistemas_distribuidos/tarea_3/cron/cron_jobs.sh: line 14: docker: command not found
[2025-07-01 01:55:01] Ejecutando pipeline desde /home/camilo/udp/sist-distribuidos/sistemas_distribuidos/tarea_3
[2025-07-01 01:55:01] Ejecutando uploader
/home/camilo/udp/sist-distribuidos/sistemas_distribuidos/tarea_3/cron/cron_jobs.sh: line 14: docker: command not found
[2025-07-01 02:00:01] Ejecutando pipeline desde /home/camilo/udp/sist-distribuidos/sistemas_distribuidos/tarea_3
[2025-07-01 02:00:01] Ejecutando uploader
/home/camilo/udp/sist-distribuidos/sistemas_distribuidos/tarea_3/cron/cron_jobs.sh: line 14: docker: command not found
[2025-07-01 02:07:13] Ejecutando pipeline desde /home/camilo/udp/sist-distribuidos/sistemas_distribuidos/tarea_3
[2025-07-01 02:07:13] Ejecutando uploader
/home/camilo/udp/sist-distribuidos/sistemas_distribuidos/tarea_3/cron/cron_jobs.sh: line 14: docker: command not found
[2025-07-01 02:05:01] Ejecutando pipeline desde /home/camilo/udp/sist-distribuidos/sistemas_distribuidos/tarea_3
[2025-07-01 02:05:01] Ejecutando uploader
/home/camilo/udp/sist-distribuidos/sistemas_distribuidos/tarea_3/cron/cron_jobs.sh: line 14: docker: command not found
[2025-07-01 15:05:01] Ejecutando pipeline desde /home/camilo/udp/sist-distribuidos/sistemas_distribuidos/tarea_3
[2025-07-01 15:05:01] Ejecutando uploader
/home/camilo/udp/sist-distribuidos/sistemas_distribuidos/tarea_3/cron/cron_jobs.sh: line 14: docker: command not found
[2025-07-01 15:11:15] Ejecutando pipeline desde /home/camilo/udp/sist-distribuidos/sistemas_distribuidos/tarea_3
[2025-07-01 15:11:15] Ejecutando uploader
/home/camilo/udp/sist-distribuidos/sistemas_distribuidos/tarea_3/cron/cron_jobs.sh: line 14: docker: command not found
[2025-07-01 15:10:01] Ejecutando pipeline desde /home/camilo/udp/sist-distribuidos/sistemas_distribuidos/tarea_3
[2025-07-01 15:10:01] Ejecutando uploader
/home/camilo/udp/sist-distribuidos/sistemas_distribuidos/tarea_3/cron/cron_jobs.sh: line 14: docker: command not found
[2025-07-01 15:15:01] Ejecutando pipeline desde /home/camilo/udp/sist-distribuidos/sistemas_distribuidos/tarea_3
[2025-07-01 15:15:01] Ejecutando uploader
/home/camilo/udp/sist-distribuidos/sistemas_distribuidos/tarea_3/cron/cron_jobs.sh: line 14: docker: command not found
[2025-07-01 15:20:01] Ejecutando pipeline desde /home/camilo/udp/sist-distribuidos/sistemas_distribuidos/tarea_3
[2025-07-01 15:20:01] Ejecutando uploader
/home/camilo/udp/sist-distribuidos/sistemas_distribuidos/tarea_3/cron/cron_jobs.sh: line 14: docker: command not found
[2025-07-01 15:25:01] Ejecutando pipeline desde /home/camilo/udp/sist-distribuidos/sistemas_distribuidos/tarea_3
[2025-07-01 15:25:01] Ejecutando uploader
/home/camilo/udp/sist-distribuidos/sistemas_distribuidos/tarea_3/cron/cron_jobs.sh: line 14: docker: command not found
[2025-07-01 15:30:02] Ejecutando pipeline desde /home/camilo/udp/sist-distribuidos/sistemas_distribuidos/tarea_3
[2025-07-01 15:30:02] Ejecutando uploader
/home/camilo/udp/sist-distribuidos/sistemas_distribuidos/tarea_3/cron/cron_jobs.sh: line 14: docker: command not found
[2025-07-01 15:35:00] Ejecutando pipeline desde /home/camilo/udp/sist-distribuidos/sistemas_distribuidos/tarea_3
[2025-07-01 15:35:00] Ejecutando uploader
/home/camilo/udp/sist-distribuidos/sistemas_distribuidos/tarea_3/cron/cron_jobs.sh: line 14: docker: command not found
[2025-07-01 15:40:01] Ejecutando pipeline desde /home/camilo/udp/sist-distribuidos/sistemas_distribuidos/tarea_3
[2025-07-01 15:40:01] Ejecutando uploader
/home/camilo/udp/sist-distribuidos/sistemas_distribuidos/tarea_3/cron/cron_jobs.sh: line 14: docker: command not found
[2025-07-01 15:45:01] Ejecutando pipeline desde /home/camilo/udp/sist-distribuidos/sistemas_distribuidos/tarea_3
[2025-07-01 15:45:01] Ejecutando uploader
/home/camilo/udp/sist-distribuidos/sistemas_distribuidos/tarea_3/cron/cron_jobs.sh: line 14: docker: command not found
[2025-07-01 15:50:01] Ejecutando pipeline desde /home/camilo/udp/sist-distribuidos/sistemas_distribuidos/tarea_3
[2025-07-01 15:50:01] Ejecutando uploader
/home/camilo/udp/sist-distribuidos/sistemas_distribuidos/tarea_3/cron/cron_jobs.sh: line 14: docker: command not found
[2025-07-01 15:55:01] Ejecutando pipeline desde /home/camilo/udp/sist-distribuidos/sistemas_distribuidos/tarea_3
[2025-07-01 15:55:01] Ejecutando uploader
/home/camilo/udp/sist-distribuidos/sistemas_distribuidos/tarea_3/cron/cron_jobs.sh: line 14: docker: command not found
[2025-07-01 16:00:01] Ejecutando pipeline desde /home/camilo/udp/sist-distribuidos/sistemas_distribuidos/tarea_3
[2025-07-01 16:00:01] Ejecutando uploader
/home/camilo/udp/sist-distribuidos/sistemas_distribuidos/tarea_3/cron/cron_jobs.sh: line 14: docker: command not found
[2025-07-01 16:05:15] Ejecutando pipeline desde /home/camilo/udp/sist-distribuidos/sistemas_distribuidos/tarea_3
[2025-07-01 16:05:15] Ejecutando uploader
/home/camilo/udp/sist-distribuidos/sistemas_distribuidos/tarea_3/cron/cron_jobs.sh: line 14: docker: command not found
[2025-07-01 16:05:01] Ejecutando pipeline desde /home/camilo/udp/sist-distribuidos/sistemas_distribuidos/tarea_3
[2025-07-01 16:05:01] Ejecutando uploader
 Container elasticsearch  Created
 Container mongodb-general  Created
 Container waze-scrapper-general  Created
 Container m7-filtering-general  Created
 Container m8-processing-general  Created
 Container elasticsearch  Starting
 Container mongodb-general  Starting
 Container mongodb-general  Started
 Container waze-scrapper-general  Starting
 Container elasticsearch  Started
 Container waze-scrapper-general  Started
 Container waze-scrapper-general  Waiting
 Container waze-scrapper-general  Exited
 Container m7-filtering-general  Starting
 Container m7-filtering-general  Started
 Container m7-filtering-general  Waiting
 Container m7-filtering-general  Exited
 Container m8-processing-general  Starting
 Container m8-processing-general  Started
/app/cargar_data_elastic.py:46: DeprecationWarning: Passing transport options in the API method is deprecated. Use 'Elasticsearch.options()' instead.
  bulk(
/app/cargar_data_elastic.py:61: DeprecationWarning: Passing transport options in the API method is deprecated. Use 'Elasticsearch.options()' instead.
  bulk(
/app/cargar_data_elastic.py:151: DeprecationWarning: Passing transport options in the API method is deprecated. Use 'Elasticsearch.options()' instead.
  bulk(
/app/cargar_data_elastic.py:151: DeprecationWarning: Passing transport options in the API method is deprecated. Use 'Elasticsearch.options()' instead.
  bulk(
/app/cargar_data_elastic.py:151: DeprecationWarning: Passing transport options in the API method is deprecated. Use 'Elasticsearch.options()' instead.
  bulk(
/app/cargar_data_elastic.py:151: DeprecationWarning: Passing transport options in the API method is deprecated. Use 'Elasticsearch.options()' instead.
  bulk(
/app/cargar_data_elastic.py:151: DeprecationWarning: Passing transport options in the API method is deprecated. Use 'Elasticsearch.options()' instead.
  bulk(
/app/cargar_data_elastic.py:151: DeprecationWarning: Passing transport options in the API method is deprecated. Use 'Elasticsearch.options()' instead.
  bulk(
/app/cargar_data_elastic.py:151: DeprecationWarning: Passing transport options in the API method is deprecated. Use 'Elasticsearch.options()' instead.
  bulk(
/app/cargar_data_elastic.py:151: DeprecationWarning: Passing transport options in the API method is deprecated. Use 'Elasticsearch.options()' instead.
  bulk(
Exportación de MongoDB a Elasticsearch completada.
Exportación de CSV a Elasticsearch completada.
[2025-07-01 16:07:00] Pipeline completado correctamente
[2025-07-01 16:10:01] Ejecutando pipeline desde /home/camilo/udp/sist-distribuidos/sistemas_distribuidos/tarea_3
[2025-07-01 16:10:01] Ejecutando uploader
 Container elasticsearch  Running
 Container mongodb-general  Running
 Container waze-scrapper-general  Created
 Container m7-filtering-general  Created
 Container m8-processing-general  Created
 Container waze-scrapper-general  Starting
 Container waze-scrapper-general  Started
 Container waze-scrapper-general  Waiting
 Container waze-scrapper-general  Exited
 Container m7-filtering-general  Starting
 Container m7-filtering-general  Started
 Container m7-filtering-general  Waiting
 Container m7-filtering-general  Exited
 Container m8-processing-general  Starting
 Container m8-processing-general  Started
/app/cargar_data_elastic.py:46: DeprecationWarning: Passing transport options in the API method is deprecated. Use 'Elasticsearch.options()' instead.
  bulk(
/app/cargar_data_elastic.py:61: DeprecationWarning: Passing transport options in the API method is deprecated. Use 'Elasticsearch.options()' instead.
  bulk(
/app/cargar_data_elastic.py:151: DeprecationWarning: Passing transport options in the API method is deprecated. Use 'Elasticsearch.options()' instead.
  bulk(
/app/cargar_data_elastic.py:151: DeprecationWarning: Passing transport options in the API method is deprecated. Use 'Elasticsearch.options()' instead.
  bulk(
/app/cargar_data_elastic.py:151: DeprecationWarning: Passing transport options in the API method is deprecated. Use 'Elasticsearch.options()' instead.
  bulk(
/app/cargar_data_elastic.py:151: DeprecationWarning: Passing transport options in the API method is deprecated. Use 'Elasticsearch.options()' instead.
  bulk(
/app/cargar_data_elastic.py:151: DeprecationWarning: Passing transport options in the API method is deprecated. Use 'Elasticsearch.options()' instead.
  bulk(
/app/cargar_data_elastic.py:151: DeprecationWarning: Passing transport options in the API method is deprecated. Use 'Elasticsearch.options()' instead.
  bulk(
/app/cargar_data_elastic.py:151: DeprecationWarning: Passing transport options in the API method is deprecated. Use 'Elasticsearch.options()' instead.
  bulk(
/app/cargar_data_elastic.py:151: DeprecationWarning: Passing transport options in the API method is deprecated. Use 'Elasticsearch.options()' instead.
  bulk(
Exportación de MongoDB a Elasticsearch completada.
Exportación de CSV a Elasticsearch completada.
[2025-07-01 16:11:58] Pipeline completado correctamente
[2025-07-01 16:15:01] Ejecutando pipeline desde /home/camilo/udp/sist-distribuidos/sistemas_distribuidos/tarea_3
[2025-07-01 16:15:01] Ejecutando uploader
 Container mongodb-general  Running
 Container waze-scrapper-general  Created
 Container elasticsearch  Running
 Container m7-filtering-general  Created
 Container m8-processing-general  Created
 Container waze-scrapper-general  Starting
 Container waze-scrapper-general  Started
 Container waze-scrapper-general  Waiting
 Container waze-scrapper-general  Exited
 Container m7-filtering-general  Starting
 Container m7-filtering-general  Started
 Container m7-filtering-general  Waiting
 Container m7-filtering-general  Exited
 Container m8-processing-general  Starting
 Container m8-processing-general  Started
/app/cargar_data_elastic.py:46: DeprecationWarning: Passing transport options in the API method is deprecated. Use 'Elasticsearch.options()' instead.
  bulk(
/app/cargar_data_elastic.py:61: DeprecationWarning: Passing transport options in the API method is deprecated. Use 'Elasticsearch.options()' instead.
  bulk(
/app/cargar_data_elastic.py:151: DeprecationWarning: Passing transport options in the API method is deprecated. Use 'Elasticsearch.options()' instead.
  bulk(
/app/cargar_data_elastic.py:151: DeprecationWarning: Passing transport options in the API method is deprecated. Use 'Elasticsearch.options()' instead.
  bulk(
/app/cargar_data_elastic.py:151: DeprecationWarning: Passing transport options in the API method is deprecated. Use 'Elasticsearch.options()' instead.
  bulk(
/app/cargar_data_elastic.py:151: DeprecationWarning: Passing transport options in the API method is deprecated. Use 'Elasticsearch.options()' instead.
  bulk(
/app/cargar_data_elastic.py:151: DeprecationWarning: Passing transport options in the API method is deprecated. Use 'Elasticsearch.options()' instead.
  bulk(
/app/cargar_data_elastic.py:151: DeprecationWarning: Passing transport options in the API method is deprecated. Use 'Elasticsearch.options()' instead.
  bulk(
/app/cargar_data_elastic.py:151: DeprecationWarning: Passing transport options in the API method is deprecated. Use 'Elasticsearch.options()' instead.
  bulk(
/app/cargar_data_elastic.py:151: DeprecationWarning: Passing transport options in the API method is deprecated. Use 'Elasticsearch.options()' instead.
  bulk(
Exportación de MongoDB a Elasticsearch completada.
Exportación de CSV a Elasticsearch completada.
[2025-07-01 16:16:58] Pipeline completado correctamente
[2025-07-01 16:20:01] Ejecutando pipeline desde /home/camilo/udp/sist-distribuidos/sistemas_distribuidos/tarea_3
[2025-07-01 16:20:01] Ejecutando uploader
 Container elasticsearch  Running
 Container mongodb-general  Running
 Container waze-scrapper-general  Created
 Container m7-filtering-general  Created
 Container m8-processing-general  Created
 Container waze-scrapper-general  Starting
 Container waze-scrapper-general  Started
 Container waze-scrapper-general  Waiting
 Container waze-scrapper-general  Exited
 Container m7-filtering-general  Starting
 Container m7-filtering-general  Started
 Container m7-filtering-general  Waiting
 Container m7-filtering-general  Exited
 Container m8-processing-general  Starting
 Container m8-processing-general  Started
/app/cargar_data_elastic.py:46: DeprecationWarning: Passing transport options in the API method is deprecated. Use 'Elasticsearch.options()' instead.
  bulk(
/app/cargar_data_elastic.py:61: DeprecationWarning: Passing transport options in the API method is deprecated. Use 'Elasticsearch.options()' instead.
  bulk(
/app/cargar_data_elastic.py:151: DeprecationWarning: Passing transport options in the API method is deprecated. Use 'Elasticsearch.options()' instead.
  bulk(
/app/cargar_data_elastic.py:151: DeprecationWarning: Passing transport options in the API method is deprecated. Use 'Elasticsearch.options()' instead.
  bulk(
/app/cargar_data_elastic.py:151: DeprecationWarning: Passing transport options in the API method is deprecated. Use 'Elasticsearch.options()' instead.
  bulk(
/app/cargar_data_elastic.py:151: DeprecationWarning: Passing transport options in the API method is deprecated. Use 'Elasticsearch.options()' instead.
  bulk(
/app/cargar_data_elastic.py:151: DeprecationWarning: Passing transport options in the API method is deprecated. Use 'Elasticsearch.options()' instead.
  bulk(
/app/cargar_data_elastic.py:151: DeprecationWarning: Passing transport options in the API method is deprecated. Use 'Elasticsearch.options()' instead.
  bulk(
/app/cargar_data_elastic.py:151: DeprecationWarning: Passing transport options in the API method is deprecated. Use 'Elasticsearch.options()' instead.
  bulk(
/app/cargar_data_elastic.py:151: DeprecationWarning: Passing transport options in the API method is deprecated. Use 'Elasticsearch.options()' instead.
  bulk(
Exportación de MongoDB a Elasticsearch completada.
Exportación de CSV a Elasticsearch completada.
[2025-07-01 16:22:02] Pipeline completado correctamente
[2025-07-01 16:25:00] Ejecutando pipeline desde /home/camilo/udp/sist-distribuidos/sistemas_distribuidos/tarea_3
[2025-07-01 16:25:00] Ejecutando uploader
 Container mongodb-general  Running
 Container elasticsearch  Running
 Container waze-scrapper-general  Created
 Container m7-filtering-general  Created
 Container m8-processing-general  Created
 Container waze-scrapper-general  Starting
 Container waze-scrapper-general  Started
 Container waze-scrapper-general  Waiting
 Container waze-scrapper-general  Exited
 Container m7-filtering-general  Starting
 Container m7-filtering-general  Started
 Container m7-filtering-general  Waiting
 Container m7-filtering-general  Exited
 Container m8-processing-general  Starting
 Container m8-processing-general  Started
/app/cargar_data_elastic.py:46: DeprecationWarning: Passing transport options in the API method is deprecated. Use 'Elasticsearch.options()' instead.
  bulk(
/app/cargar_data_elastic.py:61: DeprecationWarning: Passing transport options in the API method is deprecated. Use 'Elasticsearch.options()' instead.
  bulk(
/app/cargar_data_elastic.py:151: DeprecationWarning: Passing transport options in the API method is deprecated. Use 'Elasticsearch.options()' instead.
  bulk(
/app/cargar_data_elastic.py:151: DeprecationWarning: Passing transport options in the API method is deprecated. Use 'Elasticsearch.options()' instead.
  bulk(
/app/cargar_data_elastic.py:151: DeprecationWarning: Passing transport options in the API method is deprecated. Use 'Elasticsearch.options()' instead.
  bulk(
/app/cargar_data_elastic.py:151: DeprecationWarning: Passing transport options in the API method is deprecated. Use 'Elasticsearch.options()' instead.
  bulk(
/app/cargar_data_elastic.py:151: DeprecationWarning: Passing transport options in the API method is deprecated. Use 'Elasticsearch.options()' instead.
  bulk(
/app/cargar_data_elastic.py:151: DeprecationWarning: Passing transport options in the API method is deprecated. Use 'Elasticsearch.options()' instead.
  bulk(
/app/cargar_data_elastic.py:151: DeprecationWarning: Passing transport options in the API method is deprecated. Use 'Elasticsearch.options()' instead.
  bulk(
/app/cargar_data_elastic.py:151: DeprecationWarning: Passing transport options in the API method is deprecated. Use 'Elasticsearch.options()' instead.
  bulk(
Exportación de MongoDB a Elasticsearch completada.
Exportación de CSV a Elasticsearch completada.
[2025-07-01 16:26:55] Pipeline completado correctamente
[2025-07-01 16:30:01] Ejecutando pipeline desde /home/camilo/udp/sist-distribuidos/sistemas_distribuidos/tarea_3
[2025-07-01 16:30:01] Ejecutando uploader
 Container mongodb-general  Running
 Container elasticsearch  Running
 Container waze-scrapper-general  Created
 Container m7-filtering-general  Created
 Container m8-processing-general  Created
 Container waze-scrapper-general  Starting
 Container waze-scrapper-general  Started
 Container waze-scrapper-general  Waiting
 Container waze-scrapper-general  Exited
 Container m7-filtering-general  Starting
 Container m7-filtering-general  Started
 Container m7-filtering-general  Waiting
 Container m7-filtering-general  Exited
 Container m8-processing-general  Starting
 Container m8-processing-general  Started
/app/cargar_data_elastic.py:46: DeprecationWarning: Passing transport options in the API method is deprecated. Use 'Elasticsearch.options()' instead.
  bulk(
/app/cargar_data_elastic.py:61: DeprecationWarning: Passing transport options in the API method is deprecated. Use 'Elasticsearch.options()' instead.
  bulk(
/app/cargar_data_elastic.py:151: DeprecationWarning: Passing transport options in the API method is deprecated. Use 'Elasticsearch.options()' instead.
  bulk(
/app/cargar_data_elastic.py:151: DeprecationWarning: Passing transport options in the API method is deprecated. Use 'Elasticsearch.options()' instead.
  bulk(
/app/cargar_data_elastic.py:151: DeprecationWarning: Passing transport options in the API method is deprecated. Use 'Elasticsearch.options()' instead.
  bulk(
/app/cargar_data_elastic.py:151: DeprecationWarning: Passing transport options in the API method is deprecated. Use 'Elasticsearch.options()' instead.
  bulk(
/app/cargar_data_elastic.py:151: DeprecationWarning: Passing transport options in the API method is deprecated. Use 'Elasticsearch.options()' instead.
  bulk(
/app/cargar_data_elastic.py:151: DeprecationWarning: Passing transport options in the API method is deprecated. Use 'Elasticsearch.options()' instead.
  bulk(
/app/cargar_data_elastic.py:151: DeprecationWarning: Passing transport options in the API method is deprecated. Use 'Elasticsearch.options()' instead.
  bulk(
/app/cargar_data_elastic.py:151: DeprecationWarning: Passing transport options in the API method is deprecated. Use 'Elasticsearch.options()' instead.
  bulk(
Exportación de MongoDB a Elasticsearch completada.
Exportación de CSV a Elasticsearch completada.
[2025-07-01 16:31:58] Pipeline completado correctamente
[2025-07-01 16:35:01] Ejecutando pipeline desde /home/camilo/udp/sist-distribuidos/sistemas_distribuidos/tarea_3
[2025-07-01 16:35:01] Ejecutando uploader
 Container elasticsearch  Running
 Container mongodb-general  Running
 Container waze-scrapper-general  Created
 Container m7-filtering-general  Created
 Container m8-processing-general  Created
 Container waze-scrapper-general  Starting
 Container waze-scrapper-general  Started
 Container waze-scrapper-general  Waiting
 Container waze-scrapper-general  Exited
 Container m7-filtering-general  Starting
 Container m7-filtering-general  Started
 Container m7-filtering-general  Waiting
 Container m7-filtering-general  Exited
 Container m8-processing-general  Starting
 Container m8-processing-general  Started
/app/cargar_data_elastic.py:46: DeprecationWarning: Passing transport options in the API method is deprecated. Use 'Elasticsearch.options()' instead.
  bulk(
/app/cargar_data_elastic.py:61: DeprecationWarning: Passing transport options in the API method is deprecated. Use 'Elasticsearch.options()' instead.
  bulk(
/app/cargar_data_elastic.py:151: DeprecationWarning: Passing transport options in the API method is deprecated. Use 'Elasticsearch.options()' instead.
  bulk(
/app/cargar_data_elastic.py:151: DeprecationWarning: Passing transport options in the API method is deprecated. Use 'Elasticsearch.options()' instead.
  bulk(
/app/cargar_data_elastic.py:151: DeprecationWarning: Passing transport options in the API method is deprecated. Use 'Elasticsearch.options()' instead.
  bulk(
/app/cargar_data_elastic.py:151: DeprecationWarning: Passing transport options in the API method is deprecated. Use 'Elasticsearch.options()' instead.
  bulk(
/app/cargar_data_elastic.py:151: DeprecationWarning: Passing transport options in the API method is deprecated. Use 'Elasticsearch.options()' instead.
  bulk(
/app/cargar_data_elastic.py:151: DeprecationWarning: Passing transport options in the API method is deprecated. Use 'Elasticsearch.options()' instead.
  bulk(
/app/cargar_data_elastic.py:151: DeprecationWarning: Passing transport options in the API method is deprecated. Use 'Elasticsearch.options()' instead.
  bulk(
/app/cargar_data_elastic.py:151: DeprecationWarning: Passing transport options in the API method is deprecated. Use 'Elasticsearch.options()' instead.
  bulk(
Exportación de MongoDB a Elasticsearch completada.
Exportación de CSV a Elasticsearch completada.
[2025-07-01 16:36:58] Pipeline completado correctamente
[2025-07-01 16:40:01] Ejecutando pipeline desde /home/camilo/udp/sist-distribuidos/sistemas_distribuidos/tarea_3
[2025-07-01 16:40:01] Ejecutando uploader
 Container mongodb-general  Running
 Container waze-scrapper-general  Created
 Container elasticsearch  Running
 Container m7-filtering-general  Created
 Container m8-processing-general  Created
 Container waze-scrapper-general  Starting
 Container waze-scrapper-general  Started
 Container waze-scrapper-general  Waiting
 Container waze-scrapper-general  Exited
 Container m7-filtering-general  Starting
 Container m7-filtering-general  Started
 Container m7-filtering-general  Waiting
 Container m7-filtering-general  Exited
 Container m8-processing-general  Starting
 Container m8-processing-general  Started
/app/cargar_data_elastic.py:46: DeprecationWarning: Passing transport options in the API method is deprecated. Use 'Elasticsearch.options()' instead.
  bulk(
/app/cargar_data_elastic.py:61: DeprecationWarning: Passing transport options in the API method is deprecated. Use 'Elasticsearch.options()' instead.
  bulk(
/app/cargar_data_elastic.py:151: DeprecationWarning: Passing transport options in the API method is deprecated. Use 'Elasticsearch.options()' instead.
  bulk(
/app/cargar_data_elastic.py:151: DeprecationWarning: Passing transport options in the API method is deprecated. Use 'Elasticsearch.options()' instead.
  bulk(
/app/cargar_data_elastic.py:151: DeprecationWarning: Passing transport options in the API method is deprecated. Use 'Elasticsearch.options()' instead.
  bulk(
/app/cargar_data_elastic.py:151: DeprecationWarning: Passing transport options in the API method is deprecated. Use 'Elasticsearch.options()' instead.
  bulk(
/app/cargar_data_elastic.py:151: DeprecationWarning: Passing transport options in the API method is deprecated. Use 'Elasticsearch.options()' instead.
  bulk(
/app/cargar_data_elastic.py:151: DeprecationWarning: Passing transport options in the API method is deprecated. Use 'Elasticsearch.options()' instead.
  bulk(
/app/cargar_data_elastic.py:151: DeprecationWarning: Passing transport options in the API method is deprecated. Use 'Elasticsearch.options()' instead.
  bulk(
/app/cargar_data_elastic.py:151: DeprecationWarning: Passing transport options in the API method is deprecated. Use 'Elasticsearch.options()' instead.
  bulk(
Exportación de MongoDB a Elasticsearch completada.
Exportación de CSV a Elasticsearch completada.
[2025-07-01 16:41:58] Pipeline completado correctamente
[2025-07-01 16:45:01] Ejecutando pipeline desde /home/camilo/udp/sist-distribuidos/sistemas_distribuidos/tarea_3
[2025-07-01 16:45:01] Ejecutando uploader
 Container elasticsearch  Running
 Container mongodb-general  Running
 Container waze-scrapper-general  Created
 Container m7-filtering-general  Created
 Container m8-processing-general  Created
 Container waze-scrapper-general  Starting
 Container waze-scrapper-general  Started
 Container waze-scrapper-general  Waiting
 Container waze-scrapper-general  Exited
 Container m7-filtering-general  Starting
 Container m7-filtering-general  Started
 Container m7-filtering-general  Waiting
 Container m7-filtering-general  Exited
 Container m8-processing-general  Starting
 Container m8-processing-general  Started
/app/cargar_data_elastic.py:46: DeprecationWarning: Passing transport options in the API method is deprecated. Use 'Elasticsearch.options()' instead.
  bulk(
/app/cargar_data_elastic.py:61: DeprecationWarning: Passing transport options in the API method is deprecated. Use 'Elasticsearch.options()' instead.
  bulk(
/app/cargar_data_elastic.py:151: DeprecationWarning: Passing transport options in the API method is deprecated. Use 'Elasticsearch.options()' instead.
  bulk(
/app/cargar_data_elastic.py:151: DeprecationWarning: Passing transport options in the API method is deprecated. Use 'Elasticsearch.options()' instead.
  bulk(
/app/cargar_data_elastic.py:151: DeprecationWarning: Passing transport options in the API method is deprecated. Use 'Elasticsearch.options()' instead.
  bulk(
/app/cargar_data_elastic.py:151: DeprecationWarning: Passing transport options in the API method is deprecated. Use 'Elasticsearch.options()' instead.
  bulk(
/app/cargar_data_elastic.py:151: DeprecationWarning: Passing transport options in the API method is deprecated. Use 'Elasticsearch.options()' instead.
  bulk(
/app/cargar_data_elastic.py:151: DeprecationWarning: Passing transport options in the API method is deprecated. Use 'Elasticsearch.options()' instead.
  bulk(
/app/cargar_data_elastic.py:151: DeprecationWarning: Passing transport options in the API method is deprecated. Use 'Elasticsearch.options()' instead.
  bulk(
/app/cargar_data_elastic.py:151: DeprecationWarning: Passing transport options in the API method is deprecated. Use 'Elasticsearch.options()' instead.
  bulk(
Exportación de MongoDB a Elasticsearch completada.
Exportación de CSV a Elasticsearch completada.
[2025-07-01 16:46:58] Pipeline completado correctamente
[2025-07-01 16:51:15] Ejecutando pipeline desde /home/camilo/udp/sist-distribuidos/sistemas_distribuidos/tarea_3
[2025-07-01 16:51:15] Ejecutando uploader
 Container elasticsearch  Running
 Container mongodb-general  Running
 Container waze-scrapper-general  Created
 Container m7-filtering-general  Created
 Container m8-processing-general  Created
 Container waze-scrapper-general  Starting
 Container waze-scrapper-general  Started
 Container waze-scrapper-general  Waiting
 Container waze-scrapper-general  Exited
 Container m7-filtering-general  Starting
 Container m7-filtering-general  Started
 Container m7-filtering-general  Waiting
 Container m7-filtering-general  Exited
 Container m8-processing-general  Starting
 Container m8-processing-general  Started
/app/cargar_data_elastic.py:46: DeprecationWarning: Passing transport options in the API method is deprecated. Use 'Elasticsearch.options()' instead.
  bulk(
/app/cargar_data_elastic.py:61: DeprecationWarning: Passing transport options in the API method is deprecated. Use 'Elasticsearch.options()' instead.
  bulk(
/app/cargar_data_elastic.py:151: DeprecationWarning: Passing transport options in the API method is deprecated. Use 'Elasticsearch.options()' instead.
  bulk(
/app/cargar_data_elastic.py:151: DeprecationWarning: Passing transport options in the API method is deprecated. Use 'Elasticsearch.options()' instead.
  bulk(
/app/cargar_data_elastic.py:151: DeprecationWarning: Passing transport options in the API method is deprecated. Use 'Elasticsearch.options()' instead.
  bulk(
/app/cargar_data_elastic.py:151: DeprecationWarning: Passing transport options in the API method is deprecated. Use 'Elasticsearch.options()' instead.
  bulk(
/app/cargar_data_elastic.py:151: DeprecationWarning: Passing transport options in the API method is deprecated. Use 'Elasticsearch.options()' instead.
  bulk(
/app/cargar_data_elastic.py:151: DeprecationWarning: Passing transport options in the API method is deprecated. Use 'Elasticsearch.options()' instead.
  bulk(
/app/cargar_data_elastic.py:151: DeprecationWarning: Passing transport options in the API method is deprecated. Use 'Elasticsearch.options()' instead.
  bulk(
/app/cargar_data_elastic.py:151: DeprecationWarning: Passing transport options in the API method is deprecated. Use 'Elasticsearch.options()' instead.
  bulk(
Exportación de MongoDB a Elasticsearch completada.
Exportación de CSV a Elasticsearch completada.
[2025-07-01 16:48:54] Pipeline completado correctamente
[2025-07-01 16:50:01] Ejecutando pipeline desde /home/camilo/udp/sist-distribuidos/sistemas_distribuidos/tarea_3
[2025-07-01 16:50:01] Ejecutando uploader
 Container mongodb-general  Running
 Container elasticsearch  Running
 Container waze-scrapper-general  Created
 Container m7-filtering-general  Created
 Container m8-processing-general  Created
 Container waze-scrapper-general  Starting
 Container waze-scrapper-general  Started
 Container waze-scrapper-general  Waiting
 Container waze-scrapper-general  Exited
 Container m7-filtering-general  Starting
 Container m7-filtering-general  Started
 Container m7-filtering-general  Waiting
 Container m7-filtering-general  Exited
 Container m8-processing-general  Starting
 Container m8-processing-general  Started
/app/cargar_data_elastic.py:46: DeprecationWarning: Passing transport options in the API method is deprecated. Use 'Elasticsearch.options()' instead.
  bulk(
/app/cargar_data_elastic.py:61: DeprecationWarning: Passing transport options in the API method is deprecated. Use 'Elasticsearch.options()' instead.
  bulk(
/app/cargar_data_elastic.py:151: DeprecationWarning: Passing transport options in the API method is deprecated. Use 'Elasticsearch.options()' instead.
  bulk(
/app/cargar_data_elastic.py:151: DeprecationWarning: Passing transport options in the API method is deprecated. Use 'Elasticsearch.options()' instead.
  bulk(
/app/cargar_data_elastic.py:151: DeprecationWarning: Passing transport options in the API method is deprecated. Use 'Elasticsearch.options()' instead.
  bulk(
/app/cargar_data_elastic.py:151: DeprecationWarning: Passing transport options in the API method is deprecated. Use 'Elasticsearch.options()' instead.
  bulk(
/app/cargar_data_elastic.py:151: DeprecationWarning: Passing transport options in the API method is deprecated. Use 'Elasticsearch.options()' instead.
  bulk(
/app/cargar_data_elastic.py:151: DeprecationWarning: Passing transport options in the API method is deprecated. Use 'Elasticsearch.options()' instead.
  bulk(
/app/cargar_data_elastic.py:151: DeprecationWarning: Passing transport options in the API method is deprecated. Use 'Elasticsearch.options()' instead.
  bulk(
/app/cargar_data_elastic.py:151: DeprecationWarning: Passing transport options in the API method is deprecated. Use 'Elasticsearch.options()' instead.
  bulk(
Exportación de MongoDB a Elasticsearch completada.
Exportación de CSV a Elasticsearch completada.
[2025-07-01 16:51:58] Pipeline completado correctamente
[2025-07-01 16:55:01] Ejecutando pipeline desde /home/camilo/udp/sist-distribuidos/sistemas_distribuidos/tarea_3
[2025-07-01 16:55:01] Ejecutando uploader
 Container elasticsearch  Running
 Container mongodb-general  Running
 Container waze-scrapper-general  Created
 Container m7-filtering-general  Created
 Container m8-processing-general  Created
 Container waze-scrapper-general  Starting
 Container waze-scrapper-general  Started
 Container waze-scrapper-general  Waiting
 Container waze-scrapper-general  Exited
 Container m7-filtering-general  Starting
 Container m7-filtering-general  Started
 Container m7-filtering-general  Waiting
 Container m7-filtering-general  Exited
 Container m8-processing-general  Starting
 Container m8-processing-general  Started
/app/cargar_data_elastic.py:46: DeprecationWarning: Passing transport options in the API method is deprecated. Use 'Elasticsearch.options()' instead.
  bulk(
/app/cargar_data_elastic.py:61: DeprecationWarning: Passing transport options in the API method is deprecated. Use 'Elasticsearch.options()' instead.
  bulk(
/app/cargar_data_elastic.py:151: DeprecationWarning: Passing transport options in the API method is deprecated. Use 'Elasticsearch.options()' instead.
  bulk(
/app/cargar_data_elastic.py:151: DeprecationWarning: Passing transport options in the API method is deprecated. Use 'Elasticsearch.options()' instead.
  bulk(
/app/cargar_data_elastic.py:151: DeprecationWarning: Passing transport options in the API method is deprecated. Use 'Elasticsearch.options()' instead.
  bulk(
/app/cargar_data_elastic.py:151: DeprecationWarning: Passing transport options in the API method is deprecated. Use 'Elasticsearch.options()' instead.
  bulk(
/app/cargar_data_elastic.py:151: DeprecationWarning: Passing transport options in the API method is deprecated. Use 'Elasticsearch.options()' instead.
  bulk(
/app/cargar_data_elastic.py:151: DeprecationWarning: Passing transport options in the API method is deprecated. Use 'Elasticsearch.options()' instead.
  bulk(
/app/cargar_data_elastic.py:151: DeprecationWarning: Passing transport options in the API method is deprecated. Use 'Elasticsearch.options()' instead.
  bulk(
/app/cargar_data_elastic.py:151: DeprecationWarning: Passing transport options in the API method is deprecated. Use 'Elasticsearch.options()' instead.
  bulk(
Exportación de MongoDB a Elasticsearch completada.
Exportación de CSV a Elasticsearch completada.
[2025-07-01 16:56:57] Pipeline completado correctamente
[2025-07-01 17:00:01] Ejecutando pipeline desde /home/camilo/udp/sist-distribuidos/sistemas_distribuidos/tarea_3
[2025-07-01 17:00:01] Ejecutando uploader
 Container elasticsearch  Running
 Container mongodb-general  Running
 Container waze-scrapper-general  Created
 Container m7-filtering-general  Created
 Container m8-processing-general  Created
 Container waze-scrapper-general  Starting
 Container waze-scrapper-general  Started
 Container waze-scrapper-general  Waiting
 Container waze-scrapper-general  Exited
 Container m7-filtering-general  Starting
 Container m7-filtering-general  Started
 Container m7-filtering-general  Waiting
 Container m7-filtering-general  Exited
 Container m8-processing-general  Starting
 Container m8-processing-general  Started
/app/cargar_data_elastic.py:46: DeprecationWarning: Passing transport options in the API method is deprecated. Use 'Elasticsearch.options()' instead.
  bulk(
/app/cargar_data_elastic.py:61: DeprecationWarning: Passing transport options in the API method is deprecated. Use 'Elasticsearch.options()' instead.
  bulk(
/app/cargar_data_elastic.py:151: DeprecationWarning: Passing transport options in the API method is deprecated. Use 'Elasticsearch.options()' instead.
  bulk(
/app/cargar_data_elastic.py:151: DeprecationWarning: Passing transport options in the API method is deprecated. Use 'Elasticsearch.options()' instead.
  bulk(
/app/cargar_data_elastic.py:151: DeprecationWarning: Passing transport options in the API method is deprecated. Use 'Elasticsearch.options()' instead.
  bulk(
/app/cargar_data_elastic.py:151: DeprecationWarning: Passing transport options in the API method is deprecated. Use 'Elasticsearch.options()' instead.
  bulk(
/app/cargar_data_elastic.py:151: DeprecationWarning: Passing transport options in the API method is deprecated. Use 'Elasticsearch.options()' instead.
  bulk(
/app/cargar_data_elastic.py:151: DeprecationWarning: Passing transport options in the API method is deprecated. Use 'Elasticsearch.options()' instead.
  bulk(
/app/cargar_data_elastic.py:151: DeprecationWarning: Passing transport options in the API method is deprecated. Use 'Elasticsearch.options()' instead.
  bulk(
/app/cargar_data_elastic.py:151: DeprecationWarning: Passing transport options in the API method is deprecated. Use 'Elasticsearch.options()' instead.
  bulk(
Exportación de MongoDB a Elasticsearch completada.
Exportación de CSV a Elasticsearch completada.
[2025-07-01 17:06:11] Pipeline completado correctamente
[2025-07-01 17:06:11] Ejecutando pipeline desde /home/camilo/udp/sist-distribuidos/sistemas_distribuidos/tarea_3
[2025-07-01 17:06:11] Ejecutando uploader
 Container elasticsearch  Running
 Container mongodb-general  Running
 Container waze-scrapper-general  Created
 Container m7-filtering-general  Created
 Container m8-processing-general  Created
 Container waze-scrapper-general  Starting
 Container waze-scrapper-general  Started
 Container waze-scrapper-general  Waiting
 Container waze-scrapper-general  Exited
 Container m7-filtering-general  Starting
 Container m7-filtering-general  Started
 Container m7-filtering-general  Waiting
 Container m7-filtering-general  Exited
 Container m8-processing-general  Starting
 Container m8-processing-general  Started
/app/cargar_data_elastic.py:46: DeprecationWarning: Passing transport options in the API method is deprecated. Use 'Elasticsearch.options()' instead.
  bulk(
/app/cargar_data_elastic.py:61: DeprecationWarning: Passing transport options in the API method is deprecated. Use 'Elasticsearch.options()' instead.
  bulk(
/app/cargar_data_elastic.py:151: DeprecationWarning: Passing transport options in the API method is deprecated. Use 'Elasticsearch.options()' instead.
  bulk(
/app/cargar_data_elastic.py:151: DeprecationWarning: Passing transport options in the API method is deprecated. Use 'Elasticsearch.options()' instead.
  bulk(
/app/cargar_data_elastic.py:151: DeprecationWarning: Passing transport options in the API method is deprecated. Use 'Elasticsearch.options()' instead.
  bulk(
/app/cargar_data_elastic.py:151: DeprecationWarning: Passing transport options in the API method is deprecated. Use 'Elasticsearch.options()' instead.
  bulk(
/app/cargar_data_elastic.py:151: DeprecationWarning: Passing transport options in the API method is deprecated. Use 'Elasticsearch.options()' instead.
  bulk(
/app/cargar_data_elastic.py:151: DeprecationWarning: Passing transport options in the API method is deprecated. Use 'Elasticsearch.options()' instead.
  bulk(
/app/cargar_data_elastic.py:151: DeprecationWarning: Passing transport options in the API method is deprecated. Use 'Elasticsearch.options()' instead.
  bulk(
/app/cargar_data_elastic.py:151: DeprecationWarning: Passing transport options in the API method is deprecated. Use 'Elasticsearch.options()' instead.
  bulk(
Exportación de MongoDB a Elasticsearch completada.
Exportación de CSV a Elasticsearch completada.
[2025-07-01 17:03:54] Pipeline completado correctamente
[2025-07-01 17:05:01] Ejecutando pipeline desde /home/camilo/udp/sist-distribuidos/sistemas_distribuidos/tarea_3
[2025-07-01 17:05:01] Ejecutando uploader
 Container mongodb-general  Running
 Container elasticsearch  Running
 Container waze-scrapper-general  Created
 Container m7-filtering-general  Created
 Container m8-processing-general  Created
 Container waze-scrapper-general  Starting
 Container waze-scrapper-general  Started
 Container waze-scrapper-general  Waiting
 Container waze-scrapper-general  Exited
 Container m7-filtering-general  Starting
 Container m7-filtering-general  Started
 Container m7-filtering-general  Waiting
 Container m7-filtering-general  Exited
 Container m8-processing-general  Starting
 Container m8-processing-general  Started
/app/cargar_data_elastic.py:46: DeprecationWarning: Passing transport options in the API method is deprecated. Use 'Elasticsearch.options()' instead.
  bulk(
/app/cargar_data_elastic.py:61: DeprecationWarning: Passing transport options in the API method is deprecated. Use 'Elasticsearch.options()' instead.
  bulk(
/app/cargar_data_elastic.py:151: DeprecationWarning: Passing transport options in the API method is deprecated. Use 'Elasticsearch.options()' instead.
  bulk(
/app/cargar_data_elastic.py:151: DeprecationWarning: Passing transport options in the API method is deprecated. Use 'Elasticsearch.options()' instead.
  bulk(
/app/cargar_data_elastic.py:151: DeprecationWarning: Passing transport options in the API method is deprecated. Use 'Elasticsearch.options()' instead.
  bulk(
/app/cargar_data_elastic.py:151: DeprecationWarning: Passing transport options in the API method is deprecated. Use 'Elasticsearch.options()' instead.
  bulk(
/app/cargar_data_elastic.py:151: DeprecationWarning: Passing transport options in the API method is deprecated. Use 'Elasticsearch.options()' instead.
  bulk(
/app/cargar_data_elastic.py:151: DeprecationWarning: Passing transport options in the API method is deprecated. Use 'Elasticsearch.options()' instead.
  bulk(
/app/cargar_data_elastic.py:151: DeprecationWarning: Passing transport options in the API method is deprecated. Use 'Elasticsearch.options()' instead.
  bulk(
/app/cargar_data_elastic.py:151: DeprecationWarning: Passing transport options in the API method is deprecated. Use 'Elasticsearch.options()' instead.
  bulk(
Exportación de MongoDB a Elasticsearch completada.
Exportación de CSV a Elasticsearch completada.
[2025-07-01 17:06:57] Pipeline completado correctamente
[2025-07-01 17:10:01] Ejecutando pipeline desde /home/camilo/udp/sist-distribuidos/sistemas_distribuidos/tarea_3
[2025-07-01 17:10:01] Ejecutando uploader
 Container elasticsearch  Running
 Container mongodb-general  Running
 Container waze-scrapper-general  Created
 Container m7-filtering-general  Created
 Container m8-processing-general  Created
 Container waze-scrapper-general  Starting
 Container waze-scrapper-general  Started
 Container waze-scrapper-general  Waiting
 Container waze-scrapper-general  Exited
 Container m7-filtering-general  Starting
 Container m7-filtering-general  Started
 Container m7-filtering-general  Waiting
 Container m7-filtering-general  Exited
 Container m8-processing-general  Starting
 Container m8-processing-general  Started
/app/cargar_data_elastic.py:46: DeprecationWarning: Passing transport options in the API method is deprecated. Use 'Elasticsearch.options()' instead.
  bulk(
/app/cargar_data_elastic.py:61: DeprecationWarning: Passing transport options in the API method is deprecated. Use 'Elasticsearch.options()' instead.
  bulk(
/app/cargar_data_elastic.py:151: DeprecationWarning: Passing transport options in the API method is deprecated. Use 'Elasticsearch.options()' instead.
  bulk(
/app/cargar_data_elastic.py:151: DeprecationWarning: Passing transport options in the API method is deprecated. Use 'Elasticsearch.options()' instead.
  bulk(
/app/cargar_data_elastic.py:151: DeprecationWarning: Passing transport options in the API method is deprecated. Use 'Elasticsearch.options()' instead.
  bulk(
/app/cargar_data_elastic.py:151: DeprecationWarning: Passing transport options in the API method is deprecated. Use 'Elasticsearch.options()' instead.
  bulk(
/app/cargar_data_elastic.py:151: DeprecationWarning: Passing transport options in the API method is deprecated. Use 'Elasticsearch.options()' instead.
  bulk(
/app/cargar_data_elastic.py:151: DeprecationWarning: Passing transport options in the API method is deprecated. Use 'Elasticsearch.options()' instead.
  bulk(
/app/cargar_data_elastic.py:151: DeprecationWarning: Passing transport options in the API method is deprecated. Use 'Elasticsearch.options()' instead.
  bulk(
/app/cargar_data_elastic.py:151: DeprecationWarning: Passing transport options in the API method is deprecated. Use 'Elasticsearch.options()' instead.
  bulk(
Exportación de MongoDB a Elasticsearch completada.
Exportación de CSV a Elasticsearch completada.
[2025-07-01 17:11:58] Pipeline completado correctamente
[2025-07-01 17:15:01] Ejecutando pipeline desde /home/camilo/udp/sist-distribuidos/sistemas_distribuidos/tarea_3
[2025-07-01 17:15:01] Ejecutando uploader
 Container mongodb-general  Running
 Container elasticsearch  Running
 Container waze-scrapper-general  Created
 Container m7-filtering-general  Created
 Container m8-processing-general  Created
 Container waze-scrapper-general  Starting
 Container waze-scrapper-general  Started
 Container waze-scrapper-general  Waiting
 Container waze-scrapper-general  Exited
 Container m7-filtering-general  Starting
 Container m7-filtering-general  Started
 Container m7-filtering-general  Waiting
 Container m7-filtering-general  Exited
 Container m8-processing-general  Starting
 Container m8-processing-general  Started
/app/cargar_data_elastic.py:46: DeprecationWarning: Passing transport options in the API method is deprecated. Use 'Elasticsearch.options()' instead.
  bulk(
/app/cargar_data_elastic.py:61: DeprecationWarning: Passing transport options in the API method is deprecated. Use 'Elasticsearch.options()' instead.
  bulk(
/app/cargar_data_elastic.py:151: DeprecationWarning: Passing transport options in the API method is deprecated. Use 'Elasticsearch.options()' instead.
  bulk(
/app/cargar_data_elastic.py:151: DeprecationWarning: Passing transport options in the API method is deprecated. Use 'Elasticsearch.options()' instead.
  bulk(
/app/cargar_data_elastic.py:151: DeprecationWarning: Passing transport options in the API method is deprecated. Use 'Elasticsearch.options()' instead.
  bulk(
/app/cargar_data_elastic.py:151: DeprecationWarning: Passing transport options in the API method is deprecated. Use 'Elasticsearch.options()' instead.
  bulk(
/app/cargar_data_elastic.py:151: DeprecationWarning: Passing transport options in the API method is deprecated. Use 'Elasticsearch.options()' instead.
  bulk(
/app/cargar_data_elastic.py:151: DeprecationWarning: Passing transport options in the API method is deprecated. Use 'Elasticsearch.options()' instead.
  bulk(
/app/cargar_data_elastic.py:151: DeprecationWarning: Passing transport options in the API method is deprecated. Use 'Elasticsearch.options()' instead.
  bulk(
/app/cargar_data_elastic.py:151: DeprecationWarning: Passing transport options in the API method is deprecated. Use 'Elasticsearch.options()' instead.
  bulk(
Exportación de MongoDB a Elasticsearch completada.
Exportación de CSV a Elasticsearch completada.
[2025-07-01 17:21:11] Pipeline completado correctamente
[2025-07-01 17:21:11] Ejecutando pipeline desde /home/camilo/udp/sist-distribuidos/sistemas_distribuidos/tarea_3
[2025-07-01 17:21:11] Ejecutando uploader
 Container elasticsearch  Running
 Container mongodb-general  Running
 Container waze-scrapper-general  Created
 Container m7-filtering-general  Created
 Container m8-processing-general  Created
 Container waze-scrapper-general  Starting
 Container waze-scrapper-general  Started
 Container waze-scrapper-general  Waiting
 Container waze-scrapper-general  Exited
 Container m7-filtering-general  Starting
 Container m7-filtering-general  Started
 Container m7-filtering-general  Waiting
 Container m7-filtering-general  Exited
 Container m8-processing-general  Starting
 Container m8-processing-general  Started
/app/cargar_data_elastic.py:46: DeprecationWarning: Passing transport options in the API method is deprecated. Use 'Elasticsearch.options()' instead.
  bulk(
/app/cargar_data_elastic.py:61: DeprecationWarning: Passing transport options in the API method is deprecated. Use 'Elasticsearch.options()' instead.
  bulk(
/app/cargar_data_elastic.py:151: DeprecationWarning: Passing transport options in the API method is deprecated. Use 'Elasticsearch.options()' instead.
  bulk(
/app/cargar_data_elastic.py:151: DeprecationWarning: Passing transport options in the API method is deprecated. Use 'Elasticsearch.options()' instead.
  bulk(
/app/cargar_data_elastic.py:151: DeprecationWarning: Passing transport options in the API method is deprecated. Use 'Elasticsearch.options()' instead.
  bulk(
/app/cargar_data_elastic.py:151: DeprecationWarning: Passing transport options in the API method is deprecated. Use 'Elasticsearch.options()' instead.
  bulk(
/app/cargar_data_elastic.py:151: DeprecationWarning: Passing transport options in the API method is deprecated. Use 'Elasticsearch.options()' instead.
  bulk(
/app/cargar_data_elastic.py:151: DeprecationWarning: Passing transport options in the API method is deprecated. Use 'Elasticsearch.options()' instead.
  bulk(
/app/cargar_data_elastic.py:151: DeprecationWarning: Passing transport options in the API method is deprecated. Use 'Elasticsearch.options()' instead.
  bulk(
/app/cargar_data_elastic.py:151: DeprecationWarning: Passing transport options in the API method is deprecated. Use 'Elasticsearch.options()' instead.
  bulk(
Exportación de MongoDB a Elasticsearch completada.
Exportación de CSV a Elasticsearch completada.
[2025-07-01 17:18:53] Pipeline completado correctamente
[2025-07-01 17:20:01] Ejecutando pipeline desde /home/camilo/udp/sist-distribuidos/sistemas_distribuidos/tarea_3
[2025-07-01 17:20:01] Ejecutando uploader
 Container elasticsearch  Running
 Container mongodb-general  Running
 Container waze-scrapper-general  Created
 Container m7-filtering-general  Created
 Container m8-processing-general  Created
 Container waze-scrapper-general  Starting
 Container waze-scrapper-general  Started
 Container waze-scrapper-general  Waiting
 Container waze-scrapper-general  Exited
 Container m7-filtering-general  Starting
 Container m7-filtering-general  Started
 Container m7-filtering-general  Waiting
 Container m7-filtering-general  Exited
 Container m8-processing-general  Starting
 Container m8-processing-general  Started
/app/cargar_data_elastic.py:46: DeprecationWarning: Passing transport options in the API method is deprecated. Use 'Elasticsearch.options()' instead.
  bulk(
/app/cargar_data_elastic.py:61: DeprecationWarning: Passing transport options in the API method is deprecated. Use 'Elasticsearch.options()' instead.
  bulk(
/app/cargar_data_elastic.py:151: DeprecationWarning: Passing transport options in the API method is deprecated. Use 'Elasticsearch.options()' instead.
  bulk(
/app/cargar_data_elastic.py:151: DeprecationWarning: Passing transport options in the API method is deprecated. Use 'Elasticsearch.options()' instead.
  bulk(
/app/cargar_data_elastic.py:151: DeprecationWarning: Passing transport options in the API method is deprecated. Use 'Elasticsearch.options()' instead.
  bulk(
/app/cargar_data_elastic.py:151: DeprecationWarning: Passing transport options in the API method is deprecated. Use 'Elasticsearch.options()' instead.
  bulk(
/app/cargar_data_elastic.py:151: DeprecationWarning: Passing transport options in the API method is deprecated. Use 'Elasticsearch.options()' instead.
  bulk(
/app/cargar_data_elastic.py:151: DeprecationWarning: Passing transport options in the API method is deprecated. Use 'Elasticsearch.options()' instead.
  bulk(
/app/cargar_data_elastic.py:151: DeprecationWarning: Passing transport options in the API method is deprecated. Use 'Elasticsearch.options()' instead.
  bulk(
/app/cargar_data_elastic.py:151: DeprecationWarning: Passing transport options in the API method is deprecated. Use 'Elasticsearch.options()' instead.
  bulk(
Exportación de MongoDB a Elasticsearch completada.
Exportación de CSV a Elasticsearch completada.
[2025-07-01 17:21:58] Pipeline completado correctamente
[2025-07-01 17:25:01] Ejecutando pipeline desde /home/camilo/udp/sist-distribuidos/sistemas_distribuidos/tarea_3
[2025-07-01 17:25:01] Ejecutando uploader
 Container mongodb-general  Running
 Container elasticsearch  Running
 Container waze-scrapper-general  Created
 Container m7-filtering-general  Created
 Container m8-processing-general  Created
 Container waze-scrapper-general  Starting
 Container waze-scrapper-general  Started
 Container waze-scrapper-general  Waiting
 Container waze-scrapper-general  Exited
 Container m7-filtering-general  Starting
 Container m7-filtering-general  Started
 Container m7-filtering-general  Waiting
 Container m7-filtering-general  Exited
 Container m8-processing-general  Starting
 Container m8-processing-general  Started
/app/cargar_data_elastic.py:46: DeprecationWarning: Passing transport options in the API method is deprecated. Use 'Elasticsearch.options()' instead.
  bulk(
/app/cargar_data_elastic.py:61: DeprecationWarning: Passing transport options in the API method is deprecated. Use 'Elasticsearch.options()' instead.
  bulk(
/app/cargar_data_elastic.py:151: DeprecationWarning: Passing transport options in the API method is deprecated. Use 'Elasticsearch.options()' instead.
  bulk(
/app/cargar_data_elastic.py:151: DeprecationWarning: Passing transport options in the API method is deprecated. Use 'Elasticsearch.options()' instead.
  bulk(
/app/cargar_data_elastic.py:151: DeprecationWarning: Passing transport options in the API method is deprecated. Use 'Elasticsearch.options()' instead.
  bulk(
/app/cargar_data_elastic.py:151: DeprecationWarning: Passing transport options in the API method is deprecated. Use 'Elasticsearch.options()' instead.
  bulk(
/app/cargar_data_elastic.py:151: DeprecationWarning: Passing transport options in the API method is deprecated. Use 'Elasticsearch.options()' instead.
  bulk(
/app/cargar_data_elastic.py:151: DeprecationWarning: Passing transport options in the API method is deprecated. Use 'Elasticsearch.options()' instead.
  bulk(
/app/cargar_data_elastic.py:151: DeprecationWarning: Passing transport options in the API method is deprecated. Use 'Elasticsearch.options()' instead.
  bulk(
/app/cargar_data_elastic.py:151: DeprecationWarning: Passing transport options in the API method is deprecated. Use 'Elasticsearch.options()' instead.
  bulk(
Exportación de MongoDB a Elasticsearch completada.
Exportación de CSV a Elasticsearch completada.
[2025-07-01 17:26:59] Pipeline completado correctamente
[2025-07-01 17:30:01] Ejecutando pipeline desde /home/camilo/udp/sist-distribuidos/sistemas_distribuidos/tarea_3
[2025-07-01 17:30:01] Ejecutando uploader
 Container mongodb-general  Running
 Container elasticsearch  Running
 Container waze-scrapper-general  Created
 Container m7-filtering-general  Created
 Container m8-processing-general  Created
 Container waze-scrapper-general  Starting
 Container waze-scrapper-general  Started
 Container waze-scrapper-general  Waiting
 Container waze-scrapper-general  Exited
 Container m7-filtering-general  Starting
 Container m7-filtering-general  Started
 Container m7-filtering-general  Waiting
 Container m7-filtering-general  Exited
 Container m8-processing-general  Starting
 Container m8-processing-general  Started
/app/cargar_data_elastic.py:46: DeprecationWarning: Passing transport options in the API method is deprecated. Use 'Elasticsearch.options()' instead.
  bulk(
/app/cargar_data_elastic.py:61: DeprecationWarning: Passing transport options in the API method is deprecated. Use 'Elasticsearch.options()' instead.
  bulk(
/app/cargar_data_elastic.py:151: DeprecationWarning: Passing transport options in the API method is deprecated. Use 'Elasticsearch.options()' instead.
  bulk(
/app/cargar_data_elastic.py:151: DeprecationWarning: Passing transport options in the API method is deprecated. Use 'Elasticsearch.options()' instead.
  bulk(
/app/cargar_data_elastic.py:151: DeprecationWarning: Passing transport options in the API method is deprecated. Use 'Elasticsearch.options()' instead.
  bulk(
/app/cargar_data_elastic.py:151: DeprecationWarning: Passing transport options in the API method is deprecated. Use 'Elasticsearch.options()' instead.
  bulk(
/app/cargar_data_elastic.py:151: DeprecationWarning: Passing transport options in the API method is deprecated. Use 'Elasticsearch.options()' instead.
  bulk(
/app/cargar_data_elastic.py:151: DeprecationWarning: Passing transport options in the API method is deprecated. Use 'Elasticsearch.options()' instead.
  bulk(
/app/cargar_data_elastic.py:151: DeprecationWarning: Passing transport options in the API method is deprecated. Use 'Elasticsearch.options()' instead.
  bulk(
/app/cargar_data_elastic.py:151: DeprecationWarning: Passing transport options in the API method is deprecated. Use 'Elasticsearch.options()' instead.
  bulk(
Exportación de MongoDB a Elasticsearch completada.
Exportación de CSV a Elasticsearch completada.
[2025-07-01 17:31:57] Pipeline completado correctamente
[2025-07-01 17:35:01] Ejecutando pipeline desde /home/camilo/udp/sist-distribuidos/sistemas_distribuidos/tarea_3
[2025-07-01 17:35:01] Ejecutando uploader
 Container elasticsearch  Running
 Container mongodb-general  Running
 Container waze-scrapper-general  Created
 Container m7-filtering-general  Created
 Container m8-processing-general  Created
 Container waze-scrapper-general  Starting
 Container waze-scrapper-general  Started
 Container waze-scrapper-general  Waiting
 Container waze-scrapper-general  Exited
 Container m7-filtering-general  Starting
 Container m7-filtering-general  Started
 Container m7-filtering-general  Waiting
 Container m7-filtering-general  Exited
 Container m8-processing-general  Starting
 Container m8-processing-general  Started
/app/cargar_data_elastic.py:46: DeprecationWarning: Passing transport options in the API method is deprecated. Use 'Elasticsearch.options()' instead.
  bulk(
/app/cargar_data_elastic.py:61: DeprecationWarning: Passing transport options in the API method is deprecated. Use 'Elasticsearch.options()' instead.
  bulk(
/app/cargar_data_elastic.py:151: DeprecationWarning: Passing transport options in the API method is deprecated. Use 'Elasticsearch.options()' instead.
  bulk(
/app/cargar_data_elastic.py:151: DeprecationWarning: Passing transport options in the API method is deprecated. Use 'Elasticsearch.options()' instead.
  bulk(
/app/cargar_data_elastic.py:151: DeprecationWarning: Passing transport options in the API method is deprecated. Use 'Elasticsearch.options()' instead.
  bulk(
/app/cargar_data_elastic.py:151: DeprecationWarning: Passing transport options in the API method is deprecated. Use 'Elasticsearch.options()' instead.
  bulk(
/app/cargar_data_elastic.py:151: DeprecationWarning: Passing transport options in the API method is deprecated. Use 'Elasticsearch.options()' instead.
  bulk(
/app/cargar_data_elastic.py:151: DeprecationWarning: Passing transport options in the API method is deprecated. Use 'Elasticsearch.options()' instead.
  bulk(
/app/cargar_data_elastic.py:151: DeprecationWarning: Passing transport options in the API method is deprecated. Use 'Elasticsearch.options()' instead.
  bulk(
/app/cargar_data_elastic.py:151: DeprecationWarning: Passing transport options in the API method is deprecated. Use 'Elasticsearch.options()' instead.
  bulk(
Exportación de MongoDB a Elasticsearch completada.
Exportación de CSV a Elasticsearch completada.
[2025-07-01 17:36:56] Pipeline completado correctamente
[2025-07-01 17:43:15] Ejecutando pipeline desde /home/camilo/udp/sist-distribuidos/sistemas_distribuidos/tarea_3
[2025-07-01 17:43:15] Ejecutando uploader
 Container elasticsearch  Running
 Container mongodb-general  Running
 Container waze-scrapper-general  Created
 Container m7-filtering-general  Created
 Container m8-processing-general  Created
 Container waze-scrapper-general  Starting
 Container waze-scrapper-general  Started
 Container waze-scrapper-general  Waiting
[2025-07-01 17:40:01] Ejecutando pipeline desde /home/camilo/udp/sist-distribuidos/sistemas_distribuidos/tarea_3
[2025-07-01 17:40:01] Ejecutando uploader
 Container elasticsearch  Running
 Container mongodb-general  Running
 Container waze-scrapper-general  Running
 Container m7-filtering-general  Created
 Container m8-processing-general  Created
 Container waze-scrapper-general  Waiting
 Container waze-scrapper-general  Exited
 Container m7-filtering-general  Starting
 Container waze-scrapper-general  Exited
 Container m7-filtering-general  Starting
 Container m7-filtering-general  Started
 Container m7-filtering-general  Waiting
 Container m7-filtering-general  Started
 Container m7-filtering-general  Waiting
 Container m7-filtering-general  Exited
 Container m8-processing-general  Starting
 Container m7-filtering-general  Exited
 Container m8-processing-general  Starting
 Container m8-processing-general  Started
 Container m8-processing-general  Started
/app/cargar_data_elastic.py:46: DeprecationWarning: Passing transport options in the API method is deprecated. Use 'Elasticsearch.options()' instead.
  bulk(
/app/cargar_data_elastic.py:46: DeprecationWarning: Passing transport options in the API method is deprecated. Use 'Elasticsearch.options()' instead.
  bulk(
/app/cargar_data_elastic.py:61: DeprecationWarning: Passing transport options in the API method is deprecated. Use 'Elasticsearch.options()' instead.
  bulk(
/app/cargar_data_elastic.py:61: DeprecationWarning: Passing transport options in the API method is deprecated. Use 'Elasticsearch.options()' instead.
  bulk(
/app/cargar_data_elastic.py:151: DeprecationWarning: Passing transport options in the API method is deprecated. Use 'Elasticsearch.options()' instead.
  bulk(
/app/cargar_data_elastic.py:151: DeprecationWarning: Passing transport options in the API method is deprecated. Use 'Elasticsearch.options()' instead.
  bulk(
/app/cargar_data_elastic.py:151: DeprecationWarning: Passing transport options in the API method is deprecated. Use 'Elasticsearch.options()' instead.
  bulk(
/app/cargar_data_elastic.py:151: DeprecationWarning: Passing transport options in the API method is deprecated. Use 'Elasticsearch.options()' instead.
  bulk(
/app/cargar_data_elastic.py:151: DeprecationWarning: Passing transport options in the API method is deprecated. Use 'Elasticsearch.options()' instead.
  bulk(
/app/cargar_data_elastic.py:151: DeprecationWarning: Passing transport options in the API method is deprecated. Use 'Elasticsearch.options()' instead.
  bulk(
/app/cargar_data_elastic.py:151: DeprecationWarning: Passing transport options in the API method is deprecated. Use 'Elasticsearch.options()' instead.
  bulk(
/app/cargar_data_elastic.py:151: DeprecationWarning: Passing transport options in the API method is deprecated. Use 'Elasticsearch.options()' instead.
  bulk(
/app/cargar_data_elastic.py:151: DeprecationWarning: Passing transport options in the API method is deprecated. Use 'Elasticsearch.options()' instead.
  bulk(
/app/cargar_data_elastic.py:151: DeprecationWarning: Passing transport options in the API method is deprecated. Use 'Elasticsearch.options()' instead.
  bulk(
/app/cargar_data_elastic.py:151: DeprecationWarning: Passing transport options in the API method is deprecated. Use 'Elasticsearch.options()' instead.
  bulk(
/app/cargar_data_elastic.py:151: DeprecationWarning: Passing transport options in the API method is deprecated. Use 'Elasticsearch.options()' instead.
  bulk(
/app/cargar_data_elastic.py:151: DeprecationWarning: Passing transport options in the API method is deprecated. Use 'Elasticsearch.options()' instead.
  bulk(
/app/cargar_data_elastic.py:151: DeprecationWarning: Passing transport options in the API method is deprecated. Use 'Elasticsearch.options()' instead.
  bulk(
/app/cargar_data_elastic.py:151: DeprecationWarning: Passing transport options in the API method is deprecated. Use 'Elasticsearch.options()' instead.
  bulk(
/app/cargar_data_elastic.py:151: DeprecationWarning: Passing transport options in the API method is deprecated. Use 'Elasticsearch.options()' instead.
  bulk(
Exportación de MongoDB a Elasticsearch completada.
Exportación de CSV a Elasticsearch completada.
Exportación de MongoDB a Elasticsearch completada.
Exportación de CSV a Elasticsearch completada.
[2025-07-01 17:40:58] Pipeline completado correctamente
[2025-07-01 17:40:59] Pipeline completado correctamente
[2025-07-01 17:49:15] Ejecutando pipeline desde /home/camilo/udp/sist-distribuidos/sistemas_distribuidos/tarea_3
[2025-07-01 17:49:15] Ejecutando uploader
 Container elasticsearch  Running
 Container mongodb-general  Running
 Container waze-scrapper-general  Created
 Container m7-filtering-general  Created
 Container m8-processing-general  Created
 Container waze-scrapper-general  Starting
 Container waze-scrapper-general  Started
 Container waze-scrapper-general  Waiting
[2025-07-01 17:45:46] Ejecutando pipeline desde /home/camilo/udp/sist-distribuidos/sistemas_distribuidos/tarea_3
[2025-07-01 17:45:46] Ejecutando uploader
 Container elasticsearch  Running
 Container mongodb-general  Running
 Container waze-scrapper-general  Running
 Container m7-filtering-general  Created
 Container m8-processing-general  Created
 Container waze-scrapper-general  Waiting
 Container waze-scrapper-general  Exited
 Container m7-filtering-general  Starting
 Container waze-scrapper-general  Exited
 Container m7-filtering-general  Starting
 Container m7-filtering-general  Started
 Container m7-filtering-general  Waiting
 Container m7-filtering-general  Started
 Container m7-filtering-general  Waiting
 Container m7-filtering-general  Exited
 Container m8-processing-general  Starting
 Container m7-filtering-general  Exited
 Container m8-processing-general  Starting
 Container m8-processing-general  Started
 Container m8-processing-general  Started
/app/cargar_data_elastic.py:46: DeprecationWarning: Passing transport options in the API method is deprecated. Use 'Elasticsearch.options()' instead.
  bulk(
/app/cargar_data_elastic.py:46: DeprecationWarning: Passing transport options in the API method is deprecated. Use 'Elasticsearch.options()' instead.
  bulk(
/app/cargar_data_elastic.py:61: DeprecationWarning: Passing transport options in the API method is deprecated. Use 'Elasticsearch.options()' instead.
  bulk(
/app/cargar_data_elastic.py:61: DeprecationWarning: Passing transport options in the API method is deprecated. Use 'Elasticsearch.options()' instead.
  bulk(
/app/cargar_data_elastic.py:151: DeprecationWarning: Passing transport options in the API method is deprecated. Use 'Elasticsearch.options()' instead.
  bulk(
/app/cargar_data_elastic.py:151: DeprecationWarning: Passing transport options in the API method is deprecated. Use 'Elasticsearch.options()' instead.
  bulk(
/app/cargar_data_elastic.py:151: DeprecationWarning: Passing transport options in the API method is deprecated. Use 'Elasticsearch.options()' instead.
  bulk(
/app/cargar_data_elastic.py:151: DeprecationWarning: Passing transport options in the API method is deprecated. Use 'Elasticsearch.options()' instead.
  bulk(
/app/cargar_data_elastic.py:151: DeprecationWarning: Passing transport options in the API method is deprecated. Use 'Elasticsearch.options()' instead.
  bulk(
/app/cargar_data_elastic.py:151: DeprecationWarning: Passing transport options in the API method is deprecated. Use 'Elasticsearch.options()' instead.
  bulk(
/app/cargar_data_elastic.py:151: DeprecationWarning: Passing transport options in the API method is deprecated. Use 'Elasticsearch.options()' instead.
  bulk(
/app/cargar_data_elastic.py:151: DeprecationWarning: Passing transport options in the API method is deprecated. Use 'Elasticsearch.options()' instead.
  bulk(
/app/cargar_data_elastic.py:151: DeprecationWarning: Passing transport options in the API method is deprecated. Use 'Elasticsearch.options()' instead.
  bulk(
/app/cargar_data_elastic.py:151: DeprecationWarning: Passing transport options in the API method is deprecated. Use 'Elasticsearch.options()' instead.
  bulk(
/app/cargar_data_elastic.py:151: DeprecationWarning: Passing transport options in the API method is deprecated. Use 'Elasticsearch.options()' instead.
  bulk(
/app/cargar_data_elastic.py:151: DeprecationWarning: Passing transport options in the API method is deprecated. Use 'Elasticsearch.options()' instead.
  bulk(
/app/cargar_data_elastic.py:151: DeprecationWarning: Passing transport options in the API method is deprecated. Use 'Elasticsearch.options()' instead.
  bulk(
/app/cargar_data_elastic.py:151: DeprecationWarning: Passing transport options in the API method is deprecated. Use 'Elasticsearch.options()' instead.
  bulk(
/app/cargar_data_elastic.py:151: DeprecationWarning: Passing transport options in the API method is deprecated. Use 'Elasticsearch.options()' instead.
  bulk(
/app/cargar_data_elastic.py:151: DeprecationWarning: Passing transport options in the API method is deprecated. Use 'Elasticsearch.options()' instead.
  bulk(
Exportación de MongoDB a Elasticsearch completada.
Exportación de CSV a Elasticsearch completada.
Exportación de MongoDB a Elasticsearch completada.
Exportación de CSV a Elasticsearch completada.
[2025-07-01 17:46:56] Pipeline completado correctamente
[2025-07-01 17:51:10] Pipeline completado correctamente
[2025-07-01 17:51:10] Ejecutando pipeline desde /home/camilo/udp/sist-distribuidos/sistemas_distribuidos/tarea_3
[2025-07-01 17:51:10] Ejecutando uploader
 Container mongodb-general  Running
 Container elasticsearch  Running
 Container waze-scrapper-general  Created
 Container m7-filtering-general  Created
 Container m8-processing-general  Created
 Container waze-scrapper-general  Starting
 Container waze-scrapper-general  Started
 Container waze-scrapper-general  Waiting
 Container waze-scrapper-general  Exited
 Container m7-filtering-general  Starting
 Container m7-filtering-general  Started
 Container m7-filtering-general  Waiting
 Container m7-filtering-general  Exited
 Container m8-processing-general  Starting
 Container m8-processing-general  Started
/app/cargar_data_elastic.py:46: DeprecationWarning: Passing transport options in the API method is deprecated. Use 'Elasticsearch.options()' instead.
  bulk(
/app/cargar_data_elastic.py:61: DeprecationWarning: Passing transport options in the API method is deprecated. Use 'Elasticsearch.options()' instead.
  bulk(
/app/cargar_data_elastic.py:151: DeprecationWarning: Passing transport options in the API method is deprecated. Use 'Elasticsearch.options()' instead.
  bulk(
/app/cargar_data_elastic.py:151: DeprecationWarning: Passing transport options in the API method is deprecated. Use 'Elasticsearch.options()' instead.
  bulk(
/app/cargar_data_elastic.py:151: DeprecationWarning: Passing transport options in the API method is deprecated. Use 'Elasticsearch.options()' instead.
  bulk(
/app/cargar_data_elastic.py:151: DeprecationWarning: Passing transport options in the API method is deprecated. Use 'Elasticsearch.options()' instead.
  bulk(
/app/cargar_data_elastic.py:151: DeprecationWarning: Passing transport options in the API method is deprecated. Use 'Elasticsearch.options()' instead.
  bulk(
/app/cargar_data_elastic.py:151: DeprecationWarning: Passing transport options in the API method is deprecated. Use 'Elasticsearch.options()' instead.
  bulk(
/app/cargar_data_elastic.py:151: DeprecationWarning: Passing transport options in the API method is deprecated. Use 'Elasticsearch.options()' instead.
  bulk(
/app/cargar_data_elastic.py:151: DeprecationWarning: Passing transport options in the API method is deprecated. Use 'Elasticsearch.options()' instead.
  bulk(
Exportación de MongoDB a Elasticsearch completada.
Exportación de CSV a Elasticsearch completada.
[2025-07-01 17:48:53] Pipeline completado correctamente
[2025-07-01 17:50:01] Ejecutando pipeline desde /home/camilo/udp/sist-distribuidos/sistemas_distribuidos/tarea_3
[2025-07-01 17:50:01] Ejecutando uploader
 Container elasticsearch  Running
 Container mongodb-general  Running
 Container waze-scrapper-general  Created
 Container m7-filtering-general  Created
 Container m8-processing-general  Created
 Container waze-scrapper-general  Starting
 Container waze-scrapper-general  Started
 Container waze-scrapper-general  Waiting
 Container waze-scrapper-general  Exited
 Container m7-filtering-general  Starting
 Container m7-filtering-general  Started
 Container m7-filtering-general  Waiting
 Container m7-filtering-general  Exited
 Container m8-processing-general  Starting
 Container m8-processing-general  Started
/app/cargar_data_elastic.py:46: DeprecationWarning: Passing transport options in the API method is deprecated. Use 'Elasticsearch.options()' instead.
  bulk(
/app/cargar_data_elastic.py:61: DeprecationWarning: Passing transport options in the API method is deprecated. Use 'Elasticsearch.options()' instead.
  bulk(
/app/cargar_data_elastic.py:151: DeprecationWarning: Passing transport options in the API method is deprecated. Use 'Elasticsearch.options()' instead.
  bulk(
/app/cargar_data_elastic.py:151: DeprecationWarning: Passing transport options in the API method is deprecated. Use 'Elasticsearch.options()' instead.
  bulk(
/app/cargar_data_elastic.py:151: DeprecationWarning: Passing transport options in the API method is deprecated. Use 'Elasticsearch.options()' instead.
  bulk(
/app/cargar_data_elastic.py:151: DeprecationWarning: Passing transport options in the API method is deprecated. Use 'Elasticsearch.options()' instead.
  bulk(
/app/cargar_data_elastic.py:151: DeprecationWarning: Passing transport options in the API method is deprecated. Use 'Elasticsearch.options()' instead.
  bulk(
/app/cargar_data_elastic.py:151: DeprecationWarning: Passing transport options in the API method is deprecated. Use 'Elasticsearch.options()' instead.
  bulk(
/app/cargar_data_elastic.py:151: DeprecationWarning: Passing transport options in the API method is deprecated. Use 'Elasticsearch.options()' instead.
  bulk(
/app/cargar_data_elastic.py:151: DeprecationWarning: Passing transport options in the API method is deprecated. Use 'Elasticsearch.options()' instead.
  bulk(
Exportación de MongoDB a Elasticsearch completada.
Exportación de CSV a Elasticsearch completada.
[2025-07-01 17:51:58] Pipeline completado correctamente
[2025-07-01 17:55:01] Ejecutando pipeline desde /home/camilo/udp/sist-distribuidos/sistemas_distribuidos/tarea_3
[2025-07-01 17:55:01] Ejecutando uploader
 Container elasticsearch  Running
 Container mongodb-general  Running
 Container waze-scrapper-general  Created
 Container m7-filtering-general  Created
 Container m8-processing-general  Created
 Container waze-scrapper-general  Starting
 Container waze-scrapper-general  Started
 Container waze-scrapper-general  Waiting
 Container waze-scrapper-general  Exited
 Container m7-filtering-general  Starting
 Container m7-filtering-general  Started
 Container m7-filtering-general  Waiting
 Container m7-filtering-general  Exited
 Container m8-processing-general  Starting
 Container m8-processing-general  Started
/app/cargar_data_elastic.py:46: DeprecationWarning: Passing transport options in the API method is deprecated. Use 'Elasticsearch.options()' instead.
  bulk(
/app/cargar_data_elastic.py:61: DeprecationWarning: Passing transport options in the API method is deprecated. Use 'Elasticsearch.options()' instead.
  bulk(
/app/cargar_data_elastic.py:151: DeprecationWarning: Passing transport options in the API method is deprecated. Use 'Elasticsearch.options()' instead.
  bulk(
/app/cargar_data_elastic.py:151: DeprecationWarning: Passing transport options in the API method is deprecated. Use 'Elasticsearch.options()' instead.
  bulk(
/app/cargar_data_elastic.py:151: DeprecationWarning: Passing transport options in the API method is deprecated. Use 'Elasticsearch.options()' instead.
  bulk(
/app/cargar_data_elastic.py:151: DeprecationWarning: Passing transport options in the API method is deprecated. Use 'Elasticsearch.options()' instead.
  bulk(
/app/cargar_data_elastic.py:151: DeprecationWarning: Passing transport options in the API method is deprecated. Use 'Elasticsearch.options()' instead.
  bulk(
/app/cargar_data_elastic.py:151: DeprecationWarning: Passing transport options in the API method is deprecated. Use 'Elasticsearch.options()' instead.
  bulk(
/app/cargar_data_elastic.py:151: DeprecationWarning: Passing transport options in the API method is deprecated. Use 'Elasticsearch.options()' instead.
  bulk(
/app/cargar_data_elastic.py:151: DeprecationWarning: Passing transport options in the API method is deprecated. Use 'Elasticsearch.options()' instead.
  bulk(
Exportación de MongoDB a Elasticsearch completada.
Exportación de CSV a Elasticsearch completada.
[2025-07-01 17:56:57] Pipeline completado correctamente
[2025-07-01 18:00:01] Ejecutando pipeline desde /home/camilo/udp/sist-distribuidos/sistemas_distribuidos/tarea_3
[2025-07-01 18:00:01] Ejecutando uploader
 Container mongodb-general  Running
 Container elasticsearch  Running
 Container waze-scrapper-general  Created
 Container m7-filtering-general  Created
 Container m8-processing-general  Created
 Container waze-scrapper-general  Starting
 Container waze-scrapper-general  Started
 Container waze-scrapper-general  Waiting
 Container waze-scrapper-general  Exited
 Container m7-filtering-general  Starting
 Container m7-filtering-general  Started
 Container m7-filtering-general  Waiting
 Container m7-filtering-general  Exited
 Container m8-processing-general  Starting
 Container m8-processing-general  Started
/app/cargar_data_elastic.py:46: DeprecationWarning: Passing transport options in the API method is deprecated. Use 'Elasticsearch.options()' instead.
  bulk(
/app/cargar_data_elastic.py:61: DeprecationWarning: Passing transport options in the API method is deprecated. Use 'Elasticsearch.options()' instead.
  bulk(
/app/cargar_data_elastic.py:151: DeprecationWarning: Passing transport options in the API method is deprecated. Use 'Elasticsearch.options()' instead.
  bulk(
/app/cargar_data_elastic.py:151: DeprecationWarning: Passing transport options in the API method is deprecated. Use 'Elasticsearch.options()' instead.
  bulk(
/app/cargar_data_elastic.py:151: DeprecationWarning: Passing transport options in the API method is deprecated. Use 'Elasticsearch.options()' instead.
  bulk(
/app/cargar_data_elastic.py:151: DeprecationWarning: Passing transport options in the API method is deprecated. Use 'Elasticsearch.options()' instead.
  bulk(
/app/cargar_data_elastic.py:151: DeprecationWarning: Passing transport options in the API method is deprecated. Use 'Elasticsearch.options()' instead.
  bulk(
/app/cargar_data_elastic.py:151: DeprecationWarning: Passing transport options in the API method is deprecated. Use 'Elasticsearch.options()' instead.
  bulk(
/app/cargar_data_elastic.py:151: DeprecationWarning: Passing transport options in the API method is deprecated. Use 'Elasticsearch.options()' instead.
  bulk(
/app/cargar_data_elastic.py:151: DeprecationWarning: Passing transport options in the API method is deprecated. Use 'Elasticsearch.options()' instead.
  bulk(
Exportación de MongoDB a Elasticsearch completada.
Exportación de CSV a Elasticsearch completada.
[2025-07-01 18:01:56] Pipeline completado correctamente
[2025-07-01 18:05:01] Ejecutando pipeline desde /home/camilo/udp/sist-distribuidos/sistemas_distribuidos/tarea_3
[2025-07-01 18:05:01] Ejecutando uploader
 Container mongodb-general  Running
 Container elasticsearch  Running
 Container waze-scrapper-general  Created
 Container m7-filtering-general  Created
 Container m8-processing-general  Created
 Container waze-scrapper-general  Starting
 Container waze-scrapper-general  Started
 Container waze-scrapper-general  Waiting
 Container waze-scrapper-general  Exited
 Container m7-filtering-general  Starting
 Container m7-filtering-general  Started
 Container m7-filtering-general  Waiting
 Container m7-filtering-general  Exited
 Container m8-processing-general  Starting
 Container m8-processing-general  Started
/app/cargar_data_elastic.py:46: DeprecationWarning: Passing transport options in the API method is deprecated. Use 'Elasticsearch.options()' instead.
  bulk(
/app/cargar_data_elastic.py:61: DeprecationWarning: Passing transport options in the API method is deprecated. Use 'Elasticsearch.options()' instead.
  bulk(
/app/cargar_data_elastic.py:151: DeprecationWarning: Passing transport options in the API method is deprecated. Use 'Elasticsearch.options()' instead.
  bulk(
/app/cargar_data_elastic.py:151: DeprecationWarning: Passing transport options in the API method is deprecated. Use 'Elasticsearch.options()' instead.
  bulk(
/app/cargar_data_elastic.py:151: DeprecationWarning: Passing transport options in the API method is deprecated. Use 'Elasticsearch.options()' instead.
  bulk(
/app/cargar_data_elastic.py:151: DeprecationWarning: Passing transport options in the API method is deprecated. Use 'Elasticsearch.options()' instead.
  bulk(
/app/cargar_data_elastic.py:151: DeprecationWarning: Passing transport options in the API method is deprecated. Use 'Elasticsearch.options()' instead.
  bulk(
/app/cargar_data_elastic.py:151: DeprecationWarning: Passing transport options in the API method is deprecated. Use 'Elasticsearch.options()' instead.
  bulk(
/app/cargar_data_elastic.py:151: DeprecationWarning: Passing transport options in the API method is deprecated. Use 'Elasticsearch.options()' instead.
  bulk(
/app/cargar_data_elastic.py:151: DeprecationWarning: Passing transport options in the API method is deprecated. Use 'Elasticsearch.options()' instead.
  bulk(
Exportación de MongoDB a Elasticsearch completada.
Exportación de CSV a Elasticsearch completada.
[2025-07-01 18:06:56] Pipeline completado correctamente
[2025-07-01 18:10:01] Ejecutando pipeline desde /home/camilo/udp/sist-distribuidos/sistemas_distribuidos/tarea_3
[2025-07-01 18:10:01] Ejecutando uploader
 Container mongodb-general  Running
 Container elasticsearch  Running
 Container waze-scrapper-general  Created
 Container m7-filtering-general  Created
 Container m8-processing-general  Created
 Container waze-scrapper-general  Starting
 Container waze-scrapper-general  Started
 Container waze-scrapper-general  Waiting
 Container waze-scrapper-general  Exited
 Container m7-filtering-general  Starting
 Container m7-filtering-general  Started
 Container m7-filtering-general  Waiting
 Container m7-filtering-general  Exited
 Container m8-processing-general  Starting
 Container m8-processing-general  Started
/app/cargar_data_elastic.py:46: DeprecationWarning: Passing transport options in the API method is deprecated. Use 'Elasticsearch.options()' instead.
  bulk(
/app/cargar_data_elastic.py:61: DeprecationWarning: Passing transport options in the API method is deprecated. Use 'Elasticsearch.options()' instead.
  bulk(
/app/cargar_data_elastic.py:151: DeprecationWarning: Passing transport options in the API method is deprecated. Use 'Elasticsearch.options()' instead.
  bulk(
/app/cargar_data_elastic.py:151: DeprecationWarning: Passing transport options in the API method is deprecated. Use 'Elasticsearch.options()' instead.
  bulk(
/app/cargar_data_elastic.py:151: DeprecationWarning: Passing transport options in the API method is deprecated. Use 'Elasticsearch.options()' instead.
  bulk(
/app/cargar_data_elastic.py:151: DeprecationWarning: Passing transport options in the API method is deprecated. Use 'Elasticsearch.options()' instead.
  bulk(
/app/cargar_data_elastic.py:151: DeprecationWarning: Passing transport options in the API method is deprecated. Use 'Elasticsearch.options()' instead.
  bulk(
/app/cargar_data_elastic.py:151: DeprecationWarning: Passing transport options in the API method is deprecated. Use 'Elasticsearch.options()' instead.
  bulk(
/app/cargar_data_elastic.py:151: DeprecationWarning: Passing transport options in the API method is deprecated. Use 'Elasticsearch.options()' instead.
  bulk(
/app/cargar_data_elastic.py:151: DeprecationWarning: Passing transport options in the API method is deprecated. Use 'Elasticsearch.options()' instead.
  bulk(
Exportación de MongoDB a Elasticsearch completada.
Exportación de CSV a Elasticsearch completada.
[2025-07-01 18:11:58] Pipeline completado correctamente
[2025-07-01 18:15:01] Ejecutando pipeline desde /home/camilo/udp/sist-distribuidos/sistemas_distribuidos/tarea_3
[2025-07-01 18:15:01] Ejecutando uploader
 Container elasticsearch  Running
 Container mongodb-general  Running
 Container waze-scrapper-general  Created
 Container m7-filtering-general  Created
 Container m8-processing-general  Created
 Container waze-scrapper-general  Starting
 Container waze-scrapper-general  Started
 Container waze-scrapper-general  Waiting
 Container waze-scrapper-general  Exited
 Container m7-filtering-general  Starting
 Container m7-filtering-general  Started
 Container m7-filtering-general  Waiting
 Container m7-filtering-general  Exited
 Container m8-processing-general  Starting
 Container m8-processing-general  Started
/app/cargar_data_elastic.py:46: DeprecationWarning: Passing transport options in the API method is deprecated. Use 'Elasticsearch.options()' instead.
  bulk(
/app/cargar_data_elastic.py:61: DeprecationWarning: Passing transport options in the API method is deprecated. Use 'Elasticsearch.options()' instead.
  bulk(
/app/cargar_data_elastic.py:151: DeprecationWarning: Passing transport options in the API method is deprecated. Use 'Elasticsearch.options()' instead.
  bulk(
/app/cargar_data_elastic.py:151: DeprecationWarning: Passing transport options in the API method is deprecated. Use 'Elasticsearch.options()' instead.
  bulk(
/app/cargar_data_elastic.py:151: DeprecationWarning: Passing transport options in the API method is deprecated. Use 'Elasticsearch.options()' instead.
  bulk(
/app/cargar_data_elastic.py:151: DeprecationWarning: Passing transport options in the API method is deprecated. Use 'Elasticsearch.options()' instead.
  bulk(
/app/cargar_data_elastic.py:151: DeprecationWarning: Passing transport options in the API method is deprecated. Use 'Elasticsearch.options()' instead.
  bulk(
/app/cargar_data_elastic.py:151: DeprecationWarning: Passing transport options in the API method is deprecated. Use 'Elasticsearch.options()' instead.
  bulk(
/app/cargar_data_elastic.py:151: DeprecationWarning: Passing transport options in the API method is deprecated. Use 'Elasticsearch.options()' instead.
  bulk(
/app/cargar_data_elastic.py:151: DeprecationWarning: Passing transport options in the API method is deprecated. Use 'Elasticsearch.options()' instead.
  bulk(
Exportación de MongoDB a Elasticsearch completada.
Exportación de CSV a Elasticsearch completada.
[2025-07-01 18:16:58] Pipeline completado correctamente
[2025-07-01 18:20:01] Ejecutando pipeline desde /home/camilo/udp/sist-distribuidos/sistemas_distribuidos/tarea_3
[2025-07-01 18:20:01] Ejecutando uploader
 Container elasticsearch  Running
 Container mongodb-general  Running
 Container waze-scrapper-general  Created
 Container m7-filtering-general  Created
 Container m8-processing-general  Created
 Container waze-scrapper-general  Starting
 Container waze-scrapper-general  Started
 Container waze-scrapper-general  Waiting
 Container waze-scrapper-general  Exited
 Container m7-filtering-general  Starting
 Container m7-filtering-general  Started
 Container m7-filtering-general  Waiting
 Container m7-filtering-general  Exited
 Container m8-processing-general  Starting
 Container m8-processing-general  Started
/app/cargar_data_elastic.py:46: DeprecationWarning: Passing transport options in the API method is deprecated. Use 'Elasticsearch.options()' instead.
  bulk(
/app/cargar_data_elastic.py:61: DeprecationWarning: Passing transport options in the API method is deprecated. Use 'Elasticsearch.options()' instead.
  bulk(
/app/cargar_data_elastic.py:151: DeprecationWarning: Passing transport options in the API method is deprecated. Use 'Elasticsearch.options()' instead.
  bulk(
/app/cargar_data_elastic.py:151: DeprecationWarning: Passing transport options in the API method is deprecated. Use 'Elasticsearch.options()' instead.
  bulk(
/app/cargar_data_elastic.py:151: DeprecationWarning: Passing transport options in the API method is deprecated. Use 'Elasticsearch.options()' instead.
  bulk(
/app/cargar_data_elastic.py:151: DeprecationWarning: Passing transport options in the API method is deprecated. Use 'Elasticsearch.options()' instead.
  bulk(
/app/cargar_data_elastic.py:151: DeprecationWarning: Passing transport options in the API method is deprecated. Use 'Elasticsearch.options()' instead.
  bulk(
/app/cargar_data_elastic.py:151: DeprecationWarning: Passing transport options in the API method is deprecated. Use 'Elasticsearch.options()' instead.
  bulk(
/app/cargar_data_elastic.py:151: DeprecationWarning: Passing transport options in the API method is deprecated. Use 'Elasticsearch.options()' instead.
  bulk(
/app/cargar_data_elastic.py:151: DeprecationWarning: Passing transport options in the API method is deprecated. Use 'Elasticsearch.options()' instead.
  bulk(
Exportación de MongoDB a Elasticsearch completada.
Exportación de CSV a Elasticsearch completada.
[2025-07-01 18:22:00] Pipeline completado correctamente
[2025-07-01 18:25:01] Ejecutando pipeline desde /home/camilo/udp/sist-distribuidos/sistemas_distribuidos/tarea_3
[2025-07-01 18:25:01] Ejecutando uploader
 Container elasticsearch  Running
 Container mongodb-general  Running
 Container waze-scrapper-general  Created
 Container m7-filtering-general  Created
 Container m8-processing-general  Created
 Container waze-scrapper-general  Starting
 Container waze-scrapper-general  Started
 Container waze-scrapper-general  Waiting
 Container waze-scrapper-general  Exited
 Container m7-filtering-general  Starting
 Container m7-filtering-general  Started
 Container m7-filtering-general  Waiting
 Container m7-filtering-general  Exited
 Container m8-processing-general  Starting
 Container m8-processing-general  Started
/app/cargar_data_elastic.py:46: DeprecationWarning: Passing transport options in the API method is deprecated. Use 'Elasticsearch.options()' instead.
  bulk(
/app/cargar_data_elastic.py:61: DeprecationWarning: Passing transport options in the API method is deprecated. Use 'Elasticsearch.options()' instead.
  bulk(
/app/cargar_data_elastic.py:151: DeprecationWarning: Passing transport options in the API method is deprecated. Use 'Elasticsearch.options()' instead.
  bulk(
/app/cargar_data_elastic.py:151: DeprecationWarning: Passing transport options in the API method is deprecated. Use 'Elasticsearch.options()' instead.
  bulk(
/app/cargar_data_elastic.py:151: DeprecationWarning: Passing transport options in the API method is deprecated. Use 'Elasticsearch.options()' instead.
  bulk(
/app/cargar_data_elastic.py:151: DeprecationWarning: Passing transport options in the API method is deprecated. Use 'Elasticsearch.options()' instead.
  bulk(
/app/cargar_data_elastic.py:151: DeprecationWarning: Passing transport options in the API method is deprecated. Use 'Elasticsearch.options()' instead.
  bulk(
/app/cargar_data_elastic.py:151: DeprecationWarning: Passing transport options in the API method is deprecated. Use 'Elasticsearch.options()' instead.
  bulk(
/app/cargar_data_elastic.py:151: DeprecationWarning: Passing transport options in the API method is deprecated. Use 'Elasticsearch.options()' instead.
  bulk(
/app/cargar_data_elastic.py:151: DeprecationWarning: Passing transport options in the API method is deprecated. Use 'Elasticsearch.options()' instead.
  bulk(
Exportación de MongoDB a Elasticsearch completada.
Exportación de CSV a Elasticsearch completada.
[2025-07-01 18:27:01] Pipeline completado correctamente
[2025-07-01 18:30:01] Ejecutando pipeline desde /home/camilo/udp/sist-distribuidos/sistemas_distribuidos/tarea_3
[2025-07-01 18:30:01] Ejecutando uploader
 Container elasticsearch  Running
 Container mongodb-general  Running
 Container waze-scrapper-general  Created
 Container m7-filtering-general  Created
 Container m8-processing-general  Created
 Container waze-scrapper-general  Starting
 Container waze-scrapper-general  Started
 Container waze-scrapper-general  Waiting
 Container waze-scrapper-general  Exited
 Container m7-filtering-general  Starting
 Container m7-filtering-general  Started
 Container m7-filtering-general  Waiting
 Container m7-filtering-general  Exited
 Container m8-processing-general  Starting
 Container m8-processing-general  Started
/app/cargar_data_elastic.py:46: DeprecationWarning: Passing transport options in the API method is deprecated. Use 'Elasticsearch.options()' instead.
  bulk(
/app/cargar_data_elastic.py:61: DeprecationWarning: Passing transport options in the API method is deprecated. Use 'Elasticsearch.options()' instead.
  bulk(
/app/cargar_data_elastic.py:151: DeprecationWarning: Passing transport options in the API method is deprecated. Use 'Elasticsearch.options()' instead.
  bulk(
/app/cargar_data_elastic.py:151: DeprecationWarning: Passing transport options in the API method is deprecated. Use 'Elasticsearch.options()' instead.
  bulk(
/app/cargar_data_elastic.py:151: DeprecationWarning: Passing transport options in the API method is deprecated. Use 'Elasticsearch.options()' instead.
  bulk(
/app/cargar_data_elastic.py:151: DeprecationWarning: Passing transport options in the API method is deprecated. Use 'Elasticsearch.options()' instead.
  bulk(
/app/cargar_data_elastic.py:151: DeprecationWarning: Passing transport options in the API method is deprecated. Use 'Elasticsearch.options()' instead.
  bulk(
/app/cargar_data_elastic.py:151: DeprecationWarning: Passing transport options in the API method is deprecated. Use 'Elasticsearch.options()' instead.
  bulk(
/app/cargar_data_elastic.py:151: DeprecationWarning: Passing transport options in the API method is deprecated. Use 'Elasticsearch.options()' instead.
  bulk(
/app/cargar_data_elastic.py:151: DeprecationWarning: Passing transport options in the API method is deprecated. Use 'Elasticsearch.options()' instead.
  bulk(
Exportación de MongoDB a Elasticsearch completada.
Exportación de CSV a Elasticsearch completada.
[2025-07-01 18:32:01] Pipeline completado correctamente
[2025-07-01 18:34:01] Ejecutando pipeline desde /home/camilo/udp/sist-distribuidos/sistemas_distribuidos/tarea_3
[2025-07-01 18:34:01] Ejecutando uploader
 Container elasticsearch  Running
 Container mongodb-general  Running
 Container waze-scrapper-general  Created
 Container m7-filtering-general  Created
 Container m8-processing-general  Created
 Container waze-scrapper-general  Starting
 Container waze-scrapper-general  Started
 Container waze-scrapper-general  Waiting
 Container waze-scrapper-general  Exited
 Container m7-filtering-general  Starting
 Container m7-filtering-general  Started
 Container m7-filtering-general  Waiting
 Container m7-filtering-general  Exited
 Container m8-processing-general  Starting
 Container m8-processing-general  Started
[2025-07-01 18:35:47] Ejecutando pipeline desde /home/camilo/udp/sist-distribuidos/sistemas_distribuidos/tarea_3
[2025-07-01 18:35:47] Ejecutando uploader
 Container elasticsearch  Running
 Container mongodb-general  Running
 Container waze-scrapper-general  Created
 Container m7-filtering-general  Created
 Container m8-processing-general  Running
 Container waze-scrapper-general  Starting
 Container waze-scrapper-general  Started
 Container waze-scrapper-general  Waiting
/app/cargar_data_elastic.py:46: DeprecationWarning: Passing transport options in the API method is deprecated. Use 'Elasticsearch.options()' instead.
  bulk(
/app/cargar_data_elastic.py:61: DeprecationWarning: Passing transport options in the API method is deprecated. Use 'Elasticsearch.options()' instead.
  bulk(
/app/cargar_data_elastic.py:151: DeprecationWarning: Passing transport options in the API method is deprecated. Use 'Elasticsearch.options()' instead.
  bulk(
/app/cargar_data_elastic.py:151: DeprecationWarning: Passing transport options in the API method is deprecated. Use 'Elasticsearch.options()' instead.
  bulk(
/app/cargar_data_elastic.py:151: DeprecationWarning: Passing transport options in the API method is deprecated. Use 'Elasticsearch.options()' instead.
  bulk(
/app/cargar_data_elastic.py:151: DeprecationWarning: Passing transport options in the API method is deprecated. Use 'Elasticsearch.options()' instead.
  bulk(
/app/cargar_data_elastic.py:151: DeprecationWarning: Passing transport options in the API method is deprecated. Use 'Elasticsearch.options()' instead.
  bulk(
/app/cargar_data_elastic.py:151: DeprecationWarning: Passing transport options in the API method is deprecated. Use 'Elasticsearch.options()' instead.
  bulk(
/app/cargar_data_elastic.py:151: DeprecationWarning: Passing transport options in the API method is deprecated. Use 'Elasticsearch.options()' instead.
  bulk(
/app/cargar_data_elastic.py:151: DeprecationWarning: Passing transport options in the API method is deprecated. Use 'Elasticsearch.options()' instead.
  bulk(
Exportación de MongoDB a Elasticsearch completada.
Exportación de CSV a Elasticsearch completada.
[2025-07-01 18:40:15] Ejecutando pipeline desde /home/camilo/udp/sist-distribuidos/sistemas_distribuidos/tarea_3
[2025-07-01 18:40:15] Ejecutando uploader
 Container mongodb-general  Running
 Container elasticsearch  Running
 Container waze-scrapper-general  Running
 Container m7-filtering-general  Created
 Container m8-processing-general  Created
 Container waze-scrapper-general  Waiting
[2025-07-01 18:36:01] Pipeline completado correctamente
 Container waze-scrapper-general  Exited
 Container m7-filtering-general  Starting
 Container waze-scrapper-general  Exited
 Container m7-filtering-general  Starting
 Container m7-filtering-general  Started
 Container m7-filtering-general  Started
 Container m7-filtering-general  Waiting
 Container m7-filtering-general  Waiting
 Container m7-filtering-general  Exited
 Container m7-filtering-general  Exited
 Container m8-processing-general  Starting
 Container m8-processing-general  Started
/app/cargar_data_elastic.py:46: DeprecationWarning: Passing transport options in the API method is deprecated. Use 'Elasticsearch.options()' instead.
  bulk(
/app/cargar_data_elastic.py:46: DeprecationWarning: Passing transport options in the API method is deprecated. Use 'Elasticsearch.options()' instead.
  bulk(
/app/cargar_data_elastic.py:61: DeprecationWarning: Passing transport options in the API method is deprecated. Use 'Elasticsearch.options()' instead.
  bulk(
/app/cargar_data_elastic.py:61: DeprecationWarning: Passing transport options in the API method is deprecated. Use 'Elasticsearch.options()' instead.
  bulk(
/app/cargar_data_elastic.py:151: DeprecationWarning: Passing transport options in the API method is deprecated. Use 'Elasticsearch.options()' instead.
  bulk(
/app/cargar_data_elastic.py:151: DeprecationWarning: Passing transport options in the API method is deprecated. Use 'Elasticsearch.options()' instead.
  bulk(
/app/cargar_data_elastic.py:151: DeprecationWarning: Passing transport options in the API method is deprecated. Use 'Elasticsearch.options()' instead.
  bulk(
/app/cargar_data_elastic.py:151: DeprecationWarning: Passing transport options in the API method is deprecated. Use 'Elasticsearch.options()' instead.
  bulk(
/app/cargar_data_elastic.py:151: DeprecationWarning: Passing transport options in the API method is deprecated. Use 'Elasticsearch.options()' instead.
  bulk(
/app/cargar_data_elastic.py:151: DeprecationWarning: Passing transport options in the API method is deprecated. Use 'Elasticsearch.options()' instead.
  bulk(
/app/cargar_data_elastic.py:151: DeprecationWarning: Passing transport options in the API method is deprecated. Use 'Elasticsearch.options()' instead.
  bulk(
/app/cargar_data_elastic.py:151: DeprecationWarning: Passing transport options in the API method is deprecated. Use 'Elasticsearch.options()' instead.
  bulk(
/app/cargar_data_elastic.py:151: DeprecationWarning: Passing transport options in the API method is deprecated. Use 'Elasticsearch.options()' instead.
  bulk(
/app/cargar_data_elastic.py:151: DeprecationWarning: Passing transport options in the API method is deprecated. Use 'Elasticsearch.options()' instead.
  bulk(
/app/cargar_data_elastic.py:151: DeprecationWarning: Passing transport options in the API method is deprecated. Use 'Elasticsearch.options()' instead.
  bulk(
/app/cargar_data_elastic.py:151: DeprecationWarning: Passing transport options in the API method is deprecated. Use 'Elasticsearch.options()' instead.
  bulk(
/app/cargar_data_elastic.py:151: DeprecationWarning: Passing transport options in the API method is deprecated. Use 'Elasticsearch.options()' instead.
  bulk(
/app/cargar_data_elastic.py:151: DeprecationWarning: Passing transport options in the API method is deprecated. Use 'Elasticsearch.options()' instead.
  bulk(
/app/cargar_data_elastic.py:151: DeprecationWarning: Passing transport options in the API method is deprecated. Use 'Elasticsearch.options()' instead.
  bulk(
/app/cargar_data_elastic.py:151: DeprecationWarning: Passing transport options in the API method is deprecated. Use 'Elasticsearch.options()' instead.
  bulk(
Exportación de MongoDB a Elasticsearch completada.
Exportación de CSV a Elasticsearch completada.
Exportación de MongoDB a Elasticsearch completada.
Exportación de CSV a Elasticsearch completada.
[2025-07-01 18:37:48] Pipeline completado correctamente
[2025-07-01 18:37:48] Pipeline completado correctamente
[2025-07-01 18:40:01] Ejecutando pipeline desde /home/camilo/udp/sist-distribuidos/sistemas_distribuidos/tarea_3
[2025-07-01 18:40:01] Ejecutando uploader
 Container elasticsearch  Running
 Container mongodb-general  Running
 Container waze-scrapper-general  Created
 Container m7-filtering-general  Created
 Container m8-processing-general  Created
 Container waze-scrapper-general  Starting
 Container waze-scrapper-general  Started
 Container waze-scrapper-general  Waiting
[2025-07-01 18:45:16] Ejecutando pipeline desde /home/camilo/udp/sist-distribuidos/sistemas_distribuidos/tarea_3
[2025-07-01 18:45:16] Ejecutando uploader
 Container mongodb-general  Running
 Container elasticsearch  Running
 Container waze-scrapper-general  Running
 Container m7-filtering-general  Created
 Container m8-processing-general  Created
 Container waze-scrapper-general  Waiting
 Container waze-scrapper-general  Exited
 Container m7-filtering-general  Starting
 Container waze-scrapper-general  Exited
 Container m7-filtering-general  Starting
 Container m7-filtering-general  Started
 Container m7-filtering-general  Waiting
 Container m7-filtering-general  Started
 Container m7-filtering-general  Waiting
 Container m7-filtering-general  Exited
 Container m8-processing-general  Starting
 Container m7-filtering-general  Exited
 Container m8-processing-general  Starting
 Container m8-processing-general  Started
 Container m8-processing-general  Started
/app/cargar_data_elastic.py:46: DeprecationWarning: Passing transport options in the API method is deprecated. Use 'Elasticsearch.options()' instead.
  bulk(
/app/cargar_data_elastic.py:46: DeprecationWarning: Passing transport options in the API method is deprecated. Use 'Elasticsearch.options()' instead.
  bulk(
/app/cargar_data_elastic.py:61: DeprecationWarning: Passing transport options in the API method is deprecated. Use 'Elasticsearch.options()' instead.
  bulk(
/app/cargar_data_elastic.py:61: DeprecationWarning: Passing transport options in the API method is deprecated. Use 'Elasticsearch.options()' instead.
  bulk(
/app/cargar_data_elastic.py:151: DeprecationWarning: Passing transport options in the API method is deprecated. Use 'Elasticsearch.options()' instead.
  bulk(
/app/cargar_data_elastic.py:151: DeprecationWarning: Passing transport options in the API method is deprecated. Use 'Elasticsearch.options()' instead.
  bulk(
/app/cargar_data_elastic.py:151: DeprecationWarning: Passing transport options in the API method is deprecated. Use 'Elasticsearch.options()' instead.
  bulk(
/app/cargar_data_elastic.py:151: DeprecationWarning: Passing transport options in the API method is deprecated. Use 'Elasticsearch.options()' instead.
  bulk(
/app/cargar_data_elastic.py:151: DeprecationWarning: Passing transport options in the API method is deprecated. Use 'Elasticsearch.options()' instead.
  bulk(
/app/cargar_data_elastic.py:151: DeprecationWarning: Passing transport options in the API method is deprecated. Use 'Elasticsearch.options()' instead.
  bulk(
/app/cargar_data_elastic.py:151: DeprecationWarning: Passing transport options in the API method is deprecated. Use 'Elasticsearch.options()' instead.
  bulk(
/app/cargar_data_elastic.py:151: DeprecationWarning: Passing transport options in the API method is deprecated. Use 'Elasticsearch.options()' instead.
  bulk(
/app/cargar_data_elastic.py:151: DeprecationWarning: Passing transport options in the API method is deprecated. Use 'Elasticsearch.options()' instead.
  bulk(
/app/cargar_data_elastic.py:151: DeprecationWarning: Passing transport options in the API method is deprecated. Use 'Elasticsearch.options()' instead.
  bulk(
/app/cargar_data_elastic.py:151: DeprecationWarning: Passing transport options in the API method is deprecated. Use 'Elasticsearch.options()' instead.
  bulk(
/app/cargar_data_elastic.py:151: DeprecationWarning: Passing transport options in the API method is deprecated. Use 'Elasticsearch.options()' instead.
  bulk(
/app/cargar_data_elastic.py:151: DeprecationWarning: Passing transport options in the API method is deprecated. Use 'Elasticsearch.options()' instead.
  bulk(
/app/cargar_data_elastic.py:151: DeprecationWarning: Passing transport options in the API method is deprecated. Use 'Elasticsearch.options()' instead.
  bulk(
/app/cargar_data_elastic.py:151: DeprecationWarning: Passing transport options in the API method is deprecated. Use 'Elasticsearch.options()' instead.
  bulk(
/app/cargar_data_elastic.py:151: DeprecationWarning: Passing transport options in the API method is deprecated. Use 'Elasticsearch.options()' instead.
  bulk(
Exportación de MongoDB a Elasticsearch completada.
Exportación de CSV a Elasticsearch completada.
Exportación de MongoDB a Elasticsearch completada.
Exportación de CSV a Elasticsearch completada.
[2025-07-01 18:42:05] Pipeline completado correctamente
[2025-07-01 18:42:06] Pipeline completado correctamente
[2025-07-01 18:45:01] Ejecutando pipeline desde /home/camilo/udp/sist-distribuidos/sistemas_distribuidos/tarea_3
[2025-07-01 18:45:01] Ejecutando uploader
 Container elasticsearch  Running
 Container mongodb-general  Running
 Container waze-scrapper-general  Created
 Container m7-filtering-general  Created
 Container m8-processing-general  Created
 Container waze-scrapper-general  Starting
 Container waze-scrapper-general  Started
 Container waze-scrapper-general  Waiting
 Container waze-scrapper-general  Exited
 Container m7-filtering-general  Starting
 Container m7-filtering-general  Started
 Container m7-filtering-general  Waiting
 Container m7-filtering-general  Exited
 Container m8-processing-general  Starting
 Container m8-processing-general  Started
/app/cargar_data_elastic.py:46: DeprecationWarning: Passing transport options in the API method is deprecated. Use 'Elasticsearch.options()' instead.
  bulk(
/app/cargar_data_elastic.py:61: DeprecationWarning: Passing transport options in the API method is deprecated. Use 'Elasticsearch.options()' instead.
  bulk(
/app/cargar_data_elastic.py:151: DeprecationWarning: Passing transport options in the API method is deprecated. Use 'Elasticsearch.options()' instead.
  bulk(
/app/cargar_data_elastic.py:151: DeprecationWarning: Passing transport options in the API method is deprecated. Use 'Elasticsearch.options()' instead.
  bulk(
/app/cargar_data_elastic.py:151: DeprecationWarning: Passing transport options in the API method is deprecated. Use 'Elasticsearch.options()' instead.
  bulk(
/app/cargar_data_elastic.py:151: DeprecationWarning: Passing transport options in the API method is deprecated. Use 'Elasticsearch.options()' instead.
  bulk(
/app/cargar_data_elastic.py:151: DeprecationWarning: Passing transport options in the API method is deprecated. Use 'Elasticsearch.options()' instead.
  bulk(
/app/cargar_data_elastic.py:151: DeprecationWarning: Passing transport options in the API method is deprecated. Use 'Elasticsearch.options()' instead.
  bulk(
/app/cargar_data_elastic.py:151: DeprecationWarning: Passing transport options in the API method is deprecated. Use 'Elasticsearch.options()' instead.
  bulk(
/app/cargar_data_elastic.py:151: DeprecationWarning: Passing transport options in the API method is deprecated. Use 'Elasticsearch.options()' instead.
  bulk(
Exportación de MongoDB a Elasticsearch completada.
Exportación de CSV a Elasticsearch completada.
[2025-07-01 18:47:01] Pipeline completado correctamente
[2025-07-01 18:50:01] Ejecutando pipeline desde /home/camilo/udp/sist-distribuidos/sistemas_distribuidos/tarea_3
[2025-07-01 18:50:01] Ejecutando uploader
 Container mongodb-general  Running
 Container elasticsearch  Running
 Container waze-scrapper-general  Created
 Container m7-filtering-general  Created
 Container m8-processing-general  Created
 Container waze-scrapper-general  Starting
 Container waze-scrapper-general  Started
 Container waze-scrapper-general  Waiting
 Container waze-scrapper-general  Exited
 Container m7-filtering-general  Starting
 Container m7-filtering-general  Started
 Container m7-filtering-general  Waiting
 Container m7-filtering-general  Exited
 Container m8-processing-general  Starting
 Container m8-processing-general  Started
/app/cargar_data_elastic.py:46: DeprecationWarning: Passing transport options in the API method is deprecated. Use 'Elasticsearch.options()' instead.
  bulk(
/app/cargar_data_elastic.py:61: DeprecationWarning: Passing transport options in the API method is deprecated. Use 'Elasticsearch.options()' instead.
  bulk(
/app/cargar_data_elastic.py:151: DeprecationWarning: Passing transport options in the API method is deprecated. Use 'Elasticsearch.options()' instead.
  bulk(
/app/cargar_data_elastic.py:151: DeprecationWarning: Passing transport options in the API method is deprecated. Use 'Elasticsearch.options()' instead.
  bulk(
/app/cargar_data_elastic.py:151: DeprecationWarning: Passing transport options in the API method is deprecated. Use 'Elasticsearch.options()' instead.
  bulk(
/app/cargar_data_elastic.py:151: DeprecationWarning: Passing transport options in the API method is deprecated. Use 'Elasticsearch.options()' instead.
  bulk(
/app/cargar_data_elastic.py:151: DeprecationWarning: Passing transport options in the API method is deprecated. Use 'Elasticsearch.options()' instead.
  bulk(
/app/cargar_data_elastic.py:151: DeprecationWarning: Passing transport options in the API method is deprecated. Use 'Elasticsearch.options()' instead.
  bulk(
/app/cargar_data_elastic.py:151: DeprecationWarning: Passing transport options in the API method is deprecated. Use 'Elasticsearch.options()' instead.
  bulk(
/app/cargar_data_elastic.py:151: DeprecationWarning: Passing transport options in the API method is deprecated. Use 'Elasticsearch.options()' instead.
  bulk(
Exportación de MongoDB a Elasticsearch completada.
Exportación de CSV a Elasticsearch completada.
[2025-07-01 18:52:03] Pipeline completado correctamente
[2025-07-01 18:55:00] Ejecutando pipeline desde /home/camilo/udp/sist-distribuidos/sistemas_distribuidos/tarea_3
[2025-07-01 18:55:00] Ejecutando uploader
 Container mongodb-general  Running
 Container elasticsearch  Running
 Container waze-scrapper-general  Created
 Container m7-filtering-general  Created
 Container m8-processing-general  Created
 Container waze-scrapper-general  Starting
 Container waze-scrapper-general  Started
 Container waze-scrapper-general  Waiting
 Container waze-scrapper-general  Exited
 Container m7-filtering-general  Starting
 Container m7-filtering-general  Started
 Container m7-filtering-general  Waiting
 Container m7-filtering-general  Exited
 Container m8-processing-general  Starting
 Container m8-processing-general  Started
/app/cargar_data_elastic.py:46: DeprecationWarning: Passing transport options in the API method is deprecated. Use 'Elasticsearch.options()' instead.
  bulk(
/app/cargar_data_elastic.py:61: DeprecationWarning: Passing transport options in the API method is deprecated. Use 'Elasticsearch.options()' instead.
  bulk(
/app/cargar_data_elastic.py:151: DeprecationWarning: Passing transport options in the API method is deprecated. Use 'Elasticsearch.options()' instead.
  bulk(
/app/cargar_data_elastic.py:151: DeprecationWarning: Passing transport options in the API method is deprecated. Use 'Elasticsearch.options()' instead.
  bulk(
/app/cargar_data_elastic.py:151: DeprecationWarning: Passing transport options in the API method is deprecated. Use 'Elasticsearch.options()' instead.
  bulk(
/app/cargar_data_elastic.py:151: DeprecationWarning: Passing transport options in the API method is deprecated. Use 'Elasticsearch.options()' instead.
  bulk(
/app/cargar_data_elastic.py:151: DeprecationWarning: Passing transport options in the API method is deprecated. Use 'Elasticsearch.options()' instead.
  bulk(
/app/cargar_data_elastic.py:151: DeprecationWarning: Passing transport options in the API method is deprecated. Use 'Elasticsearch.options()' instead.
  bulk(
/app/cargar_data_elastic.py:151: DeprecationWarning: Passing transport options in the API method is deprecated. Use 'Elasticsearch.options()' instead.
  bulk(
/app/cargar_data_elastic.py:151: DeprecationWarning: Passing transport options in the API method is deprecated. Use 'Elasticsearch.options()' instead.
  bulk(
Exportación de MongoDB a Elasticsearch completada.
Exportación de CSV a Elasticsearch completada.
[2025-07-01 18:57:01] Pipeline completado correctamente
[2025-07-01 19:00:01] Ejecutando pipeline desde /home/camilo/udp/sist-distribuidos/sistemas_distribuidos/tarea_3
[2025-07-01 19:00:01] Ejecutando uploader
 Container mongodb-general  Running
 Container elasticsearch  Running
 Container waze-scrapper-general  Created
 Container m7-filtering-general  Created
 Container m8-processing-general  Created
 Container waze-scrapper-general  Starting
 Container waze-scrapper-general  Started
 Container waze-scrapper-general  Waiting
 Container waze-scrapper-general  Exited
 Container m7-filtering-general  Starting
 Container m7-filtering-general  Started
 Container m7-filtering-general  Waiting
 Container m7-filtering-general  Exited
 Container m8-processing-general  Starting
 Container m8-processing-general  Started
/app/cargar_data_elastic.py:46: DeprecationWarning: Passing transport options in the API method is deprecated. Use 'Elasticsearch.options()' instead.
  bulk(
/app/cargar_data_elastic.py:61: DeprecationWarning: Passing transport options in the API method is deprecated. Use 'Elasticsearch.options()' instead.
  bulk(
/app/cargar_data_elastic.py:151: DeprecationWarning: Passing transport options in the API method is deprecated. Use 'Elasticsearch.options()' instead.
  bulk(
/app/cargar_data_elastic.py:151: DeprecationWarning: Passing transport options in the API method is deprecated. Use 'Elasticsearch.options()' instead.
  bulk(
/app/cargar_data_elastic.py:151: DeprecationWarning: Passing transport options in the API method is deprecated. Use 'Elasticsearch.options()' instead.
  bulk(
/app/cargar_data_elastic.py:151: DeprecationWarning: Passing transport options in the API method is deprecated. Use 'Elasticsearch.options()' instead.
  bulk(
/app/cargar_data_elastic.py:151: DeprecationWarning: Passing transport options in the API method is deprecated. Use 'Elasticsearch.options()' instead.
  bulk(
/app/cargar_data_elastic.py:151: DeprecationWarning: Passing transport options in the API method is deprecated. Use 'Elasticsearch.options()' instead.
  bulk(
/app/cargar_data_elastic.py:151: DeprecationWarning: Passing transport options in the API method is deprecated. Use 'Elasticsearch.options()' instead.
  bulk(
/app/cargar_data_elastic.py:151: DeprecationWarning: Passing transport options in the API method is deprecated. Use 'Elasticsearch.options()' instead.
  bulk(
Exportación de MongoDB a Elasticsearch completada.
Exportación de CSV a Elasticsearch completada.
[2025-07-01 19:02:02] Pipeline completado correctamente
[2025-07-01 19:05:01] Ejecutando pipeline desde /home/camilo/udp/sist-distribuidos/sistemas_distribuidos/tarea_3
[2025-07-01 19:05:01] Ejecutando uploader
 Container mongodb-general  Running
 Container elasticsearch  Running
 Container waze-scrapper-general  Created
 Container m7-filtering-general  Created
 Container m8-processing-general  Created
 Container waze-scrapper-general  Starting
 Container waze-scrapper-general  Started
 Container waze-scrapper-general  Waiting
 Container waze-scrapper-general  Exited
 Container m7-filtering-general  Starting
 Container m7-filtering-general  Started
 Container m7-filtering-general  Waiting
 Container m7-filtering-general  Exited
 Container m8-processing-general  Starting
 Container m8-processing-general  Started
/app/cargar_data_elastic.py:46: DeprecationWarning: Passing transport options in the API method is deprecated. Use 'Elasticsearch.options()' instead.
  bulk(
/app/cargar_data_elastic.py:61: DeprecationWarning: Passing transport options in the API method is deprecated. Use 'Elasticsearch.options()' instead.
  bulk(
/app/cargar_data_elastic.py:151: DeprecationWarning: Passing transport options in the API method is deprecated. Use 'Elasticsearch.options()' instead.
  bulk(
/app/cargar_data_elastic.py:151: DeprecationWarning: Passing transport options in the API method is deprecated. Use 'Elasticsearch.options()' instead.
  bulk(
/app/cargar_data_elastic.py:151: DeprecationWarning: Passing transport options in the API method is deprecated. Use 'Elasticsearch.options()' instead.
  bulk(
/app/cargar_data_elastic.py:151: DeprecationWarning: Passing transport options in the API method is deprecated. Use 'Elasticsearch.options()' instead.
  bulk(
/app/cargar_data_elastic.py:151: DeprecationWarning: Passing transport options in the API method is deprecated. Use 'Elasticsearch.options()' instead.
  bulk(
/app/cargar_data_elastic.py:151: DeprecationWarning: Passing transport options in the API method is deprecated. Use 'Elasticsearch.options()' instead.
  bulk(
/app/cargar_data_elastic.py:151: DeprecationWarning: Passing transport options in the API method is deprecated. Use 'Elasticsearch.options()' instead.
  bulk(
/app/cargar_data_elastic.py:151: DeprecationWarning: Passing transport options in the API method is deprecated. Use 'Elasticsearch.options()' instead.
  bulk(
Exportación de MongoDB a Elasticsearch completada.
Exportación de CSV a Elasticsearch completada.
[2025-07-01 19:07:02] Pipeline completado correctamente
[2025-07-01 19:10:01] Ejecutando pipeline desde /home/camilo/udp/sist-distribuidos/sistemas_distribuidos/tarea_3
[2025-07-01 19:10:01] Ejecutando uploader
 Container mongodb-general  Running
 Container elasticsearch  Running
 Container waze-scrapper-general  Created
 Container m7-filtering-general  Created
 Container m8-processing-general  Created
 Container waze-scrapper-general  Starting
 Container waze-scrapper-general  Started
 Container waze-scrapper-general  Waiting
 Container waze-scrapper-general  Exited
 Container m7-filtering-general  Starting
 Container m7-filtering-general  Started
 Container m7-filtering-general  Waiting
 Container m7-filtering-general  Exited
 Container m8-processing-general  Starting
 Container m8-processing-general  Started
/app/cargar_data_elastic.py:46: DeprecationWarning: Passing transport options in the API method is deprecated. Use 'Elasticsearch.options()' instead.
  bulk(
/app/cargar_data_elastic.py:61: DeprecationWarning: Passing transport options in the API method is deprecated. Use 'Elasticsearch.options()' instead.
  bulk(
/app/cargar_data_elastic.py:151: DeprecationWarning: Passing transport options in the API method is deprecated. Use 'Elasticsearch.options()' instead.
  bulk(
/app/cargar_data_elastic.py:151: DeprecationWarning: Passing transport options in the API method is deprecated. Use 'Elasticsearch.options()' instead.
  bulk(
/app/cargar_data_elastic.py:151: DeprecationWarning: Passing transport options in the API method is deprecated. Use 'Elasticsearch.options()' instead.
  bulk(
/app/cargar_data_elastic.py:151: DeprecationWarning: Passing transport options in the API method is deprecated. Use 'Elasticsearch.options()' instead.
  bulk(
/app/cargar_data_elastic.py:151: DeprecationWarning: Passing transport options in the API method is deprecated. Use 'Elasticsearch.options()' instead.
  bulk(
/app/cargar_data_elastic.py:151: DeprecationWarning: Passing transport options in the API method is deprecated. Use 'Elasticsearch.options()' instead.
  bulk(
/app/cargar_data_elastic.py:151: DeprecationWarning: Passing transport options in the API method is deprecated. Use 'Elasticsearch.options()' instead.
  bulk(
/app/cargar_data_elastic.py:151: DeprecationWarning: Passing transport options in the API method is deprecated. Use 'Elasticsearch.options()' instead.
  bulk(
Exportación de MongoDB a Elasticsearch completada.
Exportación de CSV a Elasticsearch completada.
[2025-07-01 19:12:03] Pipeline completado correctamente
[2025-07-01 19:15:01] Ejecutando pipeline desde /home/camilo/udp/sist-distribuidos/sistemas_distribuidos/tarea_3
[2025-07-01 19:15:01] Ejecutando uploader
 Container mongodb-general  Running
 Container waze-scrapper-general  Created
 Container m7-filtering-general  Created
 Container elasticsearch  Running
 Container m8-processing-general  Created
 Container waze-scrapper-general  Starting
 Container waze-scrapper-general  Started
 Container waze-scrapper-general  Waiting
 Container waze-scrapper-general  Exited
 Container m7-filtering-general  Starting
 Container m7-filtering-general  Started
 Container m7-filtering-general  Waiting
 Container m7-filtering-general  Exited
 Container m8-processing-general  Starting
 Container m8-processing-general  Started
/app/cargar_data_elastic.py:46: DeprecationWarning: Passing transport options in the API method is deprecated. Use 'Elasticsearch.options()' instead.
  bulk(
/app/cargar_data_elastic.py:61: DeprecationWarning: Passing transport options in the API method is deprecated. Use 'Elasticsearch.options()' instead.
  bulk(
/app/cargar_data_elastic.py:151: DeprecationWarning: Passing transport options in the API method is deprecated. Use 'Elasticsearch.options()' instead.
  bulk(
/app/cargar_data_elastic.py:151: DeprecationWarning: Passing transport options in the API method is deprecated. Use 'Elasticsearch.options()' instead.
  bulk(
/app/cargar_data_elastic.py:151: DeprecationWarning: Passing transport options in the API method is deprecated. Use 'Elasticsearch.options()' instead.
  bulk(
/app/cargar_data_elastic.py:151: DeprecationWarning: Passing transport options in the API method is deprecated. Use 'Elasticsearch.options()' instead.
  bulk(
/app/cargar_data_elastic.py:151: DeprecationWarning: Passing transport options in the API method is deprecated. Use 'Elasticsearch.options()' instead.
  bulk(
/app/cargar_data_elastic.py:151: DeprecationWarning: Passing transport options in the API method is deprecated. Use 'Elasticsearch.options()' instead.
  bulk(
/app/cargar_data_elastic.py:151: DeprecationWarning: Passing transport options in the API method is deprecated. Use 'Elasticsearch.options()' instead.
  bulk(
/app/cargar_data_elastic.py:151: DeprecationWarning: Passing transport options in the API method is deprecated. Use 'Elasticsearch.options()' instead.
  bulk(
Exportación de MongoDB a Elasticsearch completada.
Exportación de CSV a Elasticsearch completada.
[2025-07-01 19:21:14] Pipeline completado correctamente
[2025-07-01 19:21:14] Ejecutando pipeline desde /home/camilo/udp/sist-distribuidos/sistemas_distribuidos/tarea_3
[2025-07-01 19:21:14] Ejecutando uploader
 Container mongodb-general  Running
 Container elasticsearch  Running
 Container waze-scrapper-general  Created
 Container m7-filtering-general  Created
 Container m8-processing-general  Created
 Container waze-scrapper-general  Starting
 Container waze-scrapper-general  Started
 Container waze-scrapper-general  Waiting
 Container waze-scrapper-general  Exited
 Container m7-filtering-general  Starting
 Container m7-filtering-general  Started
 Container m7-filtering-general  Waiting
 Container m7-filtering-general  Exited
 Container m8-processing-general  Starting
 Container m8-processing-general  Started
/app/cargar_data_elastic.py:46: DeprecationWarning: Passing transport options in the API method is deprecated. Use 'Elasticsearch.options()' instead.
  bulk(
/app/cargar_data_elastic.py:61: DeprecationWarning: Passing transport options in the API method is deprecated. Use 'Elasticsearch.options()' instead.
  bulk(
/app/cargar_data_elastic.py:151: DeprecationWarning: Passing transport options in the API method is deprecated. Use 'Elasticsearch.options()' instead.
  bulk(
/app/cargar_data_elastic.py:151: DeprecationWarning: Passing transport options in the API method is deprecated. Use 'Elasticsearch.options()' instead.
  bulk(
/app/cargar_data_elastic.py:151: DeprecationWarning: Passing transport options in the API method is deprecated. Use 'Elasticsearch.options()' instead.
  bulk(
/app/cargar_data_elastic.py:151: DeprecationWarning: Passing transport options in the API method is deprecated. Use 'Elasticsearch.options()' instead.
  bulk(
/app/cargar_data_elastic.py:151: DeprecationWarning: Passing transport options in the API method is deprecated. Use 'Elasticsearch.options()' instead.
  bulk(
/app/cargar_data_elastic.py:151: DeprecationWarning: Passing transport options in the API method is deprecated. Use 'Elasticsearch.options()' instead.
  bulk(
/app/cargar_data_elastic.py:151: DeprecationWarning: Passing transport options in the API method is deprecated. Use 'Elasticsearch.options()' instead.
  bulk(
/app/cargar_data_elastic.py:151: DeprecationWarning: Passing transport options in the API method is deprecated. Use 'Elasticsearch.options()' instead.
  bulk(
Exportación de MongoDB a Elasticsearch completada.
Exportación de CSV a Elasticsearch completada.
[2025-07-01 19:19:01] Pipeline completado correctamente
[2025-07-01 19:20:01] Ejecutando pipeline desde /home/camilo/udp/sist-distribuidos/sistemas_distribuidos/tarea_3
[2025-07-01 19:20:01] Ejecutando uploader
 Container mongodb-general  Running
 Container elasticsearch  Running
 Container waze-scrapper-general  Created
 Container m7-filtering-general  Created
 Container m8-processing-general  Created
 Container waze-scrapper-general  Starting
 Container waze-scrapper-general  Started
 Container waze-scrapper-general  Waiting
 Container waze-scrapper-general  Exited
 Container m7-filtering-general  Starting
 Container m7-filtering-general  Started
 Container m7-filtering-general  Waiting
 Container m7-filtering-general  Exited
 Container m8-processing-general  Starting
 Container m8-processing-general  Started
/app/cargar_data_elastic.py:46: DeprecationWarning: Passing transport options in the API method is deprecated. Use 'Elasticsearch.options()' instead.
  bulk(
/app/cargar_data_elastic.py:61: DeprecationWarning: Passing transport options in the API method is deprecated. Use 'Elasticsearch.options()' instead.
  bulk(
/app/cargar_data_elastic.py:151: DeprecationWarning: Passing transport options in the API method is deprecated. Use 'Elasticsearch.options()' instead.
  bulk(
/app/cargar_data_elastic.py:151: DeprecationWarning: Passing transport options in the API method is deprecated. Use 'Elasticsearch.options()' instead.
  bulk(
/app/cargar_data_elastic.py:151: DeprecationWarning: Passing transport options in the API method is deprecated. Use 'Elasticsearch.options()' instead.
  bulk(
/app/cargar_data_elastic.py:151: DeprecationWarning: Passing transport options in the API method is deprecated. Use 'Elasticsearch.options()' instead.
  bulk(
/app/cargar_data_elastic.py:151: DeprecationWarning: Passing transport options in the API method is deprecated. Use 'Elasticsearch.options()' instead.
  bulk(
/app/cargar_data_elastic.py:151: DeprecationWarning: Passing transport options in the API method is deprecated. Use 'Elasticsearch.options()' instead.
  bulk(
/app/cargar_data_elastic.py:151: DeprecationWarning: Passing transport options in the API method is deprecated. Use 'Elasticsearch.options()' instead.
  bulk(
/app/cargar_data_elastic.py:151: DeprecationWarning: Passing transport options in the API method is deprecated. Use 'Elasticsearch.options()' instead.
  bulk(
Exportación de MongoDB a Elasticsearch completada.
Exportación de CSV a Elasticsearch completada.
[2025-07-01 19:22:04] Pipeline completado correctamente
[2025-07-01 19:25:01] Ejecutando pipeline desde /home/camilo/udp/sist-distribuidos/sistemas_distribuidos/tarea_3
[2025-07-01 19:25:01] Ejecutando uploader
 Container mongodb-general  Running
 Container elasticsearch  Running
 Container waze-scrapper-general  Created
 Container m7-filtering-general  Created
 Container m8-processing-general  Created
 Container waze-scrapper-general  Starting
 Container waze-scrapper-general  Started
 Container waze-scrapper-general  Waiting
 Container waze-scrapper-general  Exited
 Container m7-filtering-general  Starting
 Container m7-filtering-general  Started
 Container m7-filtering-general  Waiting
 Container m7-filtering-general  Exited
 Container m8-processing-general  Starting
 Container m8-processing-general  Started
/app/cargar_data_elastic.py:46: DeprecationWarning: Passing transport options in the API method is deprecated. Use 'Elasticsearch.options()' instead.
  bulk(
/app/cargar_data_elastic.py:61: DeprecationWarning: Passing transport options in the API method is deprecated. Use 'Elasticsearch.options()' instead.
  bulk(
/app/cargar_data_elastic.py:151: DeprecationWarning: Passing transport options in the API method is deprecated. Use 'Elasticsearch.options()' instead.
  bulk(
/app/cargar_data_elastic.py:151: DeprecationWarning: Passing transport options in the API method is deprecated. Use 'Elasticsearch.options()' instead.
  bulk(
/app/cargar_data_elastic.py:151: DeprecationWarning: Passing transport options in the API method is deprecated. Use 'Elasticsearch.options()' instead.
  bulk(
/app/cargar_data_elastic.py:151: DeprecationWarning: Passing transport options in the API method is deprecated. Use 'Elasticsearch.options()' instead.
  bulk(
/app/cargar_data_elastic.py:151: DeprecationWarning: Passing transport options in the API method is deprecated. Use 'Elasticsearch.options()' instead.
  bulk(
/app/cargar_data_elastic.py:151: DeprecationWarning: Passing transport options in the API method is deprecated. Use 'Elasticsearch.options()' instead.
  bulk(
/app/cargar_data_elastic.py:151: DeprecationWarning: Passing transport options in the API method is deprecated. Use 'Elasticsearch.options()' instead.
  bulk(
/app/cargar_data_elastic.py:151: DeprecationWarning: Passing transport options in the API method is deprecated. Use 'Elasticsearch.options()' instead.
  bulk(
Exportación de MongoDB a Elasticsearch completada.
Exportación de CSV a Elasticsearch completada.
[2025-07-01 19:27:00] Pipeline completado correctamente
[2025-07-01 19:30:01] Ejecutando pipeline desde /home/camilo/udp/sist-distribuidos/sistemas_distribuidos/tarea_3
[2025-07-01 19:30:01] Ejecutando uploader
 Container elasticsearch  Running
 Container mongodb-general  Running
 Container waze-scrapper-general  Created
 Container m7-filtering-general  Created
 Container m8-processing-general  Created
 Container waze-scrapper-general  Starting
 Container waze-scrapper-general  Started
 Container waze-scrapper-general  Waiting
 Container waze-scrapper-general  Exited
 Container m7-filtering-general  Starting
 Container m7-filtering-general  Started
 Container m7-filtering-general  Waiting
 Container m7-filtering-general  Exited
 Container m8-processing-general  Starting
 Container m8-processing-general  Started
/app/cargar_data_elastic.py:46: DeprecationWarning: Passing transport options in the API method is deprecated. Use 'Elasticsearch.options()' instead.
  bulk(
/app/cargar_data_elastic.py:61: DeprecationWarning: Passing transport options in the API method is deprecated. Use 'Elasticsearch.options()' instead.
  bulk(
/app/cargar_data_elastic.py:151: DeprecationWarning: Passing transport options in the API method is deprecated. Use 'Elasticsearch.options()' instead.
  bulk(
/app/cargar_data_elastic.py:151: DeprecationWarning: Passing transport options in the API method is deprecated. Use 'Elasticsearch.options()' instead.
  bulk(
/app/cargar_data_elastic.py:151: DeprecationWarning: Passing transport options in the API method is deprecated. Use 'Elasticsearch.options()' instead.
  bulk(
/app/cargar_data_elastic.py:151: DeprecationWarning: Passing transport options in the API method is deprecated. Use 'Elasticsearch.options()' instead.
  bulk(
/app/cargar_data_elastic.py:151: DeprecationWarning: Passing transport options in the API method is deprecated. Use 'Elasticsearch.options()' instead.
  bulk(
/app/cargar_data_elastic.py:151: DeprecationWarning: Passing transport options in the API method is deprecated. Use 'Elasticsearch.options()' instead.
  bulk(
/app/cargar_data_elastic.py:151: DeprecationWarning: Passing transport options in the API method is deprecated. Use 'Elasticsearch.options()' instead.
  bulk(
/app/cargar_data_elastic.py:151: DeprecationWarning: Passing transport options in the API method is deprecated. Use 'Elasticsearch.options()' instead.
  bulk(
Exportación de MongoDB a Elasticsearch completada.
Exportación de CSV a Elasticsearch completada.
[2025-07-01 19:32:02] Pipeline completado correctamente
[2025-07-01 19:38:15] Ejecutando pipeline desde /home/camilo/udp/sist-distribuidos/sistemas_distribuidos/tarea_3
[2025-07-01 19:38:15] Ejecutando uploader
 Container mongodb-general  Running
 Container elasticsearch  Running
 Container waze-scrapper-general  Created
 Container m7-filtering-general  Created
 Container m8-processing-general  Created
 Container waze-scrapper-general  Starting
 Container waze-scrapper-general  Started
 Container waze-scrapper-general  Waiting
[2025-07-01 19:35:01] Ejecutando pipeline desde /home/camilo/udp/sist-distribuidos/sistemas_distribuidos/tarea_3
[2025-07-01 19:35:01] Ejecutando uploader
 Container mongodb-general  Running
 Container waze-scrapper-general  Running
 Container m7-filtering-general  Created
 Container elasticsearch  Running
 Container m8-processing-general  Created
 Container waze-scrapper-general  Waiting
 Container waze-scrapper-general  Exited
 Container m7-filtering-general  Starting
 Container waze-scrapper-general  Exited
 Container m7-filtering-general  Starting
 Container m7-filtering-general  Started
 Container m7-filtering-general  Waiting
 Container m7-filtering-general  Started
 Container m7-filtering-general  Waiting
 Container m7-filtering-general  Exited
 Container m8-processing-general  Starting
 Container m7-filtering-general  Exited
 Container m8-processing-general  Starting
 Container m8-processing-general  Started
 Container m8-processing-general  Started
/app/cargar_data_elastic.py:46: DeprecationWarning: Passing transport options in the API method is deprecated. Use 'Elasticsearch.options()' instead.
  bulk(
/app/cargar_data_elastic.py:46: DeprecationWarning: Passing transport options in the API method is deprecated. Use 'Elasticsearch.options()' instead.
  bulk(
/app/cargar_data_elastic.py:61: DeprecationWarning: Passing transport options in the API method is deprecated. Use 'Elasticsearch.options()' instead.
  bulk(
/app/cargar_data_elastic.py:61: DeprecationWarning: Passing transport options in the API method is deprecated. Use 'Elasticsearch.options()' instead.
  bulk(
/app/cargar_data_elastic.py:151: DeprecationWarning: Passing transport options in the API method is deprecated. Use 'Elasticsearch.options()' instead.
  bulk(
/app/cargar_data_elastic.py:151: DeprecationWarning: Passing transport options in the API method is deprecated. Use 'Elasticsearch.options()' instead.
  bulk(
/app/cargar_data_elastic.py:151: DeprecationWarning: Passing transport options in the API method is deprecated. Use 'Elasticsearch.options()' instead.
  bulk(
/app/cargar_data_elastic.py:151: DeprecationWarning: Passing transport options in the API method is deprecated. Use 'Elasticsearch.options()' instead.
  bulk(
/app/cargar_data_elastic.py:151: DeprecationWarning: Passing transport options in the API method is deprecated. Use 'Elasticsearch.options()' instead.
  bulk(
/app/cargar_data_elastic.py:151: DeprecationWarning: Passing transport options in the API method is deprecated. Use 'Elasticsearch.options()' instead.
  bulk(
/app/cargar_data_elastic.py:151: DeprecationWarning: Passing transport options in the API method is deprecated. Use 'Elasticsearch.options()' instead.
  bulk(
/app/cargar_data_elastic.py:151: DeprecationWarning: Passing transport options in the API method is deprecated. Use 'Elasticsearch.options()' instead.
  bulk(
/app/cargar_data_elastic.py:151: DeprecationWarning: Passing transport options in the API method is deprecated. Use 'Elasticsearch.options()' instead.
  bulk(
/app/cargar_data_elastic.py:151: DeprecationWarning: Passing transport options in the API method is deprecated. Use 'Elasticsearch.options()' instead.
  bulk(
/app/cargar_data_elastic.py:151: DeprecationWarning: Passing transport options in the API method is deprecated. Use 'Elasticsearch.options()' instead.
  bulk(
/app/cargar_data_elastic.py:151: DeprecationWarning: Passing transport options in the API method is deprecated. Use 'Elasticsearch.options()' instead.
  bulk(
/app/cargar_data_elastic.py:151: DeprecationWarning: Passing transport options in the API method is deprecated. Use 'Elasticsearch.options()' instead.
  bulk(
/app/cargar_data_elastic.py:151: DeprecationWarning: Passing transport options in the API method is deprecated. Use 'Elasticsearch.options()' instead.
  bulk(
/app/cargar_data_elastic.py:151: DeprecationWarning: Passing transport options in the API method is deprecated. Use 'Elasticsearch.options()' instead.
  bulk(
/app/cargar_data_elastic.py:151: DeprecationWarning: Passing transport options in the API method is deprecated. Use 'Elasticsearch.options()' instead.
  bulk(
Exportación de MongoDB a Elasticsearch completada.
Exportación de CSV a Elasticsearch completada.
Exportación de MongoDB a Elasticsearch completada.
Exportación de CSV a Elasticsearch completada.
[2025-07-01 19:36:02] Pipeline completado correctamente
[2025-07-01 19:36:02] Pipeline completado correctamente
[2025-07-01 19:40:01] Ejecutando pipeline desde /home/camilo/udp/sist-distribuidos/sistemas_distribuidos/tarea_3
[2025-07-01 19:40:01] Ejecutando uploader
 Container elasticsearch  Running
 Container mongodb-general  Running
 Container waze-scrapper-general  Created
 Container m7-filtering-general  Created
 Container m8-processing-general  Created
 Container waze-scrapper-general  Starting
 Container waze-scrapper-general  Started
 Container waze-scrapper-general  Waiting
 Container waze-scrapper-general  Exited
 Container m7-filtering-general  Starting
 Container m7-filtering-general  Started
 Container m7-filtering-general  Waiting
 Container m7-filtering-general  Exited
 Container m8-processing-general  Starting
 Container m8-processing-general  Started
/app/cargar_data_elastic.py:46: DeprecationWarning: Passing transport options in the API method is deprecated. Use 'Elasticsearch.options()' instead.
  bulk(
/app/cargar_data_elastic.py:61: DeprecationWarning: Passing transport options in the API method is deprecated. Use 'Elasticsearch.options()' instead.
  bulk(
/app/cargar_data_elastic.py:151: DeprecationWarning: Passing transport options in the API method is deprecated. Use 'Elasticsearch.options()' instead.
  bulk(
/app/cargar_data_elastic.py:151: DeprecationWarning: Passing transport options in the API method is deprecated. Use 'Elasticsearch.options()' instead.
  bulk(
/app/cargar_data_elastic.py:151: DeprecationWarning: Passing transport options in the API method is deprecated. Use 'Elasticsearch.options()' instead.
  bulk(
/app/cargar_data_elastic.py:151: DeprecationWarning: Passing transport options in the API method is deprecated. Use 'Elasticsearch.options()' instead.
  bulk(
/app/cargar_data_elastic.py:151: DeprecationWarning: Passing transport options in the API method is deprecated. Use 'Elasticsearch.options()' instead.
  bulk(
/app/cargar_data_elastic.py:151: DeprecationWarning: Passing transport options in the API method is deprecated. Use 'Elasticsearch.options()' instead.
  bulk(
/app/cargar_data_elastic.py:151: DeprecationWarning: Passing transport options in the API method is deprecated. Use 'Elasticsearch.options()' instead.
  bulk(
/app/cargar_data_elastic.py:151: DeprecationWarning: Passing transport options in the API method is deprecated. Use 'Elasticsearch.options()' instead.
  bulk(
Exportación de MongoDB a Elasticsearch completada.
Exportación de CSV a Elasticsearch completada.
[2025-07-01 19:41:59] Pipeline completado correctamente
[2025-07-01 19:45:01] Ejecutando pipeline desde /home/camilo/udp/sist-distribuidos/sistemas_distribuidos/tarea_3
[2025-07-01 19:45:01] Ejecutando uploader
 Container elasticsearch  Running
 Container mongodb-general  Running
 Container waze-scrapper-general  Created
 Container m7-filtering-general  Created
 Container m8-processing-general  Created
 Container waze-scrapper-general  Starting
 Container waze-scrapper-general  Started
 Container waze-scrapper-general  Waiting
 Container waze-scrapper-general  Exited
 Container m7-filtering-general  Starting
 Container m7-filtering-general  Started
 Container m7-filtering-general  Waiting
 Container m7-filtering-general  Exited
 Container m8-processing-general  Starting
 Container m8-processing-general  Started
/app/cargar_data_elastic.py:46: DeprecationWarning: Passing transport options in the API method is deprecated. Use 'Elasticsearch.options()' instead.
  bulk(
/app/cargar_data_elastic.py:61: DeprecationWarning: Passing transport options in the API method is deprecated. Use 'Elasticsearch.options()' instead.
  bulk(
/app/cargar_data_elastic.py:151: DeprecationWarning: Passing transport options in the API method is deprecated. Use 'Elasticsearch.options()' instead.
  bulk(
/app/cargar_data_elastic.py:151: DeprecationWarning: Passing transport options in the API method is deprecated. Use 'Elasticsearch.options()' instead.
  bulk(
/app/cargar_data_elastic.py:151: DeprecationWarning: Passing transport options in the API method is deprecated. Use 'Elasticsearch.options()' instead.
  bulk(
/app/cargar_data_elastic.py:151: DeprecationWarning: Passing transport options in the API method is deprecated. Use 'Elasticsearch.options()' instead.
  bulk(
/app/cargar_data_elastic.py:151: DeprecationWarning: Passing transport options in the API method is deprecated. Use 'Elasticsearch.options()' instead.
  bulk(
/app/cargar_data_elastic.py:151: DeprecationWarning: Passing transport options in the API method is deprecated. Use 'Elasticsearch.options()' instead.
  bulk(
/app/cargar_data_elastic.py:151: DeprecationWarning: Passing transport options in the API method is deprecated. Use 'Elasticsearch.options()' instead.
  bulk(
/app/cargar_data_elastic.py:151: DeprecationWarning: Passing transport options in the API method is deprecated. Use 'Elasticsearch.options()' instead.
  bulk(
Exportación de MongoDB a Elasticsearch completada.
Exportación de CSV a Elasticsearch completada.
[2025-07-01 19:46:59] Pipeline completado correctamente
[2025-07-01 19:50:01] Ejecutando pipeline desde /home/camilo/udp/sist-distribuidos/sistemas_distribuidos/tarea_3
[2025-07-01 19:50:01] Ejecutando uploader
 Container mongodb-general  Running
 Container elasticsearch  Running
 Container waze-scrapper-general  Created
 Container m7-filtering-general  Created
 Container m8-processing-general  Created
 Container waze-scrapper-general  Starting
 Container waze-scrapper-general  Started
 Container waze-scrapper-general  Waiting
 Container waze-scrapper-general  Exited
 Container m7-filtering-general  Starting
 Container m7-filtering-general  Started
 Container m7-filtering-general  Waiting
 Container m7-filtering-general  Exited
 Container m8-processing-general  Starting
 Container m8-processing-general  Started
/app/cargar_data_elastic.py:46: DeprecationWarning: Passing transport options in the API method is deprecated. Use 'Elasticsearch.options()' instead.
  bulk(
/app/cargar_data_elastic.py:61: DeprecationWarning: Passing transport options in the API method is deprecated. Use 'Elasticsearch.options()' instead.
  bulk(
/app/cargar_data_elastic.py:151: DeprecationWarning: Passing transport options in the API method is deprecated. Use 'Elasticsearch.options()' instead.
  bulk(
/app/cargar_data_elastic.py:151: DeprecationWarning: Passing transport options in the API method is deprecated. Use 'Elasticsearch.options()' instead.
  bulk(
/app/cargar_data_elastic.py:151: DeprecationWarning: Passing transport options in the API method is deprecated. Use 'Elasticsearch.options()' instead.
  bulk(
/app/cargar_data_elastic.py:151: DeprecationWarning: Passing transport options in the API method is deprecated. Use 'Elasticsearch.options()' instead.
  bulk(
/app/cargar_data_elastic.py:151: DeprecationWarning: Passing transport options in the API method is deprecated. Use 'Elasticsearch.options()' instead.
  bulk(
/app/cargar_data_elastic.py:151: DeprecationWarning: Passing transport options in the API method is deprecated. Use 'Elasticsearch.options()' instead.
  bulk(
/app/cargar_data_elastic.py:151: DeprecationWarning: Passing transport options in the API method is deprecated. Use 'Elasticsearch.options()' instead.
  bulk(
/app/cargar_data_elastic.py:151: DeprecationWarning: Passing transport options in the API method is deprecated. Use 'Elasticsearch.options()' instead.
  bulk(
Exportación de MongoDB a Elasticsearch completada.
Exportación de CSV a Elasticsearch completada.
[2025-07-01 19:51:56] Pipeline completado correctamente
[2025-07-01 19:55:01] Ejecutando pipeline desde /home/camilo/udp/sist-distribuidos/sistemas_distribuidos/tarea_3
[2025-07-01 19:55:01] Ejecutando uploader
 Container elasticsearch  Running
 Container mongodb-general  Running
 Container waze-scrapper-general  Created
 Container m7-filtering-general  Created
 Container m8-processing-general  Created
 Container waze-scrapper-general  Starting
 Container waze-scrapper-general  Started
 Container waze-scrapper-general  Waiting
 Container waze-scrapper-general  Exited
 Container m7-filtering-general  Starting
 Container m7-filtering-general  Started
 Container m7-filtering-general  Waiting
 Container m7-filtering-general  Exited
 Container m8-processing-general  Starting
 Container m8-processing-general  Started
/app/cargar_data_elastic.py:46: DeprecationWarning: Passing transport options in the API method is deprecated. Use 'Elasticsearch.options()' instead.
  bulk(
/app/cargar_data_elastic.py:61: DeprecationWarning: Passing transport options in the API method is deprecated. Use 'Elasticsearch.options()' instead.
  bulk(
/app/cargar_data_elastic.py:151: DeprecationWarning: Passing transport options in the API method is deprecated. Use 'Elasticsearch.options()' instead.
  bulk(
/app/cargar_data_elastic.py:151: DeprecationWarning: Passing transport options in the API method is deprecated. Use 'Elasticsearch.options()' instead.
  bulk(
/app/cargar_data_elastic.py:151: DeprecationWarning: Passing transport options in the API method is deprecated. Use 'Elasticsearch.options()' instead.
  bulk(
/app/cargar_data_elastic.py:151: DeprecationWarning: Passing transport options in the API method is deprecated. Use 'Elasticsearch.options()' instead.
  bulk(
/app/cargar_data_elastic.py:151: DeprecationWarning: Passing transport options in the API method is deprecated. Use 'Elasticsearch.options()' instead.
  bulk(
/app/cargar_data_elastic.py:151: DeprecationWarning: Passing transport options in the API method is deprecated. Use 'Elasticsearch.options()' instead.
  bulk(
/app/cargar_data_elastic.py:151: DeprecationWarning: Passing transport options in the API method is deprecated. Use 'Elasticsearch.options()' instead.
  bulk(
/app/cargar_data_elastic.py:151: DeprecationWarning: Passing transport options in the API method is deprecated. Use 'Elasticsearch.options()' instead.
  bulk(
Exportación de MongoDB a Elasticsearch completada.
Exportación de CSV a Elasticsearch completada.
[2025-07-01 19:56:58] Pipeline completado correctamente
[2025-07-01 20:00:01] Ejecutando pipeline desde /home/camilo/udp/sist-distribuidos/sistemas_distribuidos/tarea_3
[2025-07-01 20:00:01] Ejecutando uploader
 Container elasticsearch  Running
 Container mongodb-general  Running
 Container waze-scrapper-general  Created
 Container m7-filtering-general  Created
 Container m8-processing-general  Created
 Container waze-scrapper-general  Starting
 Container waze-scrapper-general  Started
 Container waze-scrapper-general  Waiting
 Container waze-scrapper-general  Exited
 Container m7-filtering-general  Starting
 Container m7-filtering-general  Started
 Container m7-filtering-general  Waiting
 Container m7-filtering-general  Exited
 Container m8-processing-general  Starting
 Container m8-processing-general  Started
/app/cargar_data_elastic.py:46: DeprecationWarning: Passing transport options in the API method is deprecated. Use 'Elasticsearch.options()' instead.
  bulk(
/app/cargar_data_elastic.py:61: DeprecationWarning: Passing transport options in the API method is deprecated. Use 'Elasticsearch.options()' instead.
  bulk(
/app/cargar_data_elastic.py:151: DeprecationWarning: Passing transport options in the API method is deprecated. Use 'Elasticsearch.options()' instead.
  bulk(
/app/cargar_data_elastic.py:151: DeprecationWarning: Passing transport options in the API method is deprecated. Use 'Elasticsearch.options()' instead.
  bulk(
/app/cargar_data_elastic.py:151: DeprecationWarning: Passing transport options in the API method is deprecated. Use 'Elasticsearch.options()' instead.
  bulk(
/app/cargar_data_elastic.py:151: DeprecationWarning: Passing transport options in the API method is deprecated. Use 'Elasticsearch.options()' instead.
  bulk(
/app/cargar_data_elastic.py:151: DeprecationWarning: Passing transport options in the API method is deprecated. Use 'Elasticsearch.options()' instead.
  bulk(
/app/cargar_data_elastic.py:151: DeprecationWarning: Passing transport options in the API method is deprecated. Use 'Elasticsearch.options()' instead.
  bulk(
/app/cargar_data_elastic.py:151: DeprecationWarning: Passing transport options in the API method is deprecated. Use 'Elasticsearch.options()' instead.
  bulk(
/app/cargar_data_elastic.py:151: DeprecationWarning: Passing transport options in the API method is deprecated. Use 'Elasticsearch.options()' instead.
  bulk(
Exportación de MongoDB a Elasticsearch completada.
Exportación de CSV a Elasticsearch completada.
[2025-07-01 20:02:02] Pipeline completado correctamente
[2025-07-01 20:05:01] Ejecutando pipeline desde /home/camilo/udp/sist-distribuidos/sistemas_distribuidos/tarea_3
[2025-07-01 20:05:01] Ejecutando uploader
 Container mongodb-general  Running
 Container elasticsearch  Running
 Container waze-scrapper-general  Created
 Container m7-filtering-general  Created
 Container m8-processing-general  Created
 Container waze-scrapper-general  Starting
 Container waze-scrapper-general  Started
 Container waze-scrapper-general  Waiting
 Container waze-scrapper-general  Exited
 Container m7-filtering-general  Starting
 Container m7-filtering-general  Started
 Container m7-filtering-general  Waiting
 Container m7-filtering-general  Exited
 Container m8-processing-general  Starting
 Container m8-processing-general  Started
/app/cargar_data_elastic.py:46: DeprecationWarning: Passing transport options in the API method is deprecated. Use 'Elasticsearch.options()' instead.
  bulk(
/app/cargar_data_elastic.py:61: DeprecationWarning: Passing transport options in the API method is deprecated. Use 'Elasticsearch.options()' instead.
  bulk(
/app/cargar_data_elastic.py:151: DeprecationWarning: Passing transport options in the API method is deprecated. Use 'Elasticsearch.options()' instead.
  bulk(
/app/cargar_data_elastic.py:151: DeprecationWarning: Passing transport options in the API method is deprecated. Use 'Elasticsearch.options()' instead.
  bulk(
/app/cargar_data_elastic.py:151: DeprecationWarning: Passing transport options in the API method is deprecated. Use 'Elasticsearch.options()' instead.
  bulk(
/app/cargar_data_elastic.py:151: DeprecationWarning: Passing transport options in the API method is deprecated. Use 'Elasticsearch.options()' instead.
  bulk(
/app/cargar_data_elastic.py:151: DeprecationWarning: Passing transport options in the API method is deprecated. Use 'Elasticsearch.options()' instead.
  bulk(
/app/cargar_data_elastic.py:151: DeprecationWarning: Passing transport options in the API method is deprecated. Use 'Elasticsearch.options()' instead.
  bulk(
/app/cargar_data_elastic.py:151: DeprecationWarning: Passing transport options in the API method is deprecated. Use 'Elasticsearch.options()' instead.
  bulk(
/app/cargar_data_elastic.py:151: DeprecationWarning: Passing transport options in the API method is deprecated. Use 'Elasticsearch.options()' instead.
  bulk(
Exportación de MongoDB a Elasticsearch completada.
Exportación de CSV a Elasticsearch completada.
[2025-07-01 20:06:59] Pipeline completado correctamente
[2025-07-01 20:14:15] Ejecutando pipeline desde /home/camilo/udp/sist-distribuidos/sistemas_distribuidos/tarea_3
[2025-07-01 20:14:15] Ejecutando uploader
 Container mongodb-general  Running
 Container elasticsearch  Running
 Container waze-scrapper-general  Created
 Container m7-filtering-general  Created
 Container m8-processing-general  Created
 Container waze-scrapper-general  Starting
 Container waze-scrapper-general  Started
 Container waze-scrapper-general  Waiting
[2025-07-01 20:10:11] Ejecutando pipeline desde /home/camilo/udp/sist-distribuidos/sistemas_distribuidos/tarea_3
[2025-07-01 20:10:11] Ejecutando uploader
 Container elasticsearch  Running
 Container mongodb-general  Running
 Container waze-scrapper-general  Running
 Container m7-filtering-general  Created
 Container m8-processing-general  Created
 Container waze-scrapper-general  Waiting
 Container waze-scrapper-general  Exited
 Container m7-filtering-general  Starting
 Container waze-scrapper-general  Exited
 Container m7-filtering-general  Starting
 Container m7-filtering-general  Started
 Container m7-filtering-general  Waiting
 Container m7-filtering-general  Started
 Container m7-filtering-general  Waiting
 Container m7-filtering-general  Exited
 Container m8-processing-general  Starting
 Container m7-filtering-general  Exited
 Container m8-processing-general  Starting
 Container m8-processing-general  Started
 Container m8-processing-general  Started
/app/cargar_data_elastic.py:46: DeprecationWarning: Passing transport options in the API method is deprecated. Use 'Elasticsearch.options()' instead.
  bulk(
/app/cargar_data_elastic.py:46: DeprecationWarning: Passing transport options in the API method is deprecated. Use 'Elasticsearch.options()' instead.
  bulk(
/app/cargar_data_elastic.py:61: DeprecationWarning: Passing transport options in the API method is deprecated. Use 'Elasticsearch.options()' instead.
  bulk(
/app/cargar_data_elastic.py:61: DeprecationWarning: Passing transport options in the API method is deprecated. Use 'Elasticsearch.options()' instead.
  bulk(
/app/cargar_data_elastic.py:151: DeprecationWarning: Passing transport options in the API method is deprecated. Use 'Elasticsearch.options()' instead.
  bulk(
/app/cargar_data_elastic.py:151: DeprecationWarning: Passing transport options in the API method is deprecated. Use 'Elasticsearch.options()' instead.
  bulk(
/app/cargar_data_elastic.py:151: DeprecationWarning: Passing transport options in the API method is deprecated. Use 'Elasticsearch.options()' instead.
  bulk(
/app/cargar_data_elastic.py:151: DeprecationWarning: Passing transport options in the API method is deprecated. Use 'Elasticsearch.options()' instead.
  bulk(
/app/cargar_data_elastic.py:151: DeprecationWarning: Passing transport options in the API method is deprecated. Use 'Elasticsearch.options()' instead.
  bulk(
/app/cargar_data_elastic.py:151: DeprecationWarning: Passing transport options in the API method is deprecated. Use 'Elasticsearch.options()' instead.
  bulk(
/app/cargar_data_elastic.py:151: DeprecationWarning: Passing transport options in the API method is deprecated. Use 'Elasticsearch.options()' instead.
  bulk(
/app/cargar_data_elastic.py:151: DeprecationWarning: Passing transport options in the API method is deprecated. Use 'Elasticsearch.options()' instead.
  bulk(
/app/cargar_data_elastic.py:151: DeprecationWarning: Passing transport options in the API method is deprecated. Use 'Elasticsearch.options()' instead.
  bulk(
/app/cargar_data_elastic.py:151: DeprecationWarning: Passing transport options in the API method is deprecated. Use 'Elasticsearch.options()' instead.
  bulk(
/app/cargar_data_elastic.py:151: DeprecationWarning: Passing transport options in the API method is deprecated. Use 'Elasticsearch.options()' instead.
  bulk(
/app/cargar_data_elastic.py:151: DeprecationWarning: Passing transport options in the API method is deprecated. Use 'Elasticsearch.options()' instead.
  bulk(
/app/cargar_data_elastic.py:151: DeprecationWarning: Passing transport options in the API method is deprecated. Use 'Elasticsearch.options()' instead.
  bulk(
/app/cargar_data_elastic.py:151: DeprecationWarning: Passing transport options in the API method is deprecated. Use 'Elasticsearch.options()' instead.
  bulk(
/app/cargar_data_elastic.py:151: DeprecationWarning: Passing transport options in the API method is deprecated. Use 'Elasticsearch.options()' instead.
  bulk(
/app/cargar_data_elastic.py:151: DeprecationWarning: Passing transport options in the API method is deprecated. Use 'Elasticsearch.options()' instead.
  bulk(
Exportación de MongoDB a Elasticsearch completada.
Exportación de CSV a Elasticsearch completada.
Exportación de MongoDB a Elasticsearch completada.
Exportación de CSV a Elasticsearch completada.
[2025-07-01 20:12:02] Pipeline completado correctamente
[2025-07-01 20:12:03] Pipeline completado correctamente
[2025-07-01 20:15:01] Ejecutando pipeline desde /home/camilo/udp/sist-distribuidos/sistemas_distribuidos/tarea_3
[2025-07-01 20:15:01] Ejecutando uploader
 Container mongodb-general  Running
 Container elasticsearch  Running
 Container waze-scrapper-general  Created
 Container m7-filtering-general  Created
 Container m8-processing-general  Created
 Container waze-scrapper-general  Starting
 Container waze-scrapper-general  Started
 Container waze-scrapper-general  Waiting
 Container waze-scrapper-general  Exited
 Container m7-filtering-general  Starting
 Container m7-filtering-general  Started
 Container m7-filtering-general  Waiting
 Container m7-filtering-general  Exited
 Container m8-processing-general  Starting
 Container m8-processing-general  Started
/app/cargar_data_elastic.py:46: DeprecationWarning: Passing transport options in the API method is deprecated. Use 'Elasticsearch.options()' instead.
  bulk(
/app/cargar_data_elastic.py:61: DeprecationWarning: Passing transport options in the API method is deprecated. Use 'Elasticsearch.options()' instead.
  bulk(
/app/cargar_data_elastic.py:151: DeprecationWarning: Passing transport options in the API method is deprecated. Use 'Elasticsearch.options()' instead.
  bulk(
/app/cargar_data_elastic.py:151: DeprecationWarning: Passing transport options in the API method is deprecated. Use 'Elasticsearch.options()' instead.
  bulk(
/app/cargar_data_elastic.py:151: DeprecationWarning: Passing transport options in the API method is deprecated. Use 'Elasticsearch.options()' instead.
  bulk(
/app/cargar_data_elastic.py:151: DeprecationWarning: Passing transport options in the API method is deprecated. Use 'Elasticsearch.options()' instead.
  bulk(
/app/cargar_data_elastic.py:151: DeprecationWarning: Passing transport options in the API method is deprecated. Use 'Elasticsearch.options()' instead.
  bulk(
/app/cargar_data_elastic.py:151: DeprecationWarning: Passing transport options in the API method is deprecated. Use 'Elasticsearch.options()' instead.
  bulk(
/app/cargar_data_elastic.py:151: DeprecationWarning: Passing transport options in the API method is deprecated. Use 'Elasticsearch.options()' instead.
  bulk(
/app/cargar_data_elastic.py:151: DeprecationWarning: Passing transport options in the API method is deprecated. Use 'Elasticsearch.options()' instead.
  bulk(
Exportación de MongoDB a Elasticsearch completada.
Exportación de CSV a Elasticsearch completada.
[2025-07-01 20:17:01] Pipeline completado correctamente
[2025-07-01 20:20:01] Ejecutando pipeline desde /home/camilo/udp/sist-distribuidos/sistemas_distribuidos/tarea_3
[2025-07-01 20:20:01] Ejecutando uploader
 Container elasticsearch  Running
 Container mongodb-general  Running
 Container waze-scrapper-general  Created
 Container m7-filtering-general  Created
 Container m8-processing-general  Created
 Container waze-scrapper-general  Starting
 Container waze-scrapper-general  Started
 Container waze-scrapper-general  Waiting
 Container waze-scrapper-general  Exited
 Container m7-filtering-general  Starting
 Container m7-filtering-general  Started
 Container m7-filtering-general  Waiting
 Container m7-filtering-general  Exited
 Container m8-processing-general  Starting
 Container m8-processing-general  Started
/app/cargar_data_elastic.py:46: DeprecationWarning: Passing transport options in the API method is deprecated. Use 'Elasticsearch.options()' instead.
  bulk(
/app/cargar_data_elastic.py:61: DeprecationWarning: Passing transport options in the API method is deprecated. Use 'Elasticsearch.options()' instead.
  bulk(
/app/cargar_data_elastic.py:151: DeprecationWarning: Passing transport options in the API method is deprecated. Use 'Elasticsearch.options()' instead.
  bulk(
/app/cargar_data_elastic.py:151: DeprecationWarning: Passing transport options in the API method is deprecated. Use 'Elasticsearch.options()' instead.
  bulk(
/app/cargar_data_elastic.py:151: DeprecationWarning: Passing transport options in the API method is deprecated. Use 'Elasticsearch.options()' instead.
  bulk(
/app/cargar_data_elastic.py:151: DeprecationWarning: Passing transport options in the API method is deprecated. Use 'Elasticsearch.options()' instead.
  bulk(
/app/cargar_data_elastic.py:151: DeprecationWarning: Passing transport options in the API method is deprecated. Use 'Elasticsearch.options()' instead.
  bulk(
/app/cargar_data_elastic.py:151: DeprecationWarning: Passing transport options in the API method is deprecated. Use 'Elasticsearch.options()' instead.
  bulk(
/app/cargar_data_elastic.py:151: DeprecationWarning: Passing transport options in the API method is deprecated. Use 'Elasticsearch.options()' instead.
  bulk(
/app/cargar_data_elastic.py:151: DeprecationWarning: Passing transport options in the API method is deprecated. Use 'Elasticsearch.options()' instead.
  bulk(
Exportación de MongoDB a Elasticsearch completada.
Exportación de CSV a Elasticsearch completada.
[2025-07-01 20:22:00] Pipeline completado correctamente
[2025-07-01 20:25:01] Ejecutando pipeline desde /home/camilo/udp/sist-distribuidos/sistemas_distribuidos/tarea_3
[2025-07-01 20:25:01] Ejecutando uploader
 Container mongodb-general  Running
 Container elasticsearch  Running
 Container waze-scrapper-general  Created
 Container m7-filtering-general  Created
 Container m8-processing-general  Created
 Container waze-scrapper-general  Starting
 Container waze-scrapper-general  Started
 Container waze-scrapper-general  Waiting
 Container waze-scrapper-general  Exited
 Container m7-filtering-general  Starting
 Container m7-filtering-general  Started
 Container m7-filtering-general  Waiting
 Container m7-filtering-general  Exited
 Container m8-processing-general  Starting
 Container m8-processing-general  Started
/app/cargar_data_elastic.py:46: DeprecationWarning: Passing transport options in the API method is deprecated. Use 'Elasticsearch.options()' instead.
  bulk(
/app/cargar_data_elastic.py:61: DeprecationWarning: Passing transport options in the API method is deprecated. Use 'Elasticsearch.options()' instead.
  bulk(
/app/cargar_data_elastic.py:151: DeprecationWarning: Passing transport options in the API method is deprecated. Use 'Elasticsearch.options()' instead.
  bulk(
/app/cargar_data_elastic.py:151: DeprecationWarning: Passing transport options in the API method is deprecated. Use 'Elasticsearch.options()' instead.
  bulk(
/app/cargar_data_elastic.py:151: DeprecationWarning: Passing transport options in the API method is deprecated. Use 'Elasticsearch.options()' instead.
  bulk(
/app/cargar_data_elastic.py:151: DeprecationWarning: Passing transport options in the API method is deprecated. Use 'Elasticsearch.options()' instead.
  bulk(
/app/cargar_data_elastic.py:151: DeprecationWarning: Passing transport options in the API method is deprecated. Use 'Elasticsearch.options()' instead.
  bulk(
/app/cargar_data_elastic.py:151: DeprecationWarning: Passing transport options in the API method is deprecated. Use 'Elasticsearch.options()' instead.
  bulk(
/app/cargar_data_elastic.py:151: DeprecationWarning: Passing transport options in the API method is deprecated. Use 'Elasticsearch.options()' instead.
  bulk(
/app/cargar_data_elastic.py:151: DeprecationWarning: Passing transport options in the API method is deprecated. Use 'Elasticsearch.options()' instead.
  bulk(
Exportación de MongoDB a Elasticsearch completada.
Exportación de CSV a Elasticsearch completada.
[2025-07-01 20:26:59] Pipeline completado correctamente
[2025-07-01 20:31:15] Ejecutando pipeline desde /home/camilo/udp/sist-distribuidos/sistemas_distribuidos/tarea_3
[2025-07-01 20:31:15] Ejecutando uploader
 Container elasticsearch  Running
 Container mongodb-general  Running
 Container waze-scrapper-general  Created
 Container m7-filtering-general  Created
 Container m8-processing-general  Created
 Container waze-scrapper-general  Starting
 Container waze-scrapper-general  Started
 Container waze-scrapper-general  Waiting
 Container waze-scrapper-general  Exited
 Container m7-filtering-general  Starting
 Container m7-filtering-general  Started
 Container m7-filtering-general  Waiting
 Container m7-filtering-general  Exited
 Container m8-processing-general  Starting
 Container m8-processing-general  Started
/app/cargar_data_elastic.py:46: DeprecationWarning: Passing transport options in the API method is deprecated. Use 'Elasticsearch.options()' instead.
  bulk(
/app/cargar_data_elastic.py:61: DeprecationWarning: Passing transport options in the API method is deprecated. Use 'Elasticsearch.options()' instead.
  bulk(
/app/cargar_data_elastic.py:151: DeprecationWarning: Passing transport options in the API method is deprecated. Use 'Elasticsearch.options()' instead.
  bulk(
/app/cargar_data_elastic.py:151: DeprecationWarning: Passing transport options in the API method is deprecated. Use 'Elasticsearch.options()' instead.
  bulk(
/app/cargar_data_elastic.py:151: DeprecationWarning: Passing transport options in the API method is deprecated. Use 'Elasticsearch.options()' instead.
  bulk(
/app/cargar_data_elastic.py:151: DeprecationWarning: Passing transport options in the API method is deprecated. Use 'Elasticsearch.options()' instead.
  bulk(
/app/cargar_data_elastic.py:151: DeprecationWarning: Passing transport options in the API method is deprecated. Use 'Elasticsearch.options()' instead.
  bulk(
/app/cargar_data_elastic.py:151: DeprecationWarning: Passing transport options in the API method is deprecated. Use 'Elasticsearch.options()' instead.
  bulk(
/app/cargar_data_elastic.py:151: DeprecationWarning: Passing transport options in the API method is deprecated. Use 'Elasticsearch.options()' instead.
  bulk(
/app/cargar_data_elastic.py:151: DeprecationWarning: Passing transport options in the API method is deprecated. Use 'Elasticsearch.options()' instead.
  bulk(
Exportación de MongoDB a Elasticsearch completada.
Exportación de CSV a Elasticsearch completada.
[2025-07-01 20:29:00] Pipeline completado correctamente
[2025-07-01 20:30:01] Ejecutando pipeline desde /home/camilo/udp/sist-distribuidos/sistemas_distribuidos/tarea_3
[2025-07-01 20:30:01] Ejecutando uploader
 Container mongodb-general  Running
 Container elasticsearch  Running
 Container waze-scrapper-general  Created
 Container m7-filtering-general  Created
 Container m8-processing-general  Created
 Container waze-scrapper-general  Starting
 Container waze-scrapper-general  Started
 Container waze-scrapper-general  Waiting
 Container waze-scrapper-general  Exited
 Container m7-filtering-general  Starting
 Container m7-filtering-general  Started
 Container m7-filtering-general  Waiting
 Container m7-filtering-general  Exited
 Container m8-processing-general  Starting
 Container m8-processing-general  Started
/app/cargar_data_elastic.py:46: DeprecationWarning: Passing transport options in the API method is deprecated. Use 'Elasticsearch.options()' instead.
  bulk(
/app/cargar_data_elastic.py:61: DeprecationWarning: Passing transport options in the API method is deprecated. Use 'Elasticsearch.options()' instead.
  bulk(
/app/cargar_data_elastic.py:151: DeprecationWarning: Passing transport options in the API method is deprecated. Use 'Elasticsearch.options()' instead.
  bulk(
/app/cargar_data_elastic.py:151: DeprecationWarning: Passing transport options in the API method is deprecated. Use 'Elasticsearch.options()' instead.
  bulk(
/app/cargar_data_elastic.py:151: DeprecationWarning: Passing transport options in the API method is deprecated. Use 'Elasticsearch.options()' instead.
  bulk(
/app/cargar_data_elastic.py:151: DeprecationWarning: Passing transport options in the API method is deprecated. Use 'Elasticsearch.options()' instead.
  bulk(
/app/cargar_data_elastic.py:151: DeprecationWarning: Passing transport options in the API method is deprecated. Use 'Elasticsearch.options()' instead.
  bulk(
/app/cargar_data_elastic.py:151: DeprecationWarning: Passing transport options in the API method is deprecated. Use 'Elasticsearch.options()' instead.
  bulk(
/app/cargar_data_elastic.py:151: DeprecationWarning: Passing transport options in the API method is deprecated. Use 'Elasticsearch.options()' instead.
  bulk(
/app/cargar_data_elastic.py:151: DeprecationWarning: Passing transport options in the API method is deprecated. Use 'Elasticsearch.options()' instead.
  bulk(
Exportación de MongoDB a Elasticsearch completada.
Exportación de CSV a Elasticsearch completada.
[2025-07-01 20:31:59] Pipeline completado correctamente
[2025-07-01 20:35:01] Ejecutando pipeline desde /home/camilo/udp/sist-distribuidos/sistemas_distribuidos/tarea_3
[2025-07-01 20:35:01] Ejecutando uploader
 Container elasticsearch  Running
 Container mongodb-general  Running
 Container waze-scrapper-general  Created
 Container m7-filtering-general  Created
 Container m8-processing-general  Created
 Container waze-scrapper-general  Starting
 Container waze-scrapper-general  Started
 Container waze-scrapper-general  Waiting
 Container waze-scrapper-general  Exited
 Container m7-filtering-general  Starting
 Container m7-filtering-general  Started
 Container m7-filtering-general  Waiting
 Container m7-filtering-general  Exited
 Container m8-processing-general  Starting
 Container m8-processing-general  Started
/app/cargar_data_elastic.py:46: DeprecationWarning: Passing transport options in the API method is deprecated. Use 'Elasticsearch.options()' instead.
  bulk(
/app/cargar_data_elastic.py:61: DeprecationWarning: Passing transport options in the API method is deprecated. Use 'Elasticsearch.options()' instead.
  bulk(
/app/cargar_data_elastic.py:151: DeprecationWarning: Passing transport options in the API method is deprecated. Use 'Elasticsearch.options()' instead.
  bulk(
/app/cargar_data_elastic.py:151: DeprecationWarning: Passing transport options in the API method is deprecated. Use 'Elasticsearch.options()' instead.
  bulk(
/app/cargar_data_elastic.py:151: DeprecationWarning: Passing transport options in the API method is deprecated. Use 'Elasticsearch.options()' instead.
  bulk(
/app/cargar_data_elastic.py:151: DeprecationWarning: Passing transport options in the API method is deprecated. Use 'Elasticsearch.options()' instead.
  bulk(
/app/cargar_data_elastic.py:151: DeprecationWarning: Passing transport options in the API method is deprecated. Use 'Elasticsearch.options()' instead.
  bulk(
/app/cargar_data_elastic.py:151: DeprecationWarning: Passing transport options in the API method is deprecated. Use 'Elasticsearch.options()' instead.
  bulk(
/app/cargar_data_elastic.py:151: DeprecationWarning: Passing transport options in the API method is deprecated. Use 'Elasticsearch.options()' instead.
  bulk(
/app/cargar_data_elastic.py:151: DeprecationWarning: Passing transport options in the API method is deprecated. Use 'Elasticsearch.options()' instead.
  bulk(
Exportación de MongoDB a Elasticsearch completada.
Exportación de CSV a Elasticsearch completada.
[2025-07-01 20:36:58] Pipeline completado correctamente
[2025-07-01 20:40:01] Ejecutando pipeline desde /home/camilo/udp/sist-distribuidos/sistemas_distribuidos/tarea_3
[2025-07-01 20:40:01] Ejecutando uploader
 Container mongodb-general  Running
 Container elasticsearch  Running
 Container waze-scrapper-general  Created
 Container m7-filtering-general  Created
 Container m8-processing-general  Created
 Container waze-scrapper-general  Starting
 Container waze-scrapper-general  Started
 Container waze-scrapper-general  Waiting
 Container waze-scrapper-general  Exited
 Container m7-filtering-general  Starting
 Container m7-filtering-general  Started
 Container m7-filtering-general  Waiting
 Container m7-filtering-general  Exited
 Container m8-processing-general  Starting
 Container m8-processing-general  Started
/app/cargar_data_elastic.py:46: DeprecationWarning: Passing transport options in the API method is deprecated. Use 'Elasticsearch.options()' instead.
  bulk(
/app/cargar_data_elastic.py:61: DeprecationWarning: Passing transport options in the API method is deprecated. Use 'Elasticsearch.options()' instead.
  bulk(
/app/cargar_data_elastic.py:151: DeprecationWarning: Passing transport options in the API method is deprecated. Use 'Elasticsearch.options()' instead.
  bulk(
/app/cargar_data_elastic.py:151: DeprecationWarning: Passing transport options in the API method is deprecated. Use 'Elasticsearch.options()' instead.
  bulk(
/app/cargar_data_elastic.py:151: DeprecationWarning: Passing transport options in the API method is deprecated. Use 'Elasticsearch.options()' instead.
  bulk(
/app/cargar_data_elastic.py:151: DeprecationWarning: Passing transport options in the API method is deprecated. Use 'Elasticsearch.options()' instead.
  bulk(
/app/cargar_data_elastic.py:151: DeprecationWarning: Passing transport options in the API method is deprecated. Use 'Elasticsearch.options()' instead.
  bulk(
/app/cargar_data_elastic.py:151: DeprecationWarning: Passing transport options in the API method is deprecated. Use 'Elasticsearch.options()' instead.
  bulk(
/app/cargar_data_elastic.py:151: DeprecationWarning: Passing transport options in the API method is deprecated. Use 'Elasticsearch.options()' instead.
  bulk(
/app/cargar_data_elastic.py:151: DeprecationWarning: Passing transport options in the API method is deprecated. Use 'Elasticsearch.options()' instead.
  bulk(
Exportación de MongoDB a Elasticsearch completada.
Exportación de CSV a Elasticsearch completada.
[2025-07-01 20:41:59] Pipeline completado correctamente
[2025-07-01 20:45:01] Ejecutando pipeline desde /home/camilo/udp/sist-distribuidos/sistemas_distribuidos/tarea_3
[2025-07-01 20:45:01] Ejecutando uploader
 Container elasticsearch  Running
 Container mongodb-general  Running
 Container waze-scrapper-general  Created
 Container m7-filtering-general  Created
 Container m8-processing-general  Created
 Container waze-scrapper-general  Starting
 Container waze-scrapper-general  Started
 Container waze-scrapper-general  Waiting
 Container waze-scrapper-general  Exited
 Container m7-filtering-general  Starting
 Container m7-filtering-general  Started
 Container m7-filtering-general  Waiting
 Container m7-filtering-general  Exited
 Container m8-processing-general  Starting
 Container m8-processing-general  Started
/app/cargar_data_elastic.py:46: DeprecationWarning: Passing transport options in the API method is deprecated. Use 'Elasticsearch.options()' instead.
  bulk(
/app/cargar_data_elastic.py:61: DeprecationWarning: Passing transport options in the API method is deprecated. Use 'Elasticsearch.options()' instead.
  bulk(
/app/cargar_data_elastic.py:151: DeprecationWarning: Passing transport options in the API method is deprecated. Use 'Elasticsearch.options()' instead.
  bulk(
/app/cargar_data_elastic.py:151: DeprecationWarning: Passing transport options in the API method is deprecated. Use 'Elasticsearch.options()' instead.
  bulk(
/app/cargar_data_elastic.py:151: DeprecationWarning: Passing transport options in the API method is deprecated. Use 'Elasticsearch.options()' instead.
  bulk(
/app/cargar_data_elastic.py:151: DeprecationWarning: Passing transport options in the API method is deprecated. Use 'Elasticsearch.options()' instead.
  bulk(
/app/cargar_data_elastic.py:151: DeprecationWarning: Passing transport options in the API method is deprecated. Use 'Elasticsearch.options()' instead.
  bulk(
/app/cargar_data_elastic.py:151: DeprecationWarning: Passing transport options in the API method is deprecated. Use 'Elasticsearch.options()' instead.
  bulk(
/app/cargar_data_elastic.py:151: DeprecationWarning: Passing transport options in the API method is deprecated. Use 'Elasticsearch.options()' instead.
  bulk(
/app/cargar_data_elastic.py:151: DeprecationWarning: Passing transport options in the API method is deprecated. Use 'Elasticsearch.options()' instead.
  bulk(
Exportación de MongoDB a Elasticsearch completada.
Exportación de CSV a Elasticsearch completada.
[2025-07-01 20:46:59] Pipeline completado correctamente
[2025-07-01 20:50:01] Ejecutando pipeline desde /home/camilo/udp/sist-distribuidos/sistemas_distribuidos/tarea_3
[2025-07-01 20:50:01] Ejecutando uploader
 Container elasticsearch  Running
 Container mongodb-general  Running
 Container waze-scrapper-general  Created
 Container m7-filtering-general  Created
 Container m8-processing-general  Created
 Container waze-scrapper-general  Starting
 Container waze-scrapper-general  Started
 Container waze-scrapper-general  Waiting
 Container waze-scrapper-general  Exited
 Container m7-filtering-general  Starting
 Container m7-filtering-general  Started
 Container m7-filtering-general  Waiting
 Container m7-filtering-general  Exited
 Container m8-processing-general  Starting
 Container m8-processing-general  Started
/app/cargar_data_elastic.py:46: DeprecationWarning: Passing transport options in the API method is deprecated. Use 'Elasticsearch.options()' instead.
  bulk(
/app/cargar_data_elastic.py:61: DeprecationWarning: Passing transport options in the API method is deprecated. Use 'Elasticsearch.options()' instead.
  bulk(
/app/cargar_data_elastic.py:151: DeprecationWarning: Passing transport options in the API method is deprecated. Use 'Elasticsearch.options()' instead.
  bulk(
/app/cargar_data_elastic.py:151: DeprecationWarning: Passing transport options in the API method is deprecated. Use 'Elasticsearch.options()' instead.
  bulk(
/app/cargar_data_elastic.py:151: DeprecationWarning: Passing transport options in the API method is deprecated. Use 'Elasticsearch.options()' instead.
  bulk(
/app/cargar_data_elastic.py:151: DeprecationWarning: Passing transport options in the API method is deprecated. Use 'Elasticsearch.options()' instead.
  bulk(
/app/cargar_data_elastic.py:151: DeprecationWarning: Passing transport options in the API method is deprecated. Use 'Elasticsearch.options()' instead.
  bulk(
/app/cargar_data_elastic.py:151: DeprecationWarning: Passing transport options in the API method is deprecated. Use 'Elasticsearch.options()' instead.
  bulk(
/app/cargar_data_elastic.py:151: DeprecationWarning: Passing transport options in the API method is deprecated. Use 'Elasticsearch.options()' instead.
  bulk(
/app/cargar_data_elastic.py:151: DeprecationWarning: Passing transport options in the API method is deprecated. Use 'Elasticsearch.options()' instead.
  bulk(
Exportación de MongoDB a Elasticsearch completada.
Exportación de CSV a Elasticsearch completada.
[2025-07-01 20:52:00] Pipeline completado correctamente
[2025-07-01 20:55:01] Ejecutando pipeline desde /home/camilo/udp/sist-distribuidos/sistemas_distribuidos/tarea_3
[2025-07-01 20:55:01] Ejecutando uploader
 Container mongodb-general  Running
 Container elasticsearch  Running
 Container waze-scrapper-general  Created
 Container m7-filtering-general  Created
 Container m8-processing-general  Created
 Container waze-scrapper-general  Starting
 Container waze-scrapper-general  Started
 Container waze-scrapper-general  Waiting
 Container waze-scrapper-general  Exited
 Container m7-filtering-general  Starting
 Container m7-filtering-general  Started
 Container m7-filtering-general  Waiting
 Container m7-filtering-general  Exited
 Container m8-processing-general  Starting
 Container m8-processing-general  Started
/app/cargar_data_elastic.py:46: DeprecationWarning: Passing transport options in the API method is deprecated. Use 'Elasticsearch.options()' instead.
  bulk(
/app/cargar_data_elastic.py:61: DeprecationWarning: Passing transport options in the API method is deprecated. Use 'Elasticsearch.options()' instead.
  bulk(
/app/cargar_data_elastic.py:151: DeprecationWarning: Passing transport options in the API method is deprecated. Use 'Elasticsearch.options()' instead.
  bulk(
/app/cargar_data_elastic.py:151: DeprecationWarning: Passing transport options in the API method is deprecated. Use 'Elasticsearch.options()' instead.
  bulk(
/app/cargar_data_elastic.py:151: DeprecationWarning: Passing transport options in the API method is deprecated. Use 'Elasticsearch.options()' instead.
  bulk(
/app/cargar_data_elastic.py:151: DeprecationWarning: Passing transport options in the API method is deprecated. Use 'Elasticsearch.options()' instead.
  bulk(
/app/cargar_data_elastic.py:151: DeprecationWarning: Passing transport options in the API method is deprecated. Use 'Elasticsearch.options()' instead.
  bulk(
/app/cargar_data_elastic.py:151: DeprecationWarning: Passing transport options in the API method is deprecated. Use 'Elasticsearch.options()' instead.
  bulk(
/app/cargar_data_elastic.py:151: DeprecationWarning: Passing transport options in the API method is deprecated. Use 'Elasticsearch.options()' instead.
  bulk(
/app/cargar_data_elastic.py:151: DeprecationWarning: Passing transport options in the API method is deprecated. Use 'Elasticsearch.options()' instead.
  bulk(
Exportación de MongoDB a Elasticsearch completada.
Exportación de CSV a Elasticsearch completada.
[2025-07-01 20:56:57] Pipeline completado correctamente
[2025-07-01 21:00:01] Ejecutando pipeline desde /home/camilo/udp/sist-distribuidos/sistemas_distribuidos/tarea_3
[2025-07-01 21:00:01] Ejecutando uploader
 Container mongodb-general  Running
 Container elasticsearch  Running
 Container waze-scrapper-general  Created
 Container m7-filtering-general  Created
 Container m8-processing-general  Created
 Container waze-scrapper-general  Starting
 Container waze-scrapper-general  Started
 Container waze-scrapper-general  Waiting
 Container waze-scrapper-general  Exited
 Container m7-filtering-general  Starting
 Container m7-filtering-general  Started
 Container m7-filtering-general  Waiting
 Container m7-filtering-general  Exited
 Container m8-processing-general  Starting
 Container m8-processing-general  Started
/app/cargar_data_elastic.py:46: DeprecationWarning: Passing transport options in the API method is deprecated. Use 'Elasticsearch.options()' instead.
  bulk(
/app/cargar_data_elastic.py:61: DeprecationWarning: Passing transport options in the API method is deprecated. Use 'Elasticsearch.options()' instead.
  bulk(
/app/cargar_data_elastic.py:151: DeprecationWarning: Passing transport options in the API method is deprecated. Use 'Elasticsearch.options()' instead.
  bulk(
/app/cargar_data_elastic.py:151: DeprecationWarning: Passing transport options in the API method is deprecated. Use 'Elasticsearch.options()' instead.
  bulk(
/app/cargar_data_elastic.py:151: DeprecationWarning: Passing transport options in the API method is deprecated. Use 'Elasticsearch.options()' instead.
  bulk(
/app/cargar_data_elastic.py:151: DeprecationWarning: Passing transport options in the API method is deprecated. Use 'Elasticsearch.options()' instead.
  bulk(
/app/cargar_data_elastic.py:151: DeprecationWarning: Passing transport options in the API method is deprecated. Use 'Elasticsearch.options()' instead.
  bulk(
/app/cargar_data_elastic.py:151: DeprecationWarning: Passing transport options in the API method is deprecated. Use 'Elasticsearch.options()' instead.
  bulk(
/app/cargar_data_elastic.py:151: DeprecationWarning: Passing transport options in the API method is deprecated. Use 'Elasticsearch.options()' instead.
  bulk(
/app/cargar_data_elastic.py:151: DeprecationWarning: Passing transport options in the API method is deprecated. Use 'Elasticsearch.options()' instead.
  bulk(
Exportación de MongoDB a Elasticsearch completada.
Exportación de CSV a Elasticsearch completada.
[2025-07-01 21:01:57] Pipeline completado correctamente
[2025-07-01 21:05:01] Ejecutando pipeline desde /home/camilo/udp/sist-distribuidos/sistemas_distribuidos/tarea_3
[2025-07-01 21:05:01] Ejecutando uploader
 Container elasticsearch  Running
 Container mongodb-general  Running
 Container waze-scrapper-general  Created
 Container m7-filtering-general  Created
 Container m8-processing-general  Created
 Container waze-scrapper-general  Starting
 Container waze-scrapper-general  Started
 Container waze-scrapper-general  Waiting
 Container waze-scrapper-general  Exited
 Container m7-filtering-general  Starting
 Container m7-filtering-general  Started
 Container m7-filtering-general  Waiting
 Container m7-filtering-general  Exited
 Container m8-processing-general  Starting
 Container m8-processing-general  Started
/app/cargar_data_elastic.py:46: DeprecationWarning: Passing transport options in the API method is deprecated. Use 'Elasticsearch.options()' instead.
  bulk(
/app/cargar_data_elastic.py:61: DeprecationWarning: Passing transport options in the API method is deprecated. Use 'Elasticsearch.options()' instead.
  bulk(
/app/cargar_data_elastic.py:151: DeprecationWarning: Passing transport options in the API method is deprecated. Use 'Elasticsearch.options()' instead.
  bulk(
/app/cargar_data_elastic.py:151: DeprecationWarning: Passing transport options in the API method is deprecated. Use 'Elasticsearch.options()' instead.
  bulk(
/app/cargar_data_elastic.py:151: DeprecationWarning: Passing transport options in the API method is deprecated. Use 'Elasticsearch.options()' instead.
  bulk(
/app/cargar_data_elastic.py:151: DeprecationWarning: Passing transport options in the API method is deprecated. Use 'Elasticsearch.options()' instead.
  bulk(
/app/cargar_data_elastic.py:151: DeprecationWarning: Passing transport options in the API method is deprecated. Use 'Elasticsearch.options()' instead.
  bulk(
/app/cargar_data_elastic.py:151: DeprecationWarning: Passing transport options in the API method is deprecated. Use 'Elasticsearch.options()' instead.
  bulk(
/app/cargar_data_elastic.py:151: DeprecationWarning: Passing transport options in the API method is deprecated. Use 'Elasticsearch.options()' instead.
  bulk(
/app/cargar_data_elastic.py:151: DeprecationWarning: Passing transport options in the API method is deprecated. Use 'Elasticsearch.options()' instead.
  bulk(
Exportación de MongoDB a Elasticsearch completada.
Exportación de CSV a Elasticsearch completada.
[2025-07-01 21:06:57] Pipeline completado correctamente
[2025-07-01 21:10:01] Ejecutando pipeline desde /home/camilo/udp/sist-distribuidos/sistemas_distribuidos/tarea_3
[2025-07-01 21:10:01] Ejecutando uploader
 Container mongodb-general  Running
 Container elasticsearch  Running
 Container waze-scrapper-general  Created
 Container m7-filtering-general  Created
 Container m8-processing-general  Created
 Container waze-scrapper-general  Starting
 Container waze-scrapper-general  Started
 Container waze-scrapper-general  Waiting
 Container waze-scrapper-general  Exited
 Container m7-filtering-general  Starting
 Container m7-filtering-general  Started
 Container m7-filtering-general  Waiting
 Container m7-filtering-general  Exited
 Container m8-processing-general  Starting
 Container m8-processing-general  Started
/app/cargar_data_elastic.py:46: DeprecationWarning: Passing transport options in the API method is deprecated. Use 'Elasticsearch.options()' instead.
  bulk(
/app/cargar_data_elastic.py:61: DeprecationWarning: Passing transport options in the API method is deprecated. Use 'Elasticsearch.options()' instead.
  bulk(
/app/cargar_data_elastic.py:151: DeprecationWarning: Passing transport options in the API method is deprecated. Use 'Elasticsearch.options()' instead.
  bulk(
/app/cargar_data_elastic.py:151: DeprecationWarning: Passing transport options in the API method is deprecated. Use 'Elasticsearch.options()' instead.
  bulk(
/app/cargar_data_elastic.py:151: DeprecationWarning: Passing transport options in the API method is deprecated. Use 'Elasticsearch.options()' instead.
  bulk(
/app/cargar_data_elastic.py:151: DeprecationWarning: Passing transport options in the API method is deprecated. Use 'Elasticsearch.options()' instead.
  bulk(
/app/cargar_data_elastic.py:151: DeprecationWarning: Passing transport options in the API method is deprecated. Use 'Elasticsearch.options()' instead.
  bulk(
/app/cargar_data_elastic.py:151: DeprecationWarning: Passing transport options in the API method is deprecated. Use 'Elasticsearch.options()' instead.
  bulk(
/app/cargar_data_elastic.py:151: DeprecationWarning: Passing transport options in the API method is deprecated. Use 'Elasticsearch.options()' instead.
  bulk(
/app/cargar_data_elastic.py:151: DeprecationWarning: Passing transport options in the API method is deprecated. Use 'Elasticsearch.options()' instead.
  bulk(
Exportación de MongoDB a Elasticsearch completada.
Exportación de CSV a Elasticsearch completada.
[2025-07-01 21:11:57] Pipeline completado correctamente
[2025-07-01 21:15:01] Ejecutando pipeline desde /home/camilo/udp/sist-distribuidos/sistemas_distribuidos/tarea_3
[2025-07-01 21:15:01] Ejecutando uploader
 Container elasticsearch  Running
 Container mongodb-general  Running
 Container waze-scrapper-general  Created
 Container m7-filtering-general  Created
 Container m8-processing-general  Created
 Container waze-scrapper-general  Starting
 Container waze-scrapper-general  Started
 Container waze-scrapper-general  Waiting
 Container waze-scrapper-general  Exited
 Container m7-filtering-general  Starting
 Container m7-filtering-general  Started
 Container m7-filtering-general  Waiting
 Container m7-filtering-general  Exited
 Container m8-processing-general  Starting
 Container m8-processing-general  Started
/app/cargar_data_elastic.py:46: DeprecationWarning: Passing transport options in the API method is deprecated. Use 'Elasticsearch.options()' instead.
  bulk(
/app/cargar_data_elastic.py:61: DeprecationWarning: Passing transport options in the API method is deprecated. Use 'Elasticsearch.options()' instead.
  bulk(
/app/cargar_data_elastic.py:151: DeprecationWarning: Passing transport options in the API method is deprecated. Use 'Elasticsearch.options()' instead.
  bulk(
/app/cargar_data_elastic.py:151: DeprecationWarning: Passing transport options in the API method is deprecated. Use 'Elasticsearch.options()' instead.
  bulk(
/app/cargar_data_elastic.py:151: DeprecationWarning: Passing transport options in the API method is deprecated. Use 'Elasticsearch.options()' instead.
  bulk(
/app/cargar_data_elastic.py:151: DeprecationWarning: Passing transport options in the API method is deprecated. Use 'Elasticsearch.options()' instead.
  bulk(
/app/cargar_data_elastic.py:151: DeprecationWarning: Passing transport options in the API method is deprecated. Use 'Elasticsearch.options()' instead.
  bulk(
/app/cargar_data_elastic.py:151: DeprecationWarning: Passing transport options in the API method is deprecated. Use 'Elasticsearch.options()' instead.
  bulk(
/app/cargar_data_elastic.py:151: DeprecationWarning: Passing transport options in the API method is deprecated. Use 'Elasticsearch.options()' instead.
  bulk(
/app/cargar_data_elastic.py:151: DeprecationWarning: Passing transport options in the API method is deprecated. Use 'Elasticsearch.options()' instead.
  bulk(
Exportación de MongoDB a Elasticsearch completada.
Exportación de CSV a Elasticsearch completada.
[2025-07-01 21:16:59] Pipeline completado correctamente
[2025-07-01 21:23:15] Ejecutando pipeline desde /home/camilo/udp/sist-distribuidos/sistemas_distribuidos/tarea_3
[2025-07-01 21:23:15] Ejecutando uploader
 Container elasticsearch  Running
 Container mongodb-general  Running
 Container waze-scrapper-general  Created
 Container m7-filtering-general  Created
 Container m8-processing-general  Created
 Container waze-scrapper-general  Starting
 Container waze-scrapper-general  Started
 Container waze-scrapper-general  Waiting
 Container waze-scrapper-general  Exited
 Container m7-filtering-general  Starting
 Container m7-filtering-general  Started
 Container m7-filtering-general  Waiting
 Container m7-filtering-general  Exited
 Container m8-processing-general  Starting
 Container m8-processing-general  Started
[2025-07-01 21:20:47] Ejecutando pipeline desde /home/camilo/udp/sist-distribuidos/sistemas_distribuidos/tarea_3
[2025-07-01 21:20:47] Ejecutando uploader
 Container elasticsearch  Running
 Container mongodb-general  Running
 Container waze-scrapper-general  Created
 Container m7-filtering-general  Created
 Container m8-processing-general  Running
 Container waze-scrapper-general  Starting
 Container waze-scrapper-general  Started
 Container waze-scrapper-general  Waiting
/app/cargar_data_elastic.py:46: DeprecationWarning: Passing transport options in the API method is deprecated. Use 'Elasticsearch.options()' instead.
  bulk(
/app/cargar_data_elastic.py:61: DeprecationWarning: Passing transport options in the API method is deprecated. Use 'Elasticsearch.options()' instead.
  bulk(
/app/cargar_data_elastic.py:151: DeprecationWarning: Passing transport options in the API method is deprecated. Use 'Elasticsearch.options()' instead.
  bulk(
/app/cargar_data_elastic.py:151: DeprecationWarning: Passing transport options in the API method is deprecated. Use 'Elasticsearch.options()' instead.
  bulk(
/app/cargar_data_elastic.py:151: DeprecationWarning: Passing transport options in the API method is deprecated. Use 'Elasticsearch.options()' instead.
  bulk(
/app/cargar_data_elastic.py:151: DeprecationWarning: Passing transport options in the API method is deprecated. Use 'Elasticsearch.options()' instead.
  bulk(
/app/cargar_data_elastic.py:151: DeprecationWarning: Passing transport options in the API method is deprecated. Use 'Elasticsearch.options()' instead.
  bulk(
/app/cargar_data_elastic.py:151: DeprecationWarning: Passing transport options in the API method is deprecated. Use 'Elasticsearch.options()' instead.
  bulk(
/app/cargar_data_elastic.py:151: DeprecationWarning: Passing transport options in the API method is deprecated. Use 'Elasticsearch.options()' instead.
  bulk(
/app/cargar_data_elastic.py:151: DeprecationWarning: Passing transport options in the API method is deprecated. Use 'Elasticsearch.options()' instead.
  bulk(
Exportación de MongoDB a Elasticsearch completada.
Exportación de CSV a Elasticsearch completada.
[2025-07-01 21:20:57] Pipeline completado correctamente
 Container waze-scrapper-general  Exited
 Container m7-filtering-general  Starting
 Container m7-filtering-general  Started
 Container m7-filtering-general  Waiting
 Container m7-filtering-general  Exited
/app/cargar_data_elastic.py:46: DeprecationWarning: Passing transport options in the API method is deprecated. Use 'Elasticsearch.options()' instead.
  bulk(
/app/cargar_data_elastic.py:61: DeprecationWarning: Passing transport options in the API method is deprecated. Use 'Elasticsearch.options()' instead.
  bulk(
/app/cargar_data_elastic.py:151: DeprecationWarning: Passing transport options in the API method is deprecated. Use 'Elasticsearch.options()' instead.
  bulk(
/app/cargar_data_elastic.py:151: DeprecationWarning: Passing transport options in the API method is deprecated. Use 'Elasticsearch.options()' instead.
  bulk(
/app/cargar_data_elastic.py:151: DeprecationWarning: Passing transport options in the API method is deprecated. Use 'Elasticsearch.options()' instead.
  bulk(
/app/cargar_data_elastic.py:151: DeprecationWarning: Passing transport options in the API method is deprecated. Use 'Elasticsearch.options()' instead.
  bulk(
/app/cargar_data_elastic.py:151: DeprecationWarning: Passing transport options in the API method is deprecated. Use 'Elasticsearch.options()' instead.
  bulk(
/app/cargar_data_elastic.py:151: DeprecationWarning: Passing transport options in the API method is deprecated. Use 'Elasticsearch.options()' instead.
  bulk(
/app/cargar_data_elastic.py:151: DeprecationWarning: Passing transport options in the API method is deprecated. Use 'Elasticsearch.options()' instead.
  bulk(
/app/cargar_data_elastic.py:151: DeprecationWarning: Passing transport options in the API method is deprecated. Use 'Elasticsearch.options()' instead.
  bulk(
Exportación de MongoDB a Elasticsearch completada.
Exportación de CSV a Elasticsearch completada.
[2025-07-01 21:22:29] Pipeline completado correctamente
[2025-07-01 21:25:01] Ejecutando pipeline desde /home/camilo/udp/sist-distribuidos/sistemas_distribuidos/tarea_3
[2025-07-01 21:25:01] Ejecutando uploader
 Container mongodb-general  Running
 Container waze-scrapper-general  Created
 Container m7-filtering-general  Created
 Container elasticsearch  Running
 Container m8-processing-general  Created
 Container waze-scrapper-general  Starting
 Container waze-scrapper-general  Started
 Container waze-scrapper-general  Waiting
 Container waze-scrapper-general  Exited
 Container m7-filtering-general  Starting
 Container m7-filtering-general  Started
 Container m7-filtering-general  Waiting
 Container m7-filtering-general  Exited
 Container m8-processing-general  Starting
 Container m8-processing-general  Started
/app/cargar_data_elastic.py:46: DeprecationWarning: Passing transport options in the API method is deprecated. Use 'Elasticsearch.options()' instead.
  bulk(
/app/cargar_data_elastic.py:61: DeprecationWarning: Passing transport options in the API method is deprecated. Use 'Elasticsearch.options()' instead.
  bulk(
/app/cargar_data_elastic.py:151: DeprecationWarning: Passing transport options in the API method is deprecated. Use 'Elasticsearch.options()' instead.
  bulk(
/app/cargar_data_elastic.py:151: DeprecationWarning: Passing transport options in the API method is deprecated. Use 'Elasticsearch.options()' instead.
  bulk(
/app/cargar_data_elastic.py:151: DeprecationWarning: Passing transport options in the API method is deprecated. Use 'Elasticsearch.options()' instead.
  bulk(
/app/cargar_data_elastic.py:151: DeprecationWarning: Passing transport options in the API method is deprecated. Use 'Elasticsearch.options()' instead.
  bulk(
/app/cargar_data_elastic.py:151: DeprecationWarning: Passing transport options in the API method is deprecated. Use 'Elasticsearch.options()' instead.
  bulk(
/app/cargar_data_elastic.py:151: DeprecationWarning: Passing transport options in the API method is deprecated. Use 'Elasticsearch.options()' instead.
  bulk(
/app/cargar_data_elastic.py:151: DeprecationWarning: Passing transport options in the API method is deprecated. Use 'Elasticsearch.options()' instead.
  bulk(
/app/cargar_data_elastic.py:151: DeprecationWarning: Passing transport options in the API method is deprecated. Use 'Elasticsearch.options()' instead.
  bulk(
Exportación de MongoDB a Elasticsearch completada.
Exportación de CSV a Elasticsearch completada.
[2025-07-01 21:27:01] Pipeline completado correctamente
[2025-07-01 21:30:01] Ejecutando pipeline desde /home/camilo/udp/sist-distribuidos/sistemas_distribuidos/tarea_3
[2025-07-01 21:30:01] Ejecutando uploader
 Container elasticsearch  Running
 Container mongodb-general  Running
 Container waze-scrapper-general  Created
 Container m7-filtering-general  Created
 Container m8-processing-general  Created
 Container waze-scrapper-general  Starting
 Container waze-scrapper-general  Started
 Container waze-scrapper-general  Waiting
 Container waze-scrapper-general  Exited
 Container m7-filtering-general  Starting
 Container m7-filtering-general  Started
 Container m7-filtering-general  Waiting
 Container m7-filtering-general  Exited
 Container m8-processing-general  Starting
 Container m8-processing-general  Started
/app/cargar_data_elastic.py:46: DeprecationWarning: Passing transport options in the API method is deprecated. Use 'Elasticsearch.options()' instead.
  bulk(
/app/cargar_data_elastic.py:61: DeprecationWarning: Passing transport options in the API method is deprecated. Use 'Elasticsearch.options()' instead.
  bulk(
/app/cargar_data_elastic.py:151: DeprecationWarning: Passing transport options in the API method is deprecated. Use 'Elasticsearch.options()' instead.
  bulk(
/app/cargar_data_elastic.py:151: DeprecationWarning: Passing transport options in the API method is deprecated. Use 'Elasticsearch.options()' instead.
  bulk(
/app/cargar_data_elastic.py:151: DeprecationWarning: Passing transport options in the API method is deprecated. Use 'Elasticsearch.options()' instead.
  bulk(
/app/cargar_data_elastic.py:151: DeprecationWarning: Passing transport options in the API method is deprecated. Use 'Elasticsearch.options()' instead.
  bulk(
/app/cargar_data_elastic.py:151: DeprecationWarning: Passing transport options in the API method is deprecated. Use 'Elasticsearch.options()' instead.
  bulk(
/app/cargar_data_elastic.py:151: DeprecationWarning: Passing transport options in the API method is deprecated. Use 'Elasticsearch.options()' instead.
  bulk(
/app/cargar_data_elastic.py:151: DeprecationWarning: Passing transport options in the API method is deprecated. Use 'Elasticsearch.options()' instead.
  bulk(
/app/cargar_data_elastic.py:151: DeprecationWarning: Passing transport options in the API method is deprecated. Use 'Elasticsearch.options()' instead.
  bulk(
Exportación de MongoDB a Elasticsearch completada.
Exportación de CSV a Elasticsearch completada.
[2025-07-01 21:31:59] Pipeline completado correctamente
[2025-07-01 21:35:01] Ejecutando pipeline desde /home/camilo/udp/sist-distribuidos/sistemas_distribuidos/tarea_3
[2025-07-01 21:35:01] Ejecutando uploader
 Container elasticsearch  Running
 Container mongodb-general  Running
 Container waze-scrapper-general  Created
 Container m7-filtering-general  Created
 Container m8-processing-general  Created
 Container waze-scrapper-general  Starting
 Container waze-scrapper-general  Started
 Container waze-scrapper-general  Waiting
 Container waze-scrapper-general  Exited
 Container m7-filtering-general  Starting
 Container m7-filtering-general  Started
 Container m7-filtering-general  Waiting
 Container m7-filtering-general  Exited
 Container m8-processing-general  Starting
 Container m8-processing-general  Started
/app/cargar_data_elastic.py:46: DeprecationWarning: Passing transport options in the API method is deprecated. Use 'Elasticsearch.options()' instead.
  bulk(
/app/cargar_data_elastic.py:61: DeprecationWarning: Passing transport options in the API method is deprecated. Use 'Elasticsearch.options()' instead.
  bulk(
/app/cargar_data_elastic.py:151: DeprecationWarning: Passing transport options in the API method is deprecated. Use 'Elasticsearch.options()' instead.
  bulk(
/app/cargar_data_elastic.py:151: DeprecationWarning: Passing transport options in the API method is deprecated. Use 'Elasticsearch.options()' instead.
  bulk(
/app/cargar_data_elastic.py:151: DeprecationWarning: Passing transport options in the API method is deprecated. Use 'Elasticsearch.options()' instead.
  bulk(
/app/cargar_data_elastic.py:151: DeprecationWarning: Passing transport options in the API method is deprecated. Use 'Elasticsearch.options()' instead.
  bulk(
/app/cargar_data_elastic.py:151: DeprecationWarning: Passing transport options in the API method is deprecated. Use 'Elasticsearch.options()' instead.
  bulk(
/app/cargar_data_elastic.py:151: DeprecationWarning: Passing transport options in the API method is deprecated. Use 'Elasticsearch.options()' instead.
  bulk(
/app/cargar_data_elastic.py:151: DeprecationWarning: Passing transport options in the API method is deprecated. Use 'Elasticsearch.options()' instead.
  bulk(
/app/cargar_data_elastic.py:151: DeprecationWarning: Passing transport options in the API method is deprecated. Use 'Elasticsearch.options()' instead.
  bulk(
Exportación de MongoDB a Elasticsearch completada.
Exportación de CSV a Elasticsearch completada.
[2025-07-01 21:36:57] Pipeline completado correctamente
[2025-07-01 21:40:01] Ejecutando pipeline desde /home/camilo/udp/sist-distribuidos/sistemas_distribuidos/tarea_3
[2025-07-01 21:40:01] Ejecutando uploader
 Container mongodb-general  Running
 Container elasticsearch  Running
 Container waze-scrapper-general  Created
 Container m7-filtering-general  Created
 Container m8-processing-general  Created
 Container waze-scrapper-general  Starting
 Container waze-scrapper-general  Started
 Container waze-scrapper-general  Waiting
 Container waze-scrapper-general  Exited
 Container m7-filtering-general  Starting
 Container m7-filtering-general  Started
 Container m7-filtering-general  Waiting
 Container m7-filtering-general  Exited
 Container m8-processing-general  Starting
 Container m8-processing-general  Started
/app/cargar_data_elastic.py:46: DeprecationWarning: Passing transport options in the API method is deprecated. Use 'Elasticsearch.options()' instead.
  bulk(
/app/cargar_data_elastic.py:61: DeprecationWarning: Passing transport options in the API method is deprecated. Use 'Elasticsearch.options()' instead.
  bulk(
/app/cargar_data_elastic.py:151: DeprecationWarning: Passing transport options in the API method is deprecated. Use 'Elasticsearch.options()' instead.
  bulk(
/app/cargar_data_elastic.py:151: DeprecationWarning: Passing transport options in the API method is deprecated. Use 'Elasticsearch.options()' instead.
  bulk(
/app/cargar_data_elastic.py:151: DeprecationWarning: Passing transport options in the API method is deprecated. Use 'Elasticsearch.options()' instead.
  bulk(
/app/cargar_data_elastic.py:151: DeprecationWarning: Passing transport options in the API method is deprecated. Use 'Elasticsearch.options()' instead.
  bulk(
/app/cargar_data_elastic.py:151: DeprecationWarning: Passing transport options in the API method is deprecated. Use 'Elasticsearch.options()' instead.
  bulk(
/app/cargar_data_elastic.py:151: DeprecationWarning: Passing transport options in the API method is deprecated. Use 'Elasticsearch.options()' instead.
  bulk(
/app/cargar_data_elastic.py:151: DeprecationWarning: Passing transport options in the API method is deprecated. Use 'Elasticsearch.options()' instead.
  bulk(
/app/cargar_data_elastic.py:151: DeprecationWarning: Passing transport options in the API method is deprecated. Use 'Elasticsearch.options()' instead.
  bulk(
Exportación de MongoDB a Elasticsearch completada.
Exportación de CSV a Elasticsearch completada.
[2025-07-01 21:41:58] Pipeline completado correctamente
[2025-07-01 21:45:01] Ejecutando pipeline desde /home/camilo/udp/sist-distribuidos/sistemas_distribuidos/tarea_3
[2025-07-01 21:45:01] Ejecutando uploader
 Container mongodb-general  Running
 Container elasticsearch  Running
 Container waze-scrapper-general  Created
 Container m7-filtering-general  Created
 Container m8-processing-general  Created
 Container waze-scrapper-general  Starting
 Container waze-scrapper-general  Started
 Container waze-scrapper-general  Waiting
 Container waze-scrapper-general  Exited
 Container m7-filtering-general  Starting
 Container m7-filtering-general  Started
 Container m7-filtering-general  Waiting
 Container m7-filtering-general  Exited
 Container m8-processing-general  Starting
 Container m8-processing-general  Started
/app/cargar_data_elastic.py:46: DeprecationWarning: Passing transport options in the API method is deprecated. Use 'Elasticsearch.options()' instead.
  bulk(
/app/cargar_data_elastic.py:61: DeprecationWarning: Passing transport options in the API method is deprecated. Use 'Elasticsearch.options()' instead.
  bulk(
/app/cargar_data_elastic.py:151: DeprecationWarning: Passing transport options in the API method is deprecated. Use 'Elasticsearch.options()' instead.
  bulk(
/app/cargar_data_elastic.py:151: DeprecationWarning: Passing transport options in the API method is deprecated. Use 'Elasticsearch.options()' instead.
  bulk(
/app/cargar_data_elastic.py:151: DeprecationWarning: Passing transport options in the API method is deprecated. Use 'Elasticsearch.options()' instead.
  bulk(
/app/cargar_data_elastic.py:151: DeprecationWarning: Passing transport options in the API method is deprecated. Use 'Elasticsearch.options()' instead.
  bulk(
/app/cargar_data_elastic.py:151: DeprecationWarning: Passing transport options in the API method is deprecated. Use 'Elasticsearch.options()' instead.
  bulk(
/app/cargar_data_elastic.py:151: DeprecationWarning: Passing transport options in the API method is deprecated. Use 'Elasticsearch.options()' instead.
  bulk(
/app/cargar_data_elastic.py:151: DeprecationWarning: Passing transport options in the API method is deprecated. Use 'Elasticsearch.options()' instead.
  bulk(
/app/cargar_data_elastic.py:151: DeprecationWarning: Passing transport options in the API method is deprecated. Use 'Elasticsearch.options()' instead.
  bulk(
Exportación de MongoDB a Elasticsearch completada.
Exportación de CSV a Elasticsearch completada.
[2025-07-01 21:47:05] Pipeline completado correctamente
[2025-07-01 21:50:01] Ejecutando pipeline desde /home/camilo/udp/sist-distribuidos/sistemas_distribuidos/tarea_3
[2025-07-01 21:50:01] Ejecutando uploader
 Container elasticsearch  Running
 Container mongodb-general  Running
 Container waze-scrapper-general  Created
 Container m7-filtering-general  Created
 Container m8-processing-general  Created
 Container waze-scrapper-general  Starting
 Container waze-scrapper-general  Started
 Container waze-scrapper-general  Waiting
 Container waze-scrapper-general  Exited
 Container m7-filtering-general  Starting
 Container m7-filtering-general  Started
 Container m7-filtering-general  Waiting
 Container m7-filtering-general  Exited
 Container m8-processing-general  Starting
 Container m8-processing-general  Started
/app/cargar_data_elastic.py:46: DeprecationWarning: Passing transport options in the API method is deprecated. Use 'Elasticsearch.options()' instead.
  bulk(
/app/cargar_data_elastic.py:61: DeprecationWarning: Passing transport options in the API method is deprecated. Use 'Elasticsearch.options()' instead.
  bulk(
/app/cargar_data_elastic.py:151: DeprecationWarning: Passing transport options in the API method is deprecated. Use 'Elasticsearch.options()' instead.
  bulk(
/app/cargar_data_elastic.py:151: DeprecationWarning: Passing transport options in the API method is deprecated. Use 'Elasticsearch.options()' instead.
  bulk(
/app/cargar_data_elastic.py:151: DeprecationWarning: Passing transport options in the API method is deprecated. Use 'Elasticsearch.options()' instead.
  bulk(
/app/cargar_data_elastic.py:151: DeprecationWarning: Passing transport options in the API method is deprecated. Use 'Elasticsearch.options()' instead.
  bulk(
/app/cargar_data_elastic.py:151: DeprecationWarning: Passing transport options in the API method is deprecated. Use 'Elasticsearch.options()' instead.
  bulk(
/app/cargar_data_elastic.py:151: DeprecationWarning: Passing transport options in the API method is deprecated. Use 'Elasticsearch.options()' instead.
  bulk(
/app/cargar_data_elastic.py:151: DeprecationWarning: Passing transport options in the API method is deprecated. Use 'Elasticsearch.options()' instead.
  bulk(
/app/cargar_data_elastic.py:151: DeprecationWarning: Passing transport options in the API method is deprecated. Use 'Elasticsearch.options()' instead.
  bulk(
Exportación de MongoDB a Elasticsearch completada.
Exportación de CSV a Elasticsearch completada.
[2025-07-01 21:52:00] Pipeline completado correctamente
[2025-07-01 21:58:16] Ejecutando pipeline desde /home/camilo/udp/sist-distribuidos/sistemas_distribuidos/tarea_3
[2025-07-01 21:58:16] Ejecutando uploader
 Container elasticsearch  Running
 Container mongodb-general  Running
 Container waze-scrapper-general  Created
 Container m7-filtering-general  Created
 Container m8-processing-general  Created
 Container waze-scrapper-general  Starting
 Container waze-scrapper-general  Started
 Container waze-scrapper-general  Waiting
[2025-07-01 21:55:01] Ejecutando pipeline desde /home/camilo/udp/sist-distribuidos/sistemas_distribuidos/tarea_3
[2025-07-01 21:55:01] Ejecutando uploader
 Container mongodb-general  Running
 Container elasticsearch  Running
 Container waze-scrapper-general  Running
 Container m7-filtering-general  Created
 Container m8-processing-general  Created
 Container waze-scrapper-general  Waiting
 Container waze-scrapper-general  Exited
 Container m7-filtering-general  Starting
 Container waze-scrapper-general  Exited
 Container m7-filtering-general  Starting
 Container m7-filtering-general  Started
 Container m7-filtering-general  Started
 Container m7-filtering-general  Waiting
 Container m7-filtering-general  Waiting
 Container m7-filtering-general  Exited
 Container m8-processing-general  Starting
 Container m7-filtering-general  Exited
 Container m8-processing-general  Starting
 Container m8-processing-general  Started
 Container m8-processing-general  Started
/app/cargar_data_elastic.py:46: DeprecationWarning: Passing transport options in the API method is deprecated. Use 'Elasticsearch.options()' instead.
  bulk(
/app/cargar_data_elastic.py:46: DeprecationWarning: Passing transport options in the API method is deprecated. Use 'Elasticsearch.options()' instead.
  bulk(
/app/cargar_data_elastic.py:61: DeprecationWarning: Passing transport options in the API method is deprecated. Use 'Elasticsearch.options()' instead.
  bulk(
/app/cargar_data_elastic.py:61: DeprecationWarning: Passing transport options in the API method is deprecated. Use 'Elasticsearch.options()' instead.
  bulk(
/app/cargar_data_elastic.py:151: DeprecationWarning: Passing transport options in the API method is deprecated. Use 'Elasticsearch.options()' instead.
  bulk(
/app/cargar_data_elastic.py:151: DeprecationWarning: Passing transport options in the API method is deprecated. Use 'Elasticsearch.options()' instead.
  bulk(
/app/cargar_data_elastic.py:151: DeprecationWarning: Passing transport options in the API method is deprecated. Use 'Elasticsearch.options()' instead.
  bulk(
/app/cargar_data_elastic.py:151: DeprecationWarning: Passing transport options in the API method is deprecated. Use 'Elasticsearch.options()' instead.
  bulk(
/app/cargar_data_elastic.py:151: DeprecationWarning: Passing transport options in the API method is deprecated. Use 'Elasticsearch.options()' instead.
  bulk(
/app/cargar_data_elastic.py:151: DeprecationWarning: Passing transport options in the API method is deprecated. Use 'Elasticsearch.options()' instead.
  bulk(
/app/cargar_data_elastic.py:151: DeprecationWarning: Passing transport options in the API method is deprecated. Use 'Elasticsearch.options()' instead.
  bulk(
/app/cargar_data_elastic.py:151: DeprecationWarning: Passing transport options in the API method is deprecated. Use 'Elasticsearch.options()' instead.
  bulk(
/app/cargar_data_elastic.py:151: DeprecationWarning: Passing transport options in the API method is deprecated. Use 'Elasticsearch.options()' instead.
  bulk(
/app/cargar_data_elastic.py:151: DeprecationWarning: Passing transport options in the API method is deprecated. Use 'Elasticsearch.options()' instead.
  bulk(
/app/cargar_data_elastic.py:151: DeprecationWarning: Passing transport options in the API method is deprecated. Use 'Elasticsearch.options()' instead.
  bulk(
/app/cargar_data_elastic.py:151: DeprecationWarning: Passing transport options in the API method is deprecated. Use 'Elasticsearch.options()' instead.
  bulk(
/app/cargar_data_elastic.py:151: DeprecationWarning: Passing transport options in the API method is deprecated. Use 'Elasticsearch.options()' instead.
  bulk(
/app/cargar_data_elastic.py:151: DeprecationWarning: Passing transport options in the API method is deprecated. Use 'Elasticsearch.options()' instead.
  bulk(
/app/cargar_data_elastic.py:151: DeprecationWarning: Passing transport options in the API method is deprecated. Use 'Elasticsearch.options()' instead.
  bulk(
/app/cargar_data_elastic.py:151: DeprecationWarning: Passing transport options in the API method is deprecated. Use 'Elasticsearch.options()' instead.
  bulk(
Exportación de MongoDB a Elasticsearch completada.
Exportación de CSV a Elasticsearch completada.
Exportación de MongoDB a Elasticsearch completada.
Exportación de CSV a Elasticsearch completada.
[2025-07-01 21:55:59] Pipeline completado correctamente
[2025-07-01 21:55:59] Pipeline completado correctamente
[2025-07-01 22:00:01] Ejecutando pipeline desde /home/camilo/udp/sist-distribuidos/sistemas_distribuidos/tarea_3
[2025-07-01 22:00:01] Ejecutando uploader
 Container elasticsearch  Running
 Container mongodb-general  Running
 Container waze-scrapper-general  Created
 Container m7-filtering-general  Created
 Container m8-processing-general  Created
 Container waze-scrapper-general  Starting
 Container waze-scrapper-general  Started
 Container waze-scrapper-general  Waiting
 Container waze-scrapper-general  Exited
 Container m7-filtering-general  Starting
 Container m7-filtering-general  Started
 Container m7-filtering-general  Waiting
 Container m7-filtering-general  Exited
 Container m8-processing-general  Starting
 Container m8-processing-general  Started
/app/cargar_data_elastic.py:46: DeprecationWarning: Passing transport options in the API method is deprecated. Use 'Elasticsearch.options()' instead.
  bulk(
/app/cargar_data_elastic.py:61: DeprecationWarning: Passing transport options in the API method is deprecated. Use 'Elasticsearch.options()' instead.
  bulk(
/app/cargar_data_elastic.py:151: DeprecationWarning: Passing transport options in the API method is deprecated. Use 'Elasticsearch.options()' instead.
  bulk(
/app/cargar_data_elastic.py:151: DeprecationWarning: Passing transport options in the API method is deprecated. Use 'Elasticsearch.options()' instead.
  bulk(
/app/cargar_data_elastic.py:151: DeprecationWarning: Passing transport options in the API method is deprecated. Use 'Elasticsearch.options()' instead.
  bulk(
/app/cargar_data_elastic.py:151: DeprecationWarning: Passing transport options in the API method is deprecated. Use 'Elasticsearch.options()' instead.
  bulk(
/app/cargar_data_elastic.py:151: DeprecationWarning: Passing transport options in the API method is deprecated. Use 'Elasticsearch.options()' instead.
  bulk(
/app/cargar_data_elastic.py:151: DeprecationWarning: Passing transport options in the API method is deprecated. Use 'Elasticsearch.options()' instead.
  bulk(
/app/cargar_data_elastic.py:151: DeprecationWarning: Passing transport options in the API method is deprecated. Use 'Elasticsearch.options()' instead.
  bulk(
/app/cargar_data_elastic.py:151: DeprecationWarning: Passing transport options in the API method is deprecated. Use 'Elasticsearch.options()' instead.
  bulk(
Exportación de MongoDB a Elasticsearch completada.
Exportación de CSV a Elasticsearch completada.
[2025-07-01 22:01:57] Pipeline completado correctamente
[2025-07-01 22:05:01] Ejecutando pipeline desde /home/camilo/udp/sist-distribuidos/sistemas_distribuidos/tarea_3
[2025-07-01 22:05:01] Ejecutando uploader
 Container mongodb-general  Running
 Container elasticsearch  Running
 Container waze-scrapper-general  Created
 Container m7-filtering-general  Created
 Container m8-processing-general  Created
 Container waze-scrapper-general  Starting
 Container waze-scrapper-general  Started
 Container waze-scrapper-general  Waiting
 Container waze-scrapper-general  Exited
 Container m7-filtering-general  Starting
 Container m7-filtering-general  Started
 Container m7-filtering-general  Waiting
 Container m7-filtering-general  Exited
 Container m8-processing-general  Starting
 Container m8-processing-general  Started
/app/cargar_data_elastic.py:46: DeprecationWarning: Passing transport options in the API method is deprecated. Use 'Elasticsearch.options()' instead.
  bulk(
/app/cargar_data_elastic.py:61: DeprecationWarning: Passing transport options in the API method is deprecated. Use 'Elasticsearch.options()' instead.
  bulk(
/app/cargar_data_elastic.py:151: DeprecationWarning: Passing transport options in the API method is deprecated. Use 'Elasticsearch.options()' instead.
  bulk(
/app/cargar_data_elastic.py:151: DeprecationWarning: Passing transport options in the API method is deprecated. Use 'Elasticsearch.options()' instead.
  bulk(
/app/cargar_data_elastic.py:151: DeprecationWarning: Passing transport options in the API method is deprecated. Use 'Elasticsearch.options()' instead.
  bulk(
/app/cargar_data_elastic.py:151: DeprecationWarning: Passing transport options in the API method is deprecated. Use 'Elasticsearch.options()' instead.
  bulk(
/app/cargar_data_elastic.py:151: DeprecationWarning: Passing transport options in the API method is deprecated. Use 'Elasticsearch.options()' instead.
  bulk(
/app/cargar_data_elastic.py:151: DeprecationWarning: Passing transport options in the API method is deprecated. Use 'Elasticsearch.options()' instead.
  bulk(
/app/cargar_data_elastic.py:151: DeprecationWarning: Passing transport options in the API method is deprecated. Use 'Elasticsearch.options()' instead.
  bulk(
/app/cargar_data_elastic.py:151: DeprecationWarning: Passing transport options in the API method is deprecated. Use 'Elasticsearch.options()' instead.
  bulk(
Exportación de MongoDB a Elasticsearch completada.
Exportación de CSV a Elasticsearch completada.
[2025-07-01 22:06:58] Pipeline completado correctamente
[2025-07-01 22:13:15] Ejecutando pipeline desde /home/camilo/udp/sist-distribuidos/sistemas_distribuidos/tarea_3
[2025-07-01 22:13:15] Ejecutando uploader
 Container mongodb-general  Running
 Container elasticsearch  Running
 Container waze-scrapper-general  Created
 Container m7-filtering-general  Created
 Container m8-processing-general  Created
 Container waze-scrapper-general  Starting
 Container waze-scrapper-general  Started
 Container waze-scrapper-general  Waiting
 Container waze-scrapper-general  Exited
 Container m7-filtering-general  Starting
 Container m7-filtering-general  Started
 Container m7-filtering-general  Waiting
 Container m7-filtering-general  Exited
 Container m8-processing-general  Starting
 Container m8-processing-general  Started
[2025-07-01 22:10:47] Ejecutando pipeline desde /home/camilo/udp/sist-distribuidos/sistemas_distribuidos/tarea_3
[2025-07-01 22:10:47] Ejecutando uploader
 Container mongodb-general  Running
 Container waze-scrapper-general  Created
 Container m7-filtering-general  Created
 Container elasticsearch  Running
 Container m8-processing-general  Running
 Container waze-scrapper-general  Starting
 Container waze-scrapper-general  Started
 Container waze-scrapper-general  Waiting
/app/cargar_data_elastic.py:46: DeprecationWarning: Passing transport options in the API method is deprecated. Use 'Elasticsearch.options()' instead.
  bulk(
/app/cargar_data_elastic.py:61: DeprecationWarning: Passing transport options in the API method is deprecated. Use 'Elasticsearch.options()' instead.
  bulk(
/app/cargar_data_elastic.py:151: DeprecationWarning: Passing transport options in the API method is deprecated. Use 'Elasticsearch.options()' instead.
  bulk(
/app/cargar_data_elastic.py:151: DeprecationWarning: Passing transport options in the API method is deprecated. Use 'Elasticsearch.options()' instead.
  bulk(
/app/cargar_data_elastic.py:151: DeprecationWarning: Passing transport options in the API method is deprecated. Use 'Elasticsearch.options()' instead.
  bulk(
/app/cargar_data_elastic.py:151: DeprecationWarning: Passing transport options in the API method is deprecated. Use 'Elasticsearch.options()' instead.
  bulk(
/app/cargar_data_elastic.py:151: DeprecationWarning: Passing transport options in the API method is deprecated. Use 'Elasticsearch.options()' instead.
  bulk(
/app/cargar_data_elastic.py:151: DeprecationWarning: Passing transport options in the API method is deprecated. Use 'Elasticsearch.options()' instead.
  bulk(
/app/cargar_data_elastic.py:151: DeprecationWarning: Passing transport options in the API method is deprecated. Use 'Elasticsearch.options()' instead.
  bulk(
/app/cargar_data_elastic.py:151: DeprecationWarning: Passing transport options in the API method is deprecated. Use 'Elasticsearch.options()' instead.
  bulk(
Exportación de MongoDB a Elasticsearch completada.
Exportación de CSV a Elasticsearch completada.
[2025-07-01 22:10:57] Pipeline completado correctamente
[2025-07-01 22:15:15] Ejecutando pipeline desde /home/camilo/udp/sist-distribuidos/sistemas_distribuidos/tarea_3
[2025-07-01 22:15:15] Ejecutando uploader
 Container elasticsearch  Running
 Container mongodb-general  Running
 Container waze-scrapper-general  Running
 Container m7-filtering-general  Created
 Container m8-processing-general  Created
 Container waze-scrapper-general  Waiting
 Container waze-scrapper-general  Exited
 Container m7-filtering-general  Starting
 Container waze-scrapper-general  Exited
 Container m7-filtering-general  Starting
 Container m7-filtering-general  Started
 Container m7-filtering-general  Waiting
 Container m7-filtering-general  Started
 Container m7-filtering-general  Waiting
 Container m7-filtering-general  Exited
 Container m7-filtering-general  Exited
 Container m8-processing-general  Starting
 Container m8-processing-general  Started
/app/cargar_data_elastic.py:46: DeprecationWarning: Passing transport options in the API method is deprecated. Use 'Elasticsearch.options()' instead.
  bulk(
/app/cargar_data_elastic.py:46: DeprecationWarning: Passing transport options in the API method is deprecated. Use 'Elasticsearch.options()' instead.
  bulk(
/app/cargar_data_elastic.py:61: DeprecationWarning: Passing transport options in the API method is deprecated. Use 'Elasticsearch.options()' instead.
  bulk(
/app/cargar_data_elastic.py:61: DeprecationWarning: Passing transport options in the API method is deprecated. Use 'Elasticsearch.options()' instead.
  bulk(
/app/cargar_data_elastic.py:151: DeprecationWarning: Passing transport options in the API method is deprecated. Use 'Elasticsearch.options()' instead.
  bulk(
/app/cargar_data_elastic.py:151: DeprecationWarning: Passing transport options in the API method is deprecated. Use 'Elasticsearch.options()' instead.
  bulk(
/app/cargar_data_elastic.py:151: DeprecationWarning: Passing transport options in the API method is deprecated. Use 'Elasticsearch.options()' instead.
  bulk(
/app/cargar_data_elastic.py:151: DeprecationWarning: Passing transport options in the API method is deprecated. Use 'Elasticsearch.options()' instead.
  bulk(
/app/cargar_data_elastic.py:151: DeprecationWarning: Passing transport options in the API method is deprecated. Use 'Elasticsearch.options()' instead.
  bulk(
/app/cargar_data_elastic.py:151: DeprecationWarning: Passing transport options in the API method is deprecated. Use 'Elasticsearch.options()' instead.
  bulk(
/app/cargar_data_elastic.py:151: DeprecationWarning: Passing transport options in the API method is deprecated. Use 'Elasticsearch.options()' instead.
  bulk(
/app/cargar_data_elastic.py:151: DeprecationWarning: Passing transport options in the API method is deprecated. Use 'Elasticsearch.options()' instead.
  bulk(
/app/cargar_data_elastic.py:151: DeprecationWarning: Passing transport options in the API method is deprecated. Use 'Elasticsearch.options()' instead.
  bulk(
/app/cargar_data_elastic.py:151: DeprecationWarning: Passing transport options in the API method is deprecated. Use 'Elasticsearch.options()' instead.
  bulk(
/app/cargar_data_elastic.py:151: DeprecationWarning: Passing transport options in the API method is deprecated. Use 'Elasticsearch.options()' instead.
  bulk(
/app/cargar_data_elastic.py:151: DeprecationWarning: Passing transport options in the API method is deprecated. Use 'Elasticsearch.options()' instead.
  bulk(
/app/cargar_data_elastic.py:151: DeprecationWarning: Passing transport options in the API method is deprecated. Use 'Elasticsearch.options()' instead.
  bulk(
/app/cargar_data_elastic.py:151: DeprecationWarning: Passing transport options in the API method is deprecated. Use 'Elasticsearch.options()' instead.
  bulk(
/app/cargar_data_elastic.py:151: DeprecationWarning: Passing transport options in the API method is deprecated. Use 'Elasticsearch.options()' instead.
  bulk(
/app/cargar_data_elastic.py:151: DeprecationWarning: Passing transport options in the API method is deprecated. Use 'Elasticsearch.options()' instead.
  bulk(
Exportación de MongoDB a Elasticsearch completada.
Exportación de CSV a Elasticsearch completada.
Exportación de MongoDB a Elasticsearch completada.
Exportación de CSV a Elasticsearch completada.
[2025-07-01 22:12:43] Pipeline completado correctamente
[2025-07-01 22:12:43] Pipeline completado correctamente
[2025-07-01 22:15:01] Ejecutando pipeline desde /home/camilo/udp/sist-distribuidos/sistemas_distribuidos/tarea_3
[2025-07-01 22:15:01] Ejecutando uploader
 Container elasticsearch  Running
 Container mongodb-general  Running
 Container waze-scrapper-general  Created
 Container m7-filtering-general  Created
 Container m8-processing-general  Created
 Container waze-scrapper-general  Starting
 Container waze-scrapper-general  Started
 Container waze-scrapper-general  Waiting
 Container waze-scrapper-general  Exited
 Container m7-filtering-general  Starting
 Container m7-filtering-general  Started
 Container m7-filtering-general  Waiting
 Container m7-filtering-general  Exited
 Container m8-processing-general  Starting
 Container m8-processing-general  Started
/app/cargar_data_elastic.py:46: DeprecationWarning: Passing transport options in the API method is deprecated. Use 'Elasticsearch.options()' instead.
  bulk(
/app/cargar_data_elastic.py:61: DeprecationWarning: Passing transport options in the API method is deprecated. Use 'Elasticsearch.options()' instead.
  bulk(
/app/cargar_data_elastic.py:151: DeprecationWarning: Passing transport options in the API method is deprecated. Use 'Elasticsearch.options()' instead.
  bulk(
/app/cargar_data_elastic.py:151: DeprecationWarning: Passing transport options in the API method is deprecated. Use 'Elasticsearch.options()' instead.
  bulk(
/app/cargar_data_elastic.py:151: DeprecationWarning: Passing transport options in the API method is deprecated. Use 'Elasticsearch.options()' instead.
  bulk(
/app/cargar_data_elastic.py:151: DeprecationWarning: Passing transport options in the API method is deprecated. Use 'Elasticsearch.options()' instead.
  bulk(
/app/cargar_data_elastic.py:151: DeprecationWarning: Passing transport options in the API method is deprecated. Use 'Elasticsearch.options()' instead.
  bulk(
/app/cargar_data_elastic.py:151: DeprecationWarning: Passing transport options in the API method is deprecated. Use 'Elasticsearch.options()' instead.
  bulk(
/app/cargar_data_elastic.py:151: DeprecationWarning: Passing transport options in the API method is deprecated. Use 'Elasticsearch.options()' instead.
  bulk(
/app/cargar_data_elastic.py:151: DeprecationWarning: Passing transport options in the API method is deprecated. Use 'Elasticsearch.options()' instead.
  bulk(
Exportación de MongoDB a Elasticsearch completada.
Exportación de CSV a Elasticsearch completada.
[2025-07-01 22:16:46] Pipeline completado correctamente
[2025-07-01 22:20:01] Ejecutando pipeline desde /home/camilo/udp/sist-distribuidos/sistemas_distribuidos/tarea_3
[2025-07-01 22:20:01] Ejecutando uploader
 Container mongodb-general  Running
 Container waze-scrapper-general  Created
 Container m7-filtering-general  Created
 Container m8-processing-general  Created
 Container elasticsearch  Running
 Container waze-scrapper-general  Starting
 Container waze-scrapper-general  Started
 Container waze-scrapper-general  Waiting
 Container waze-scrapper-general  Exited
 Container m7-filtering-general  Starting
 Container m7-filtering-general  Started
 Container m7-filtering-general  Waiting
 Container m7-filtering-general  Exited
 Container m8-processing-general  Starting
 Container m8-processing-general  Started
/app/cargar_data_elastic.py:46: DeprecationWarning: Passing transport options in the API method is deprecated. Use 'Elasticsearch.options()' instead.
  bulk(
/app/cargar_data_elastic.py:61: DeprecationWarning: Passing transport options in the API method is deprecated. Use 'Elasticsearch.options()' instead.
  bulk(
/app/cargar_data_elastic.py:151: DeprecationWarning: Passing transport options in the API method is deprecated. Use 'Elasticsearch.options()' instead.
  bulk(
/app/cargar_data_elastic.py:151: DeprecationWarning: Passing transport options in the API method is deprecated. Use 'Elasticsearch.options()' instead.
  bulk(
/app/cargar_data_elastic.py:151: DeprecationWarning: Passing transport options in the API method is deprecated. Use 'Elasticsearch.options()' instead.
  bulk(
/app/cargar_data_elastic.py:151: DeprecationWarning: Passing transport options in the API method is deprecated. Use 'Elasticsearch.options()' instead.
  bulk(
/app/cargar_data_elastic.py:151: DeprecationWarning: Passing transport options in the API method is deprecated. Use 'Elasticsearch.options()' instead.
  bulk(
/app/cargar_data_elastic.py:151: DeprecationWarning: Passing transport options in the API method is deprecated. Use 'Elasticsearch.options()' instead.
  bulk(
/app/cargar_data_elastic.py:151: DeprecationWarning: Passing transport options in the API method is deprecated. Use 'Elasticsearch.options()' instead.
  bulk(
/app/cargar_data_elastic.py:151: DeprecationWarning: Passing transport options in the API method is deprecated. Use 'Elasticsearch.options()' instead.
  bulk(
Exportación de MongoDB a Elasticsearch completada.
Exportación de CSV a Elasticsearch completada.
[2025-07-01 22:22:03] Pipeline completado correctamente
[2025-07-01 22:28:15] Ejecutando pipeline desde /home/camilo/udp/sist-distribuidos/sistemas_distribuidos/tarea_3
[2025-07-01 22:28:15] Ejecutando uploader
 Container mongodb-general  Running
 Container elasticsearch  Running
 Container waze-scrapper-general  Created
 Container m7-filtering-general  Created
 Container m8-processing-general  Created
 Container waze-scrapper-general  Starting
 Container waze-scrapper-general  Started
 Container waze-scrapper-general  Waiting
[2025-07-01 22:25:01] Ejecutando pipeline desde /home/camilo/udp/sist-distribuidos/sistemas_distribuidos/tarea_3
[2025-07-01 22:25:01] Ejecutando uploader
 Container mongodb-general  Running
 Container elasticsearch  Running
 Container waze-scrapper-general  Running
 Container m7-filtering-general  Created
 Container m8-processing-general  Created
 Container waze-scrapper-general  Waiting
 Container waze-scrapper-general  Exited
 Container m7-filtering-general  Starting
 Container waze-scrapper-general  Exited
 Container m7-filtering-general  Starting
 Container m7-filtering-general  Started
 Container m7-filtering-general  Waiting
 Container m7-filtering-general  Started
 Container m7-filtering-general  Waiting
 Container m7-filtering-general  Exited
 Container m8-processing-general  Starting
 Container m7-filtering-general  Exited
 Container m8-processing-general  Starting
 Container m8-processing-general  Started
 Container m8-processing-general  Started
/app/cargar_data_elastic.py:46: DeprecationWarning: Passing transport options in the API method is deprecated. Use 'Elasticsearch.options()' instead.
  bulk(
/app/cargar_data_elastic.py:46: DeprecationWarning: Passing transport options in the API method is deprecated. Use 'Elasticsearch.options()' instead.
  bulk(
/app/cargar_data_elastic.py:61: DeprecationWarning: Passing transport options in the API method is deprecated. Use 'Elasticsearch.options()' instead.
  bulk(
/app/cargar_data_elastic.py:61: DeprecationWarning: Passing transport options in the API method is deprecated. Use 'Elasticsearch.options()' instead.
  bulk(
/app/cargar_data_elastic.py:151: DeprecationWarning: Passing transport options in the API method is deprecated. Use 'Elasticsearch.options()' instead.
  bulk(
/app/cargar_data_elastic.py:151: DeprecationWarning: Passing transport options in the API method is deprecated. Use 'Elasticsearch.options()' instead.
  bulk(
/app/cargar_data_elastic.py:151: DeprecationWarning: Passing transport options in the API method is deprecated. Use 'Elasticsearch.options()' instead.
  bulk(
/app/cargar_data_elastic.py:151: DeprecationWarning: Passing transport options in the API method is deprecated. Use 'Elasticsearch.options()' instead.
  bulk(
/app/cargar_data_elastic.py:151: DeprecationWarning: Passing transport options in the API method is deprecated. Use 'Elasticsearch.options()' instead.
  bulk(
/app/cargar_data_elastic.py:151: DeprecationWarning: Passing transport options in the API method is deprecated. Use 'Elasticsearch.options()' instead.
  bulk(
/app/cargar_data_elastic.py:151: DeprecationWarning: Passing transport options in the API method is deprecated. Use 'Elasticsearch.options()' instead.
  bulk(
/app/cargar_data_elastic.py:151: DeprecationWarning: Passing transport options in the API method is deprecated. Use 'Elasticsearch.options()' instead.
  bulk(
/app/cargar_data_elastic.py:151: DeprecationWarning: Passing transport options in the API method is deprecated. Use 'Elasticsearch.options()' instead.
  bulk(
/app/cargar_data_elastic.py:151: DeprecationWarning: Passing transport options in the API method is deprecated. Use 'Elasticsearch.options()' instead.
  bulk(
/app/cargar_data_elastic.py:151: DeprecationWarning: Passing transport options in the API method is deprecated. Use 'Elasticsearch.options()' instead.
  bulk(
/app/cargar_data_elastic.py:151: DeprecationWarning: Passing transport options in the API method is deprecated. Use 'Elasticsearch.options()' instead.
  bulk(
/app/cargar_data_elastic.py:151: DeprecationWarning: Passing transport options in the API method is deprecated. Use 'Elasticsearch.options()' instead.
  bulk(
/app/cargar_data_elastic.py:151: DeprecationWarning: Passing transport options in the API method is deprecated. Use 'Elasticsearch.options()' instead.
  bulk(
/app/cargar_data_elastic.py:151: DeprecationWarning: Passing transport options in the API method is deprecated. Use 'Elasticsearch.options()' instead.
  bulk(
/app/cargar_data_elastic.py:151: DeprecationWarning: Passing transport options in the API method is deprecated. Use 'Elasticsearch.options()' instead.
  bulk(
Exportación de MongoDB a Elasticsearch completada.
Exportación de CSV a Elasticsearch completada.
Exportación de MongoDB a Elasticsearch completada.
Exportación de CSV a Elasticsearch completada.
[2025-07-01 22:25:58] Pipeline completado correctamente
[2025-07-01 22:25:58] Pipeline completado correctamente
[2025-07-01 22:33:15] Ejecutando pipeline desde /home/camilo/udp/sist-distribuidos/sistemas_distribuidos/tarea_3
[2025-07-01 22:33:15] Ejecutando uploader
 Container mongodb-general  Running
 Container elasticsearch  Running
 Container waze-scrapper-general  Created
 Container m7-filtering-general  Created
 Container m8-processing-general  Created
 Container waze-scrapper-general  Starting
 Container waze-scrapper-general  Started
 Container waze-scrapper-general  Waiting
[2025-07-01 22:30:01] Ejecutando pipeline desde /home/camilo/udp/sist-distribuidos/sistemas_distribuidos/tarea_3
[2025-07-01 22:30:01] Ejecutando uploader
 Container elasticsearch  Running
 Container mongodb-general  Running
 Container waze-scrapper-general  Running
 Container m7-filtering-general  Created
 Container m8-processing-general  Created
 Container waze-scrapper-general  Waiting
 Container waze-scrapper-general  Exited
 Container m7-filtering-general  Starting
 Container waze-scrapper-general  Exited
 Container m7-filtering-general  Starting
 Container m7-filtering-general  Started
 Container m7-filtering-general  Waiting
 Container m7-filtering-general  Started
 Container m7-filtering-general  Waiting
 Container m7-filtering-general  Exited
 Container m8-processing-general  Starting
 Container m7-filtering-general  Exited
 Container m8-processing-general  Starting
 Container m8-processing-general  Started
 Container m8-processing-general  Started
/app/cargar_data_elastic.py:46: DeprecationWarning: Passing transport options in the API method is deprecated. Use 'Elasticsearch.options()' instead.
  bulk(
/app/cargar_data_elastic.py:46: DeprecationWarning: Passing transport options in the API method is deprecated. Use 'Elasticsearch.options()' instead.
  bulk(
/app/cargar_data_elastic.py:61: DeprecationWarning: Passing transport options in the API method is deprecated. Use 'Elasticsearch.options()' instead.
  bulk(
/app/cargar_data_elastic.py:61: DeprecationWarning: Passing transport options in the API method is deprecated. Use 'Elasticsearch.options()' instead.
  bulk(
/app/cargar_data_elastic.py:151: DeprecationWarning: Passing transport options in the API method is deprecated. Use 'Elasticsearch.options()' instead.
  bulk(
/app/cargar_data_elastic.py:151: DeprecationWarning: Passing transport options in the API method is deprecated. Use 'Elasticsearch.options()' instead.
  bulk(
/app/cargar_data_elastic.py:151: DeprecationWarning: Passing transport options in the API method is deprecated. Use 'Elasticsearch.options()' instead.
  bulk(
/app/cargar_data_elastic.py:151: DeprecationWarning: Passing transport options in the API method is deprecated. Use 'Elasticsearch.options()' instead.
  bulk(
/app/cargar_data_elastic.py:151: DeprecationWarning: Passing transport options in the API method is deprecated. Use 'Elasticsearch.options()' instead.
  bulk(
/app/cargar_data_elastic.py:151: DeprecationWarning: Passing transport options in the API method is deprecated. Use 'Elasticsearch.options()' instead.
  bulk(
/app/cargar_data_elastic.py:151: DeprecationWarning: Passing transport options in the API method is deprecated. Use 'Elasticsearch.options()' instead.
  bulk(
/app/cargar_data_elastic.py:151: DeprecationWarning: Passing transport options in the API method is deprecated. Use 'Elasticsearch.options()' instead.
  bulk(
/app/cargar_data_elastic.py:151: DeprecationWarning: Passing transport options in the API method is deprecated. Use 'Elasticsearch.options()' instead.
  bulk(
/app/cargar_data_elastic.py:151: DeprecationWarning: Passing transport options in the API method is deprecated. Use 'Elasticsearch.options()' instead.
  bulk(
/app/cargar_data_elastic.py:151: DeprecationWarning: Passing transport options in the API method is deprecated. Use 'Elasticsearch.options()' instead.
  bulk(
/app/cargar_data_elastic.py:151: DeprecationWarning: Passing transport options in the API method is deprecated. Use 'Elasticsearch.options()' instead.
  bulk(
/app/cargar_data_elastic.py:151: DeprecationWarning: Passing transport options in the API method is deprecated. Use 'Elasticsearch.options()' instead.
  bulk(
/app/cargar_data_elastic.py:151: DeprecationWarning: Passing transport options in the API method is deprecated. Use 'Elasticsearch.options()' instead.
  bulk(
/app/cargar_data_elastic.py:151: DeprecationWarning: Passing transport options in the API method is deprecated. Use 'Elasticsearch.options()' instead.
  bulk(
/app/cargar_data_elastic.py:151: DeprecationWarning: Passing transport options in the API method is deprecated. Use 'Elasticsearch.options()' instead.
  bulk(
Exportación de MongoDB a Elasticsearch completada.
Exportación de CSV a Elasticsearch completada.
Exportación de MongoDB a Elasticsearch completada.
Exportación de CSV a Elasticsearch completada.
[2025-07-01 22:30:59] Pipeline completado correctamente
[2025-07-01 22:30:59] Pipeline completado correctamente
[2025-07-01 22:35:01] Ejecutando pipeline desde /home/camilo/udp/sist-distribuidos/sistemas_distribuidos/tarea_3
[2025-07-01 22:35:01] Ejecutando uploader
 Container elasticsearch  Running
 Container mongodb-general  Running
 Container waze-scrapper-general  Created
 Container m7-filtering-general  Created
 Container m8-processing-general  Created
 Container waze-scrapper-general  Starting
 Container waze-scrapper-general  Started
 Container waze-scrapper-general  Waiting
 Container waze-scrapper-general  Exited
 Container m7-filtering-general  Starting
 Container m7-filtering-general  Started
 Container m7-filtering-general  Waiting
 Container m7-filtering-general  Exited
 Container m8-processing-general  Starting
 Container m8-processing-general  Started
/app/cargar_data_elastic.py:46: DeprecationWarning: Passing transport options in the API method is deprecated. Use 'Elasticsearch.options()' instead.
  bulk(
/app/cargar_data_elastic.py:61: DeprecationWarning: Passing transport options in the API method is deprecated. Use 'Elasticsearch.options()' instead.
  bulk(
/app/cargar_data_elastic.py:151: DeprecationWarning: Passing transport options in the API method is deprecated. Use 'Elasticsearch.options()' instead.
  bulk(
/app/cargar_data_elastic.py:151: DeprecationWarning: Passing transport options in the API method is deprecated. Use 'Elasticsearch.options()' instead.
  bulk(
/app/cargar_data_elastic.py:151: DeprecationWarning: Passing transport options in the API method is deprecated. Use 'Elasticsearch.options()' instead.
  bulk(
/app/cargar_data_elastic.py:151: DeprecationWarning: Passing transport options in the API method is deprecated. Use 'Elasticsearch.options()' instead.
  bulk(
/app/cargar_data_elastic.py:151: DeprecationWarning: Passing transport options in the API method is deprecated. Use 'Elasticsearch.options()' instead.
  bulk(
/app/cargar_data_elastic.py:151: DeprecationWarning: Passing transport options in the API method is deprecated. Use 'Elasticsearch.options()' instead.
  bulk(
/app/cargar_data_elastic.py:151: DeprecationWarning: Passing transport options in the API method is deprecated. Use 'Elasticsearch.options()' instead.
  bulk(
/app/cargar_data_elastic.py:151: DeprecationWarning: Passing transport options in the API method is deprecated. Use 'Elasticsearch.options()' instead.
  bulk(
Exportación de MongoDB a Elasticsearch completada.
Exportación de CSV a Elasticsearch completada.
[2025-07-01 22:36:56] Pipeline completado correctamente
[2025-07-01 22:40:01] Ejecutando pipeline desde /home/camilo/udp/sist-distribuidos/sistemas_distribuidos/tarea_3
[2025-07-01 22:40:01] Ejecutando uploader
 Container elasticsearch  Running
 Container mongodb-general  Running
 Container waze-scrapper-general  Created
 Container m7-filtering-general  Created
 Container m8-processing-general  Created
 Container waze-scrapper-general  Starting
 Container waze-scrapper-general  Started
 Container waze-scrapper-general  Waiting
 Container waze-scrapper-general  Exited
 Container m7-filtering-general  Starting
 Container m7-filtering-general  Started
 Container m7-filtering-general  Waiting
 Container m7-filtering-general  Exited
 Container m8-processing-general  Starting
 Container m8-processing-general  Started
/app/cargar_data_elastic.py:46: DeprecationWarning: Passing transport options in the API method is deprecated. Use 'Elasticsearch.options()' instead.
  bulk(
/app/cargar_data_elastic.py:61: DeprecationWarning: Passing transport options in the API method is deprecated. Use 'Elasticsearch.options()' instead.
  bulk(
/app/cargar_data_elastic.py:151: DeprecationWarning: Passing transport options in the API method is deprecated. Use 'Elasticsearch.options()' instead.
  bulk(
/app/cargar_data_elastic.py:151: DeprecationWarning: Passing transport options in the API method is deprecated. Use 'Elasticsearch.options()' instead.
  bulk(
/app/cargar_data_elastic.py:151: DeprecationWarning: Passing transport options in the API method is deprecated. Use 'Elasticsearch.options()' instead.
  bulk(
/app/cargar_data_elastic.py:151: DeprecationWarning: Passing transport options in the API method is deprecated. Use 'Elasticsearch.options()' instead.
  bulk(
/app/cargar_data_elastic.py:151: DeprecationWarning: Passing transport options in the API method is deprecated. Use 'Elasticsearch.options()' instead.
  bulk(
/app/cargar_data_elastic.py:151: DeprecationWarning: Passing transport options in the API method is deprecated. Use 'Elasticsearch.options()' instead.
  bulk(
/app/cargar_data_elastic.py:151: DeprecationWarning: Passing transport options in the API method is deprecated. Use 'Elasticsearch.options()' instead.
  bulk(
/app/cargar_data_elastic.py:151: DeprecationWarning: Passing transport options in the API method is deprecated. Use 'Elasticsearch.options()' instead.
  bulk(
Exportación de MongoDB a Elasticsearch completada.
Exportación de CSV a Elasticsearch completada.
[2025-07-01 22:41:56] Pipeline completado correctamente
[2025-07-01 22:45:01] Ejecutando pipeline desde /home/camilo/udp/sist-distribuidos/sistemas_distribuidos/tarea_3
[2025-07-01 22:45:01] Ejecutando uploader
 Container elasticsearch  Running
 Container mongodb-general  Running
 Container waze-scrapper-general  Created
 Container m7-filtering-general  Created
 Container m8-processing-general  Created
 Container waze-scrapper-general  Starting
 Container waze-scrapper-general  Started
 Container waze-scrapper-general  Waiting
 Container waze-scrapper-general  Exited
 Container m7-filtering-general  Starting
 Container m7-filtering-general  Started
 Container m7-filtering-general  Waiting
 Container m7-filtering-general  Exited
 Container m8-processing-general  Starting
 Container m8-processing-general  Started
/app/cargar_data_elastic.py:46: DeprecationWarning: Passing transport options in the API method is deprecated. Use 'Elasticsearch.options()' instead.
  bulk(
/app/cargar_data_elastic.py:61: DeprecationWarning: Passing transport options in the API method is deprecated. Use 'Elasticsearch.options()' instead.
  bulk(
/app/cargar_data_elastic.py:151: DeprecationWarning: Passing transport options in the API method is deprecated. Use 'Elasticsearch.options()' instead.
  bulk(
/app/cargar_data_elastic.py:151: DeprecationWarning: Passing transport options in the API method is deprecated. Use 'Elasticsearch.options()' instead.
  bulk(
/app/cargar_data_elastic.py:151: DeprecationWarning: Passing transport options in the API method is deprecated. Use 'Elasticsearch.options()' instead.
  bulk(
/app/cargar_data_elastic.py:151: DeprecationWarning: Passing transport options in the API method is deprecated. Use 'Elasticsearch.options()' instead.
  bulk(
/app/cargar_data_elastic.py:151: DeprecationWarning: Passing transport options in the API method is deprecated. Use 'Elasticsearch.options()' instead.
  bulk(
/app/cargar_data_elastic.py:151: DeprecationWarning: Passing transport options in the API method is deprecated. Use 'Elasticsearch.options()' instead.
  bulk(
/app/cargar_data_elastic.py:151: DeprecationWarning: Passing transport options in the API method is deprecated. Use 'Elasticsearch.options()' instead.
  bulk(
/app/cargar_data_elastic.py:151: DeprecationWarning: Passing transport options in the API method is deprecated. Use 'Elasticsearch.options()' instead.
  bulk(
Exportación de MongoDB a Elasticsearch completada.
Exportación de CSV a Elasticsearch completada.
[2025-07-01 22:46:58] Pipeline completado correctamente
[2025-07-01 22:50:01] Ejecutando pipeline desde /home/camilo/udp/sist-distribuidos/sistemas_distribuidos/tarea_3
[2025-07-01 22:50:01] Ejecutando uploader
 Container elasticsearch  Running
 Container mongodb-general  Running
 Container waze-scrapper-general  Created
 Container m7-filtering-general  Created
 Container m8-processing-general  Created
 Container waze-scrapper-general  Starting
 Container waze-scrapper-general  Started
 Container waze-scrapper-general  Waiting
 Container waze-scrapper-general  Exited
 Container m7-filtering-general  Starting
 Container m7-filtering-general  Started
 Container m7-filtering-general  Waiting
 Container m7-filtering-general  Exited
 Container m8-processing-general  Starting
 Container m8-processing-general  Started
/app/cargar_data_elastic.py:46: DeprecationWarning: Passing transport options in the API method is deprecated. Use 'Elasticsearch.options()' instead.
  bulk(
/app/cargar_data_elastic.py:61: DeprecationWarning: Passing transport options in the API method is deprecated. Use 'Elasticsearch.options()' instead.
  bulk(
/app/cargar_data_elastic.py:151: DeprecationWarning: Passing transport options in the API method is deprecated. Use 'Elasticsearch.options()' instead.
  bulk(
/app/cargar_data_elastic.py:151: DeprecationWarning: Passing transport options in the API method is deprecated. Use 'Elasticsearch.options()' instead.
  bulk(
/app/cargar_data_elastic.py:151: DeprecationWarning: Passing transport options in the API method is deprecated. Use 'Elasticsearch.options()' instead.
  bulk(
/app/cargar_data_elastic.py:151: DeprecationWarning: Passing transport options in the API method is deprecated. Use 'Elasticsearch.options()' instead.
  bulk(
/app/cargar_data_elastic.py:151: DeprecationWarning: Passing transport options in the API method is deprecated. Use 'Elasticsearch.options()' instead.
  bulk(
/app/cargar_data_elastic.py:151: DeprecationWarning: Passing transport options in the API method is deprecated. Use 'Elasticsearch.options()' instead.
  bulk(
/app/cargar_data_elastic.py:151: DeprecationWarning: Passing transport options in the API method is deprecated. Use 'Elasticsearch.options()' instead.
  bulk(
/app/cargar_data_elastic.py:151: DeprecationWarning: Passing transport options in the API method is deprecated. Use 'Elasticsearch.options()' instead.
  bulk(
Exportación de MongoDB a Elasticsearch completada.
Exportación de CSV a Elasticsearch completada.
[2025-07-01 22:51:57] Pipeline completado correctamente
[2025-07-01 22:55:01] Ejecutando pipeline desde /home/camilo/udp/sist-distribuidos/sistemas_distribuidos/tarea_3
[2025-07-01 22:55:01] Ejecutando uploader
 Container elasticsearch  Running
 Container mongodb-general  Running
 Container waze-scrapper-general  Created
 Container m7-filtering-general  Created
 Container m8-processing-general  Created
 Container waze-scrapper-general  Starting
 Container waze-scrapper-general  Started
 Container waze-scrapper-general  Waiting
request returned Bad Gateway for API route and version http://%2Fvar%2Frun%2Fdocker.sock/v1.47/containers/b49aad259810f0c23889e809a7c1af7862a7e8042c73ad10c5f1ada48896b0d4/json, check if the server supports the requested API version
[2025-07-01 23:00:01] Ejecutando pipeline desde /home/camilo/udp/sist-distribuidos/sistemas_distribuidos/tarea_3
[2025-07-01 23:00:01] Ejecutando uploader
 Container mongodb-general  Created
 Container elasticsearch  Created
 Container waze-scrapper-general  Created
 Container m7-filtering-general  Created
 Container m8-processing-general  Created
 Container elasticsearch  Starting
 Container mongodb-general  Starting
 Container mongodb-general  Started
 Container waze-scrapper-general  Starting
 Container elasticsearch  Started
 Container waze-scrapper-general  Started
 Container waze-scrapper-general  Waiting
[2025-07-01 23:05:15] Ejecutando pipeline desde /home/camilo/udp/sist-distribuidos/sistemas_distribuidos/tarea_3
[2025-07-01 23:05:15] Ejecutando uploader
 Container mongodb-general  Running
 Container elasticsearch  Running
 Container waze-scrapper-general  Running
 Container m7-filtering-general  Created
 Container m8-processing-general  Created
 Container waze-scrapper-general  Waiting
 Container waze-scrapper-general  Exited
 Container m7-filtering-general  Starting
 Container waze-scrapper-general  Exited
 Container m7-filtering-general  Starting
 Container m7-filtering-general  Started
 Container m7-filtering-general  Waiting
 Container m7-filtering-general  Started
 Container m7-filtering-general  Waiting
 Container m7-filtering-general  Exited
 Container m8-processing-general  Starting
 Container m7-filtering-general  Exited
 Container m8-processing-general  Starting
 Container m8-processing-general  Started
 Container m8-processing-general  Started
/app/cargar_data_elastic.py:46: DeprecationWarning: Passing transport options in the API method is deprecated. Use 'Elasticsearch.options()' instead.
  bulk(
/app/cargar_data_elastic.py:46: DeprecationWarning: Passing transport options in the API method is deprecated. Use 'Elasticsearch.options()' instead.
  bulk(
/app/cargar_data_elastic.py:61: DeprecationWarning: Passing transport options in the API method is deprecated. Use 'Elasticsearch.options()' instead.
  bulk(
/app/cargar_data_elastic.py:61: DeprecationWarning: Passing transport options in the API method is deprecated. Use 'Elasticsearch.options()' instead.
  bulk(
/app/cargar_data_elastic.py:151: DeprecationWarning: Passing transport options in the API method is deprecated. Use 'Elasticsearch.options()' instead.
  bulk(
/app/cargar_data_elastic.py:151: DeprecationWarning: Passing transport options in the API method is deprecated. Use 'Elasticsearch.options()' instead.
  bulk(
/app/cargar_data_elastic.py:151: DeprecationWarning: Passing transport options in the API method is deprecated. Use 'Elasticsearch.options()' instead.
  bulk(
/app/cargar_data_elastic.py:151: DeprecationWarning: Passing transport options in the API method is deprecated. Use 'Elasticsearch.options()' instead.
  bulk(
/app/cargar_data_elastic.py:151: DeprecationWarning: Passing transport options in the API method is deprecated. Use 'Elasticsearch.options()' instead.
  bulk(
/app/cargar_data_elastic.py:151: DeprecationWarning: Passing transport options in the API method is deprecated. Use 'Elasticsearch.options()' instead.
  bulk(
/app/cargar_data_elastic.py:151: DeprecationWarning: Passing transport options in the API method is deprecated. Use 'Elasticsearch.options()' instead.
  bulk(
/app/cargar_data_elastic.py:151: DeprecationWarning: Passing transport options in the API method is deprecated. Use 'Elasticsearch.options()' instead.
  bulk(
/app/cargar_data_elastic.py:151: DeprecationWarning: Passing transport options in the API method is deprecated. Use 'Elasticsearch.options()' instead.
  bulk(
/app/cargar_data_elastic.py:151: DeprecationWarning: Passing transport options in the API method is deprecated. Use 'Elasticsearch.options()' instead.
  bulk(
/app/cargar_data_elastic.py:151: DeprecationWarning: Passing transport options in the API method is deprecated. Use 'Elasticsearch.options()' instead.
  bulk(
/app/cargar_data_elastic.py:151: DeprecationWarning: Passing transport options in the API method is deprecated. Use 'Elasticsearch.options()' instead.
  bulk(
/app/cargar_data_elastic.py:151: DeprecationWarning: Passing transport options in the API method is deprecated. Use 'Elasticsearch.options()' instead.
  bulk(
/app/cargar_data_elastic.py:151: DeprecationWarning: Passing transport options in the API method is deprecated. Use 'Elasticsearch.options()' instead.
  bulk(
/app/cargar_data_elastic.py:151: DeprecationWarning: Passing transport options in the API method is deprecated. Use 'Elasticsearch.options()' instead.
  bulk(
/app/cargar_data_elastic.py:151: DeprecationWarning: Passing transport options in the API method is deprecated. Use 'Elasticsearch.options()' instead.
  bulk(
Exportación de MongoDB a Elasticsearch completada.
Exportación de CSV a Elasticsearch completada.
Exportación de MongoDB a Elasticsearch completada.
Exportación de CSV a Elasticsearch completada.
[2025-07-01 23:02:03] Pipeline completado correctamente
[2025-07-01 23:02:03] Pipeline completado correctamente
[2025-07-01 23:05:01] Ejecutando pipeline desde /home/camilo/udp/sist-distribuidos/sistemas_distribuidos/tarea_3
[2025-07-01 23:05:01] Ejecutando uploader
 Container elasticsearch  Running
 Container mongodb-general  Running
 Container waze-scrapper-general  Created
 Container m7-filtering-general  Created
 Container m8-processing-general  Created
 Container waze-scrapper-general  Starting
 Container waze-scrapper-general  Started
 Container waze-scrapper-general  Waiting
 Container waze-scrapper-general  Exited
 Container m7-filtering-general  Starting
 Container m7-filtering-general  Started
 Container m7-filtering-general  Waiting
 Container m7-filtering-general  Exited
 Container m8-processing-general  Starting
 Container m8-processing-general  Started
/app/cargar_data_elastic.py:46: DeprecationWarning: Passing transport options in the API method is deprecated. Use 'Elasticsearch.options()' instead.
  bulk(
/app/cargar_data_elastic.py:61: DeprecationWarning: Passing transport options in the API method is deprecated. Use 'Elasticsearch.options()' instead.
  bulk(
/app/cargar_data_elastic.py:151: DeprecationWarning: Passing transport options in the API method is deprecated. Use 'Elasticsearch.options()' instead.
  bulk(
/app/cargar_data_elastic.py:151: DeprecationWarning: Passing transport options in the API method is deprecated. Use 'Elasticsearch.options()' instead.
  bulk(
/app/cargar_data_elastic.py:151: DeprecationWarning: Passing transport options in the API method is deprecated. Use 'Elasticsearch.options()' instead.
  bulk(
/app/cargar_data_elastic.py:151: DeprecationWarning: Passing transport options in the API method is deprecated. Use 'Elasticsearch.options()' instead.
  bulk(
/app/cargar_data_elastic.py:151: DeprecationWarning: Passing transport options in the API method is deprecated. Use 'Elasticsearch.options()' instead.
  bulk(
/app/cargar_data_elastic.py:151: DeprecationWarning: Passing transport options in the API method is deprecated. Use 'Elasticsearch.options()' instead.
  bulk(
/app/cargar_data_elastic.py:151: DeprecationWarning: Passing transport options in the API method is deprecated. Use 'Elasticsearch.options()' instead.
  bulk(
/app/cargar_data_elastic.py:151: DeprecationWarning: Passing transport options in the API method is deprecated. Use 'Elasticsearch.options()' instead.
  bulk(
Exportación de MongoDB a Elasticsearch completada.
Exportación de CSV a Elasticsearch completada.
[2025-07-01 23:06:59] Pipeline completado correctamente
[2025-07-01 23:10:01] Ejecutando pipeline desde /home/camilo/udp/sist-distribuidos/sistemas_distribuidos/tarea_3
[2025-07-01 23:10:01] Ejecutando uploader
 Container elasticsearch  Running
 Container mongodb-general  Running
 Container waze-scrapper-general  Created
 Container m7-filtering-general  Created
 Container m8-processing-general  Created
 Container waze-scrapper-general  Starting
 Container waze-scrapper-general  Started
 Container waze-scrapper-general  Waiting
 Container waze-scrapper-general  Exited
 Container m7-filtering-general  Starting
 Container m7-filtering-general  Started
 Container m7-filtering-general  Waiting
 Container m7-filtering-general  Exited
 Container m8-processing-general  Starting
 Container m8-processing-general  Started
/app/cargar_data_elastic.py:46: DeprecationWarning: Passing transport options in the API method is deprecated. Use 'Elasticsearch.options()' instead.
  bulk(
/app/cargar_data_elastic.py:61: DeprecationWarning: Passing transport options in the API method is deprecated. Use 'Elasticsearch.options()' instead.
  bulk(
/app/cargar_data_elastic.py:151: DeprecationWarning: Passing transport options in the API method is deprecated. Use 'Elasticsearch.options()' instead.
  bulk(
/app/cargar_data_elastic.py:151: DeprecationWarning: Passing transport options in the API method is deprecated. Use 'Elasticsearch.options()' instead.
  bulk(
/app/cargar_data_elastic.py:151: DeprecationWarning: Passing transport options in the API method is deprecated. Use 'Elasticsearch.options()' instead.
  bulk(
/app/cargar_data_elastic.py:151: DeprecationWarning: Passing transport options in the API method is deprecated. Use 'Elasticsearch.options()' instead.
  bulk(
/app/cargar_data_elastic.py:151: DeprecationWarning: Passing transport options in the API method is deprecated. Use 'Elasticsearch.options()' instead.
  bulk(
/app/cargar_data_elastic.py:151: DeprecationWarning: Passing transport options in the API method is deprecated. Use 'Elasticsearch.options()' instead.
  bulk(
/app/cargar_data_elastic.py:151: DeprecationWarning: Passing transport options in the API method is deprecated. Use 'Elasticsearch.options()' instead.
  bulk(
/app/cargar_data_elastic.py:151: DeprecationWarning: Passing transport options in the API method is deprecated. Use 'Elasticsearch.options()' instead.
  bulk(
Exportación de MongoDB a Elasticsearch completada.
Exportación de CSV a Elasticsearch completada.
[2025-07-01 23:16:11] Pipeline completado correctamente
[2025-07-01 23:16:11] Ejecutando pipeline desde /home/camilo/udp/sist-distribuidos/sistemas_distribuidos/tarea_3
[2025-07-01 23:16:11] Ejecutando uploader
 Container elasticsearch  Running
 Container mongodb-general  Running
 Container waze-scrapper-general  Created
 Container m7-filtering-general  Created
 Container m8-processing-general  Created
 Container waze-scrapper-general  Starting
 Container waze-scrapper-general  Started
 Container waze-scrapper-general  Waiting
 Container waze-scrapper-general  Exited
 Container m7-filtering-general  Starting
 Container m7-filtering-general  Started
 Container m7-filtering-general  Waiting
 Container m7-filtering-general  Exited
 Container m8-processing-general  Starting
 Container m8-processing-general  Started
/app/cargar_data_elastic.py:46: DeprecationWarning: Passing transport options in the API method is deprecated. Use 'Elasticsearch.options()' instead.
  bulk(
/app/cargar_data_elastic.py:61: DeprecationWarning: Passing transport options in the API method is deprecated. Use 'Elasticsearch.options()' instead.
  bulk(
/app/cargar_data_elastic.py:151: DeprecationWarning: Passing transport options in the API method is deprecated. Use 'Elasticsearch.options()' instead.
  bulk(
/app/cargar_data_elastic.py:151: DeprecationWarning: Passing transport options in the API method is deprecated. Use 'Elasticsearch.options()' instead.
  bulk(
/app/cargar_data_elastic.py:151: DeprecationWarning: Passing transport options in the API method is deprecated. Use 'Elasticsearch.options()' instead.
  bulk(
/app/cargar_data_elastic.py:151: DeprecationWarning: Passing transport options in the API method is deprecated. Use 'Elasticsearch.options()' instead.
  bulk(
/app/cargar_data_elastic.py:151: DeprecationWarning: Passing transport options in the API method is deprecated. Use 'Elasticsearch.options()' instead.
  bulk(
/app/cargar_data_elastic.py:151: DeprecationWarning: Passing transport options in the API method is deprecated. Use 'Elasticsearch.options()' instead.
  bulk(
/app/cargar_data_elastic.py:151: DeprecationWarning: Passing transport options in the API method is deprecated. Use 'Elasticsearch.options()' instead.
  bulk(
/app/cargar_data_elastic.py:151: DeprecationWarning: Passing transport options in the API method is deprecated. Use 'Elasticsearch.options()' instead.
  bulk(
Exportación de MongoDB a Elasticsearch completada.
Exportación de CSV a Elasticsearch completada.
[2025-07-01 23:13:52] Pipeline completado correctamente
[2025-07-01 23:15:01] Ejecutando pipeline desde /home/camilo/udp/sist-distribuidos/sistemas_distribuidos/tarea_3
[2025-07-01 23:15:01] Ejecutando uploader
 Container elasticsearch  Running
 Container mongodb-general  Running
 Container waze-scrapper-general  Created
 Container m7-filtering-general  Created
 Container m8-processing-general  Created
 Container waze-scrapper-general  Starting
 Container waze-scrapper-general  Started
 Container waze-scrapper-general  Waiting
 Container waze-scrapper-general  Exited
 Container m7-filtering-general  Starting
 Container m7-filtering-general  Started
 Container m7-filtering-general  Waiting
 Container m7-filtering-general  Exited
 Container m8-processing-general  Starting
 Container m8-processing-general  Started
/app/cargar_data_elastic.py:46: DeprecationWarning: Passing transport options in the API method is deprecated. Use 'Elasticsearch.options()' instead.
  bulk(
/app/cargar_data_elastic.py:61: DeprecationWarning: Passing transport options in the API method is deprecated. Use 'Elasticsearch.options()' instead.
  bulk(
/app/cargar_data_elastic.py:151: DeprecationWarning: Passing transport options in the API method is deprecated. Use 'Elasticsearch.options()' instead.
  bulk(
/app/cargar_data_elastic.py:151: DeprecationWarning: Passing transport options in the API method is deprecated. Use 'Elasticsearch.options()' instead.
  bulk(
/app/cargar_data_elastic.py:151: DeprecationWarning: Passing transport options in the API method is deprecated. Use 'Elasticsearch.options()' instead.
  bulk(
/app/cargar_data_elastic.py:151: DeprecationWarning: Passing transport options in the API method is deprecated. Use 'Elasticsearch.options()' instead.
  bulk(
/app/cargar_data_elastic.py:151: DeprecationWarning: Passing transport options in the API method is deprecated. Use 'Elasticsearch.options()' instead.
  bulk(
/app/cargar_data_elastic.py:151: DeprecationWarning: Passing transport options in the API method is deprecated. Use 'Elasticsearch.options()' instead.
  bulk(
/app/cargar_data_elastic.py:151: DeprecationWarning: Passing transport options in the API method is deprecated. Use 'Elasticsearch.options()' instead.
  bulk(
/app/cargar_data_elastic.py:151: DeprecationWarning: Passing transport options in the API method is deprecated. Use 'Elasticsearch.options()' instead.
  bulk(
Exportación de MongoDB a Elasticsearch completada.
Exportación de CSV a Elasticsearch completada.
[2025-07-01 23:16:57] Pipeline completado correctamente
[2025-07-01 23:20:01] Ejecutando pipeline desde /home/camilo/udp/sist-distribuidos/sistemas_distribuidos/tarea_3
[2025-07-01 23:20:01] Ejecutando uploader
 Container mongodb-general  Running
 Container elasticsearch  Running
 Container waze-scrapper-general  Created
 Container m7-filtering-general  Created
 Container m8-processing-general  Created
 Container waze-scrapper-general  Starting
 Container waze-scrapper-general  Started
 Container waze-scrapper-general  Waiting
 Container waze-scrapper-general  Exited
 Container m7-filtering-general  Starting
 Container m7-filtering-general  Started
 Container m7-filtering-general  Waiting
 Container m7-filtering-general  Exited
 Container m8-processing-general  Starting
 Container m8-processing-general  Started
/app/cargar_data_elastic.py:46: DeprecationWarning: Passing transport options in the API method is deprecated. Use 'Elasticsearch.options()' instead.
  bulk(
/app/cargar_data_elastic.py:61: DeprecationWarning: Passing transport options in the API method is deprecated. Use 'Elasticsearch.options()' instead.
  bulk(
/app/cargar_data_elastic.py:151: DeprecationWarning: Passing transport options in the API method is deprecated. Use 'Elasticsearch.options()' instead.
  bulk(
/app/cargar_data_elastic.py:151: DeprecationWarning: Passing transport options in the API method is deprecated. Use 'Elasticsearch.options()' instead.
  bulk(
/app/cargar_data_elastic.py:151: DeprecationWarning: Passing transport options in the API method is deprecated. Use 'Elasticsearch.options()' instead.
  bulk(
/app/cargar_data_elastic.py:151: DeprecationWarning: Passing transport options in the API method is deprecated. Use 'Elasticsearch.options()' instead.
  bulk(
/app/cargar_data_elastic.py:151: DeprecationWarning: Passing transport options in the API method is deprecated. Use 'Elasticsearch.options()' instead.
  bulk(
/app/cargar_data_elastic.py:151: DeprecationWarning: Passing transport options in the API method is deprecated. Use 'Elasticsearch.options()' instead.
  bulk(
/app/cargar_data_elastic.py:151: DeprecationWarning: Passing transport options in the API method is deprecated. Use 'Elasticsearch.options()' instead.
  bulk(
/app/cargar_data_elastic.py:151: DeprecationWarning: Passing transport options in the API method is deprecated. Use 'Elasticsearch.options()' instead.
  bulk(
Exportación de MongoDB a Elasticsearch completada.
Exportación de CSV a Elasticsearch completada.
[2025-07-01 23:21:58] Pipeline completado correctamente
[2025-07-01 23:25:01] Ejecutando pipeline desde /home/camilo/udp/sist-distribuidos/sistemas_distribuidos/tarea_3
[2025-07-01 23:25:01] Ejecutando uploader
 Container mongodb-general  Running
 Container elasticsearch  Running
 Container waze-scrapper-general  Created
 Container m7-filtering-general  Created
 Container m8-processing-general  Created
 Container waze-scrapper-general  Starting
 Container waze-scrapper-general  Started
 Container waze-scrapper-general  Waiting
 Container waze-scrapper-general  Exited
 Container m7-filtering-general  Starting
 Container m7-filtering-general  Started
 Container m7-filtering-general  Waiting
 Container m7-filtering-general  Exited
 Container m8-processing-general  Starting
 Container m8-processing-general  Started
/app/cargar_data_elastic.py:46: DeprecationWarning: Passing transport options in the API method is deprecated. Use 'Elasticsearch.options()' instead.
  bulk(
/app/cargar_data_elastic.py:61: DeprecationWarning: Passing transport options in the API method is deprecated. Use 'Elasticsearch.options()' instead.
  bulk(
/app/cargar_data_elastic.py:151: DeprecationWarning: Passing transport options in the API method is deprecated. Use 'Elasticsearch.options()' instead.
  bulk(
/app/cargar_data_elastic.py:151: DeprecationWarning: Passing transport options in the API method is deprecated. Use 'Elasticsearch.options()' instead.
  bulk(
/app/cargar_data_elastic.py:151: DeprecationWarning: Passing transport options in the API method is deprecated. Use 'Elasticsearch.options()' instead.
  bulk(
/app/cargar_data_elastic.py:151: DeprecationWarning: Passing transport options in the API method is deprecated. Use 'Elasticsearch.options()' instead.
  bulk(
/app/cargar_data_elastic.py:151: DeprecationWarning: Passing transport options in the API method is deprecated. Use 'Elasticsearch.options()' instead.
  bulk(
/app/cargar_data_elastic.py:151: DeprecationWarning: Passing transport options in the API method is deprecated. Use 'Elasticsearch.options()' instead.
  bulk(
/app/cargar_data_elastic.py:151: DeprecationWarning: Passing transport options in the API method is deprecated. Use 'Elasticsearch.options()' instead.
  bulk(
/app/cargar_data_elastic.py:151: DeprecationWarning: Passing transport options in the API method is deprecated. Use 'Elasticsearch.options()' instead.
  bulk(
Exportación de MongoDB a Elasticsearch completada.
Exportación de CSV a Elasticsearch completada.
[2025-07-01 23:26:55] Pipeline completado correctamente
[2025-07-01 23:30:00] Ejecutando pipeline desde /home/camilo/udp/sist-distribuidos/sistemas_distribuidos/tarea_3
[2025-07-01 23:30:00] Ejecutando uploader
 Container mongodb-general  Running
 Container elasticsearch  Running
 Container waze-scrapper-general  Created
 Container m7-filtering-general  Created
 Container m8-processing-general  Created
 Container waze-scrapper-general  Starting
 Container waze-scrapper-general  Started
 Container waze-scrapper-general  Waiting
 Container waze-scrapper-general  Exited
 Container m7-filtering-general  Starting
 Container m7-filtering-general  Started
 Container m7-filtering-general  Waiting
 Container m7-filtering-general  Exited
 Container m8-processing-general  Starting
 Container m8-processing-general  Started
/app/cargar_data_elastic.py:46: DeprecationWarning: Passing transport options in the API method is deprecated. Use 'Elasticsearch.options()' instead.
  bulk(
/app/cargar_data_elastic.py:61: DeprecationWarning: Passing transport options in the API method is deprecated. Use 'Elasticsearch.options()' instead.
  bulk(
/app/cargar_data_elastic.py:151: DeprecationWarning: Passing transport options in the API method is deprecated. Use 'Elasticsearch.options()' instead.
  bulk(
/app/cargar_data_elastic.py:151: DeprecationWarning: Passing transport options in the API method is deprecated. Use 'Elasticsearch.options()' instead.
  bulk(
/app/cargar_data_elastic.py:151: DeprecationWarning: Passing transport options in the API method is deprecated. Use 'Elasticsearch.options()' instead.
  bulk(
/app/cargar_data_elastic.py:151: DeprecationWarning: Passing transport options in the API method is deprecated. Use 'Elasticsearch.options()' instead.
  bulk(
/app/cargar_data_elastic.py:151: DeprecationWarning: Passing transport options in the API method is deprecated. Use 'Elasticsearch.options()' instead.
  bulk(
/app/cargar_data_elastic.py:151: DeprecationWarning: Passing transport options in the API method is deprecated. Use 'Elasticsearch.options()' instead.
  bulk(
/app/cargar_data_elastic.py:151: DeprecationWarning: Passing transport options in the API method is deprecated. Use 'Elasticsearch.options()' instead.
  bulk(
/app/cargar_data_elastic.py:151: DeprecationWarning: Passing transport options in the API method is deprecated. Use 'Elasticsearch.options()' instead.
  bulk(
Exportación de MongoDB a Elasticsearch completada.
Exportación de CSV a Elasticsearch completada.
[2025-07-01 23:31:55] Pipeline completado correctamente
[2025-07-01 23:35:01] Ejecutando pipeline desde /home/camilo/udp/sist-distribuidos/sistemas_distribuidos/tarea_3
[2025-07-01 23:35:01] Ejecutando uploader
 Container mongodb-general  Running
 Container elasticsearch  Running
 Container waze-scrapper-general  Created
 Container m7-filtering-general  Created
 Container m8-processing-general  Created
 Container waze-scrapper-general  Starting
 Container waze-scrapper-general  Started
 Container waze-scrapper-general  Waiting
 Container waze-scrapper-general  Exited
 Container m7-filtering-general  Starting
 Container m7-filtering-general  Started
 Container m7-filtering-general  Waiting
 Container m7-filtering-general  Exited
 Container m8-processing-general  Starting
 Container m8-processing-general  Started
/app/cargar_data_elastic.py:46: DeprecationWarning: Passing transport options in the API method is deprecated. Use 'Elasticsearch.options()' instead.
  bulk(
/app/cargar_data_elastic.py:61: DeprecationWarning: Passing transport options in the API method is deprecated. Use 'Elasticsearch.options()' instead.
  bulk(
/app/cargar_data_elastic.py:151: DeprecationWarning: Passing transport options in the API method is deprecated. Use 'Elasticsearch.options()' instead.
  bulk(
/app/cargar_data_elastic.py:151: DeprecationWarning: Passing transport options in the API method is deprecated. Use 'Elasticsearch.options()' instead.
  bulk(
/app/cargar_data_elastic.py:151: DeprecationWarning: Passing transport options in the API method is deprecated. Use 'Elasticsearch.options()' instead.
  bulk(
/app/cargar_data_elastic.py:151: DeprecationWarning: Passing transport options in the API method is deprecated. Use 'Elasticsearch.options()' instead.
  bulk(
/app/cargar_data_elastic.py:151: DeprecationWarning: Passing transport options in the API method is deprecated. Use 'Elasticsearch.options()' instead.
  bulk(
/app/cargar_data_elastic.py:151: DeprecationWarning: Passing transport options in the API method is deprecated. Use 'Elasticsearch.options()' instead.
  bulk(
/app/cargar_data_elastic.py:151: DeprecationWarning: Passing transport options in the API method is deprecated. Use 'Elasticsearch.options()' instead.
  bulk(
/app/cargar_data_elastic.py:151: DeprecationWarning: Passing transport options in the API method is deprecated. Use 'Elasticsearch.options()' instead.
  bulk(
Exportación de MongoDB a Elasticsearch completada.
Exportación de CSV a Elasticsearch completada.
[2025-07-01 23:36:56] Pipeline completado correctamente
[2025-07-01 23:40:01] Ejecutando pipeline desde /home/camilo/udp/sist-distribuidos/sistemas_distribuidos/tarea_3
[2025-07-01 23:40:01] Ejecutando uploader
 Container mongodb-general  Running
 Container elasticsearch  Running
 Container waze-scrapper-general  Created
 Container m7-filtering-general  Created
 Container m8-processing-general  Created
 Container waze-scrapper-general  Starting
 Container waze-scrapper-general  Started
 Container waze-scrapper-general  Waiting
 Container waze-scrapper-general  Exited
 Container m7-filtering-general  Starting
 Container m7-filtering-general  Started
 Container m7-filtering-general  Waiting
 Container m7-filtering-general  Exited
 Container m8-processing-general  Starting
 Container m8-processing-general  Started
/app/cargar_data_elastic.py:46: DeprecationWarning: Passing transport options in the API method is deprecated. Use 'Elasticsearch.options()' instead.
  bulk(
/app/cargar_data_elastic.py:61: DeprecationWarning: Passing transport options in the API method is deprecated. Use 'Elasticsearch.options()' instead.
  bulk(
/app/cargar_data_elastic.py:151: DeprecationWarning: Passing transport options in the API method is deprecated. Use 'Elasticsearch.options()' instead.
  bulk(
/app/cargar_data_elastic.py:151: DeprecationWarning: Passing transport options in the API method is deprecated. Use 'Elasticsearch.options()' instead.
  bulk(
/app/cargar_data_elastic.py:151: DeprecationWarning: Passing transport options in the API method is deprecated. Use 'Elasticsearch.options()' instead.
  bulk(
/app/cargar_data_elastic.py:151: DeprecationWarning: Passing transport options in the API method is deprecated. Use 'Elasticsearch.options()' instead.
  bulk(
/app/cargar_data_elastic.py:151: DeprecationWarning: Passing transport options in the API method is deprecated. Use 'Elasticsearch.options()' instead.
  bulk(
/app/cargar_data_elastic.py:151: DeprecationWarning: Passing transport options in the API method is deprecated. Use 'Elasticsearch.options()' instead.
  bulk(
/app/cargar_data_elastic.py:151: DeprecationWarning: Passing transport options in the API method is deprecated. Use 'Elasticsearch.options()' instead.
  bulk(
/app/cargar_data_elastic.py:151: DeprecationWarning: Passing transport options in the API method is deprecated. Use 'Elasticsearch.options()' instead.
  bulk(
Exportación de MongoDB a Elasticsearch completada.
Exportación de CSV a Elasticsearch completada.
[2025-07-01 23:41:58] Pipeline completado correctamente
[2025-07-01 23:45:01] Ejecutando pipeline desde /home/camilo/udp/sist-distribuidos/sistemas_distribuidos/tarea_3
[2025-07-01 23:45:01] Ejecutando uploader
 Container elasticsearch  Running
 Container mongodb-general  Running
 Container waze-scrapper-general  Created
 Container m7-filtering-general  Created
 Container m8-processing-general  Created
 Container waze-scrapper-general  Starting
 Container waze-scrapper-general  Started
 Container waze-scrapper-general  Waiting
 Container waze-scrapper-general  Exited
 Container m7-filtering-general  Starting
 Container m7-filtering-general  Started
 Container m7-filtering-general  Waiting
 Container m7-filtering-general  Exited
 Container m8-processing-general  Starting
 Container m8-processing-general  Started
/app/cargar_data_elastic.py:46: DeprecationWarning: Passing transport options in the API method is deprecated. Use 'Elasticsearch.options()' instead.
  bulk(
/app/cargar_data_elastic.py:61: DeprecationWarning: Passing transport options in the API method is deprecated. Use 'Elasticsearch.options()' instead.
  bulk(
/app/cargar_data_elastic.py:151: DeprecationWarning: Passing transport options in the API method is deprecated. Use 'Elasticsearch.options()' instead.
  bulk(
/app/cargar_data_elastic.py:151: DeprecationWarning: Passing transport options in the API method is deprecated. Use 'Elasticsearch.options()' instead.
  bulk(
/app/cargar_data_elastic.py:151: DeprecationWarning: Passing transport options in the API method is deprecated. Use 'Elasticsearch.options()' instead.
  bulk(
/app/cargar_data_elastic.py:151: DeprecationWarning: Passing transport options in the API method is deprecated. Use 'Elasticsearch.options()' instead.
  bulk(
/app/cargar_data_elastic.py:151: DeprecationWarning: Passing transport options in the API method is deprecated. Use 'Elasticsearch.options()' instead.
  bulk(
/app/cargar_data_elastic.py:151: DeprecationWarning: Passing transport options in the API method is deprecated. Use 'Elasticsearch.options()' instead.
  bulk(
/app/cargar_data_elastic.py:151: DeprecationWarning: Passing transport options in the API method is deprecated. Use 'Elasticsearch.options()' instead.
  bulk(
/app/cargar_data_elastic.py:151: DeprecationWarning: Passing transport options in the API method is deprecated. Use 'Elasticsearch.options()' instead.
  bulk(
Exportación de MongoDB a Elasticsearch completada.
Exportación de CSV a Elasticsearch completada.
[2025-07-01 23:46:55] Pipeline completado correctamente
[2025-07-01 23:50:01] Ejecutando pipeline desde /home/camilo/udp/sist-distribuidos/sistemas_distribuidos/tarea_3
[2025-07-01 23:50:01] Ejecutando uploader
 Container elasticsearch  Running
 Container mongodb-general  Running
 Container waze-scrapper-general  Created
 Container m7-filtering-general  Created
 Container m8-processing-general  Created
 Container waze-scrapper-general  Starting
 Container waze-scrapper-general  Started
 Container waze-scrapper-general  Waiting
 Container waze-scrapper-general  Exited
 Container m7-filtering-general  Starting
 Container m7-filtering-general  Started
 Container m7-filtering-general  Waiting
 Container m7-filtering-general  Exited
 Container m8-processing-general  Starting
 Container m8-processing-general  Started
/app/cargar_data_elastic.py:46: DeprecationWarning: Passing transport options in the API method is deprecated. Use 'Elasticsearch.options()' instead.
  bulk(
/app/cargar_data_elastic.py:61: DeprecationWarning: Passing transport options in the API method is deprecated. Use 'Elasticsearch.options()' instead.
  bulk(
/app/cargar_data_elastic.py:151: DeprecationWarning: Passing transport options in the API method is deprecated. Use 'Elasticsearch.options()' instead.
  bulk(
/app/cargar_data_elastic.py:151: DeprecationWarning: Passing transport options in the API method is deprecated. Use 'Elasticsearch.options()' instead.
  bulk(
/app/cargar_data_elastic.py:151: DeprecationWarning: Passing transport options in the API method is deprecated. Use 'Elasticsearch.options()' instead.
  bulk(
/app/cargar_data_elastic.py:151: DeprecationWarning: Passing transport options in the API method is deprecated. Use 'Elasticsearch.options()' instead.
  bulk(
/app/cargar_data_elastic.py:151: DeprecationWarning: Passing transport options in the API method is deprecated. Use 'Elasticsearch.options()' instead.
  bulk(
/app/cargar_data_elastic.py:151: DeprecationWarning: Passing transport options in the API method is deprecated. Use 'Elasticsearch.options()' instead.
  bulk(
/app/cargar_data_elastic.py:151: DeprecationWarning: Passing transport options in the API method is deprecated. Use 'Elasticsearch.options()' instead.
  bulk(
/app/cargar_data_elastic.py:151: DeprecationWarning: Passing transport options in the API method is deprecated. Use 'Elasticsearch.options()' instead.
  bulk(
Exportación de MongoDB a Elasticsearch completada.
Exportación de CSV a Elasticsearch completada.
[2025-07-01 23:51:55] Pipeline completado correctamente
[2025-07-01 23:56:15] Ejecutando pipeline desde /home/camilo/udp/sist-distribuidos/sistemas_distribuidos/tarea_3
[2025-07-01 23:56:15] Ejecutando uploader
 Container elasticsearch  Running
 Container mongodb-general  Running
 Container waze-scrapper-general  Created
 Container m7-filtering-general  Created
 Container m8-processing-general  Created
 Container waze-scrapper-general  Starting
 Container waze-scrapper-general  Started
 Container waze-scrapper-general  Waiting
 Container waze-scrapper-general  Exited
 Container m7-filtering-general  Starting
 Container m7-filtering-general  Started
 Container m7-filtering-general  Waiting
 Container m7-filtering-general  Exited
 Container m8-processing-general  Starting
 Container m8-processing-general  Started
/app/cargar_data_elastic.py:46: DeprecationWarning: Passing transport options in the API method is deprecated. Use 'Elasticsearch.options()' instead.
  bulk(
/app/cargar_data_elastic.py:61: DeprecationWarning: Passing transport options in the API method is deprecated. Use 'Elasticsearch.options()' instead.
  bulk(
/app/cargar_data_elastic.py:151: DeprecationWarning: Passing transport options in the API method is deprecated. Use 'Elasticsearch.options()' instead.
  bulk(
/app/cargar_data_elastic.py:151: DeprecationWarning: Passing transport options in the API method is deprecated. Use 'Elasticsearch.options()' instead.
  bulk(
/app/cargar_data_elastic.py:151: DeprecationWarning: Passing transport options in the API method is deprecated. Use 'Elasticsearch.options()' instead.
  bulk(
/app/cargar_data_elastic.py:151: DeprecationWarning: Passing transport options in the API method is deprecated. Use 'Elasticsearch.options()' instead.
  bulk(
/app/cargar_data_elastic.py:151: DeprecationWarning: Passing transport options in the API method is deprecated. Use 'Elasticsearch.options()' instead.
  bulk(
/app/cargar_data_elastic.py:151: DeprecationWarning: Passing transport options in the API method is deprecated. Use 'Elasticsearch.options()' instead.
  bulk(
/app/cargar_data_elastic.py:151: DeprecationWarning: Passing transport options in the API method is deprecated. Use 'Elasticsearch.options()' instead.
  bulk(
/app/cargar_data_elastic.py:151: DeprecationWarning: Passing transport options in the API method is deprecated. Use 'Elasticsearch.options()' instead.
  bulk(
Exportación de MongoDB a Elasticsearch completada.
Exportación de CSV a Elasticsearch completada.
[2025-07-01 23:53:55] Pipeline completado correctamente
[2025-07-01 23:55:01] Ejecutando pipeline desde /home/camilo/udp/sist-distribuidos/sistemas_distribuidos/tarea_3
[2025-07-01 23:59:15] Ejecutando uploader
 Container mongodb-general  Running
 Container elasticsearch  Running
 Container waze-scrapper-general  Created
 Container m7-filtering-general  Created
 Container m8-processing-general  Created
 Container waze-scrapper-general  Starting
 Container waze-scrapper-general  Started
 Container waze-scrapper-general  Waiting
 Container waze-scrapper-general  Exited
 Container m7-filtering-general  Starting
 Container m7-filtering-general  Started
 Container m7-filtering-general  Waiting
 Container m7-filtering-general  Exited
 Container m8-processing-general  Starting
 Container m8-processing-general  Started
/app/cargar_data_elastic.py:46: DeprecationWarning: Passing transport options in the API method is deprecated. Use 'Elasticsearch.options()' instead.
  bulk(
/app/cargar_data_elastic.py:61: DeprecationWarning: Passing transport options in the API method is deprecated. Use 'Elasticsearch.options()' instead.
  bulk(
/app/cargar_data_elastic.py:151: DeprecationWarning: Passing transport options in the API method is deprecated. Use 'Elasticsearch.options()' instead.
  bulk(
/app/cargar_data_elastic.py:151: DeprecationWarning: Passing transport options in the API method is deprecated. Use 'Elasticsearch.options()' instead.
  bulk(
/app/cargar_data_elastic.py:151: DeprecationWarning: Passing transport options in the API method is deprecated. Use 'Elasticsearch.options()' instead.
  bulk(
/app/cargar_data_elastic.py:151: DeprecationWarning: Passing transport options in the API method is deprecated. Use 'Elasticsearch.options()' instead.
  bulk(
/app/cargar_data_elastic.py:151: DeprecationWarning: Passing transport options in the API method is deprecated. Use 'Elasticsearch.options()' instead.
  bulk(
/app/cargar_data_elastic.py:151: DeprecationWarning: Passing transport options in the API method is deprecated. Use 'Elasticsearch.options()' instead.
  bulk(
/app/cargar_data_elastic.py:151: DeprecationWarning: Passing transport options in the API method is deprecated. Use 'Elasticsearch.options()' instead.
  bulk(
/app/cargar_data_elastic.py:151: DeprecationWarning: Passing transport options in the API method is deprecated. Use 'Elasticsearch.options()' instead.
  bulk(
Exportación de MongoDB a Elasticsearch completada.
Exportación de CSV a Elasticsearch completada.
[2025-07-01 23:56:57] Pipeline completado correctamente
[2025-07-02 00:03:15] Ejecutando pipeline desde /home/camilo/udp/sist-distribuidos/sistemas_distribuidos/tarea_3
[2025-07-02 00:03:15] Ejecutando uploader
 Container elasticsearch  Running
 Container mongodb-general  Running
 Container waze-scrapper-general  Created
 Container m7-filtering-general  Created
 Container m8-processing-general  Created
 Container waze-scrapper-general  Starting
 Container waze-scrapper-general  Started
 Container waze-scrapper-general  Waiting
 Container waze-scrapper-general  Exited
 Container m7-filtering-general  Starting
 Container m7-filtering-general  Started
 Container m7-filtering-general  Waiting
 Container m7-filtering-general  Exited
 Container m8-processing-general  Starting
 Container m8-processing-general  Started
[2025-07-02 00:00:47] Ejecutando pipeline desde /home/camilo/udp/sist-distribuidos/sistemas_distribuidos/tarea_3
[2025-07-02 00:00:47] Ejecutando uploader
 Container mongodb-general  Running
 Container elasticsearch  Running
 Container waze-scrapper-general  Created
 Container m7-filtering-general  Created
 Container m8-processing-general  Running
 Container waze-scrapper-general  Starting
 Container waze-scrapper-general  Started
 Container waze-scrapper-general  Waiting
/app/cargar_data_elastic.py:46: DeprecationWarning: Passing transport options in the API method is deprecated. Use 'Elasticsearch.options()' instead.
  bulk(
/app/cargar_data_elastic.py:61: DeprecationWarning: Passing transport options in the API method is deprecated. Use 'Elasticsearch.options()' instead.
  bulk(
/app/cargar_data_elastic.py:151: DeprecationWarning: Passing transport options in the API method is deprecated. Use 'Elasticsearch.options()' instead.
  bulk(
/app/cargar_data_elastic.py:151: DeprecationWarning: Passing transport options in the API method is deprecated. Use 'Elasticsearch.options()' instead.
  bulk(
/app/cargar_data_elastic.py:151: DeprecationWarning: Passing transport options in the API method is deprecated. Use 'Elasticsearch.options()' instead.
  bulk(
/app/cargar_data_elastic.py:151: DeprecationWarning: Passing transport options in the API method is deprecated. Use 'Elasticsearch.options()' instead.
  bulk(
/app/cargar_data_elastic.py:151: DeprecationWarning: Passing transport options in the API method is deprecated. Use 'Elasticsearch.options()' instead.
  bulk(
/app/cargar_data_elastic.py:151: DeprecationWarning: Passing transport options in the API method is deprecated. Use 'Elasticsearch.options()' instead.
  bulk(
/app/cargar_data_elastic.py:151: DeprecationWarning: Passing transport options in the API method is deprecated. Use 'Elasticsearch.options()' instead.
  bulk(
/app/cargar_data_elastic.py:151: DeprecationWarning: Passing transport options in the API method is deprecated. Use 'Elasticsearch.options()' instead.
  bulk(
Exportación de MongoDB a Elasticsearch completada.
Exportación de CSV a Elasticsearch completada.
[2025-07-02 00:00:55] Pipeline completado correctamente
[2025-07-02 00:05:16] Ejecutando pipeline desde /home/camilo/udp/sist-distribuidos/sistemas_distribuidos/tarea_3
[2025-07-02 00:05:16] Ejecutando uploader
 Container mongodb-general  Running
 Container elasticsearch  Running
 Container waze-scrapper-general  Running
 Container m7-filtering-general  Created
 Container m8-processing-general  Created
 Container waze-scrapper-general  Waiting
 Container waze-scrapper-general  Exited
 Container m7-filtering-general  Starting
 Container waze-scrapper-general  Exited
 Container m7-filtering-general  Starting
 Container m7-filtering-general  Started
 Container m7-filtering-general  Waiting
 Container m7-filtering-general  Started
 Container m7-filtering-general  Waiting
 Container m7-filtering-general  Exited
 Container m7-filtering-general  Exited
 Container m8-processing-general  Starting
 Container m8-processing-general  Started
/app/cargar_data_elastic.py:46: DeprecationWarning: Passing transport options in the API method is deprecated. Use 'Elasticsearch.options()' instead.
  bulk(
/app/cargar_data_elastic.py:46: DeprecationWarning: Passing transport options in the API method is deprecated. Use 'Elasticsearch.options()' instead.
  bulk(
/app/cargar_data_elastic.py:61: DeprecationWarning: Passing transport options in the API method is deprecated. Use 'Elasticsearch.options()' instead.
  bulk(
/app/cargar_data_elastic.py:61: DeprecationWarning: Passing transport options in the API method is deprecated. Use 'Elasticsearch.options()' instead.
  bulk(
/app/cargar_data_elastic.py:151: DeprecationWarning: Passing transport options in the API method is deprecated. Use 'Elasticsearch.options()' instead.
  bulk(
/app/cargar_data_elastic.py:151: DeprecationWarning: Passing transport options in the API method is deprecated. Use 'Elasticsearch.options()' instead.
  bulk(
/app/cargar_data_elastic.py:151: DeprecationWarning: Passing transport options in the API method is deprecated. Use 'Elasticsearch.options()' instead.
  bulk(
/app/cargar_data_elastic.py:151: DeprecationWarning: Passing transport options in the API method is deprecated. Use 'Elasticsearch.options()' instead.
  bulk(
/app/cargar_data_elastic.py:151: DeprecationWarning: Passing transport options in the API method is deprecated. Use 'Elasticsearch.options()' instead.
  bulk(
/app/cargar_data_elastic.py:151: DeprecationWarning: Passing transport options in the API method is deprecated. Use 'Elasticsearch.options()' instead.
  bulk(
/app/cargar_data_elastic.py:151: DeprecationWarning: Passing transport options in the API method is deprecated. Use 'Elasticsearch.options()' instead.
  bulk(
/app/cargar_data_elastic.py:151: DeprecationWarning: Passing transport options in the API method is deprecated. Use 'Elasticsearch.options()' instead.
  bulk(
/app/cargar_data_elastic.py:151: DeprecationWarning: Passing transport options in the API method is deprecated. Use 'Elasticsearch.options()' instead.
  bulk(
/app/cargar_data_elastic.py:151: DeprecationWarning: Passing transport options in the API method is deprecated. Use 'Elasticsearch.options()' instead.
  bulk(
/app/cargar_data_elastic.py:151: DeprecationWarning: Passing transport options in the API method is deprecated. Use 'Elasticsearch.options()' instead.
  bulk(
/app/cargar_data_elastic.py:151: DeprecationWarning: Passing transport options in the API method is deprecated. Use 'Elasticsearch.options()' instead.
  bulk(
/app/cargar_data_elastic.py:151: DeprecationWarning: Passing transport options in the API method is deprecated. Use 'Elasticsearch.options()' instead.
  bulk(
/app/cargar_data_elastic.py:151: DeprecationWarning: Passing transport options in the API method is deprecated. Use 'Elasticsearch.options()' instead.
  bulk(
/app/cargar_data_elastic.py:151: DeprecationWarning: Passing transport options in the API method is deprecated. Use 'Elasticsearch.options()' instead.
  bulk(
/app/cargar_data_elastic.py:151: DeprecationWarning: Passing transport options in the API method is deprecated. Use 'Elasticsearch.options()' instead.
  bulk(
Exportación de MongoDB a Elasticsearch completada.
Exportación de CSV a Elasticsearch completada.
Exportación de MongoDB a Elasticsearch completada.
Exportación de CSV a Elasticsearch completada.
[2025-07-02 00:02:43] Pipeline completado correctamente
[2025-07-02 00:02:43] Pipeline completado correctamente
[2025-07-02 00:05:01] Ejecutando pipeline desde /home/camilo/udp/sist-distribuidos/sistemas_distribuidos/tarea_3
[2025-07-02 00:05:01] Ejecutando uploader
 Container mongodb-general  Running
 Container waze-scrapper-general  Created
 Container elasticsearch  Running
 Container m7-filtering-general  Created
 Container m8-processing-general  Created
 Container waze-scrapper-general  Starting
 Container waze-scrapper-general  Started
 Container waze-scrapper-general  Waiting
 Container waze-scrapper-general  Exited
 Container m7-filtering-general  Starting
 Container m7-filtering-general  Started
 Container m7-filtering-general  Waiting
 Container m7-filtering-general  Exited
 Container m8-processing-general  Starting
 Container m8-processing-general  Started
/app/cargar_data_elastic.py:46: DeprecationWarning: Passing transport options in the API method is deprecated. Use 'Elasticsearch.options()' instead.
  bulk(
/app/cargar_data_elastic.py:61: DeprecationWarning: Passing transport options in the API method is deprecated. Use 'Elasticsearch.options()' instead.
  bulk(
/app/cargar_data_elastic.py:151: DeprecationWarning: Passing transport options in the API method is deprecated. Use 'Elasticsearch.options()' instead.
  bulk(
/app/cargar_data_elastic.py:151: DeprecationWarning: Passing transport options in the API method is deprecated. Use 'Elasticsearch.options()' instead.
  bulk(
/app/cargar_data_elastic.py:151: DeprecationWarning: Passing transport options in the API method is deprecated. Use 'Elasticsearch.options()' instead.
  bulk(
/app/cargar_data_elastic.py:151: DeprecationWarning: Passing transport options in the API method is deprecated. Use 'Elasticsearch.options()' instead.
  bulk(
/app/cargar_data_elastic.py:151: DeprecationWarning: Passing transport options in the API method is deprecated. Use 'Elasticsearch.options()' instead.
  bulk(
/app/cargar_data_elastic.py:151: DeprecationWarning: Passing transport options in the API method is deprecated. Use 'Elasticsearch.options()' instead.
  bulk(
/app/cargar_data_elastic.py:151: DeprecationWarning: Passing transport options in the API method is deprecated. Use 'Elasticsearch.options()' instead.
  bulk(
/app/cargar_data_elastic.py:151: DeprecationWarning: Passing transport options in the API method is deprecated. Use 'Elasticsearch.options()' instead.
  bulk(
Exportación de MongoDB a Elasticsearch completada.
Exportación de CSV a Elasticsearch completada.
[2025-07-02 00:06:59] Pipeline completado correctamente
[2025-07-02 00:10:00] Ejecutando pipeline desde /home/camilo/udp/sist-distribuidos/sistemas_distribuidos/tarea_3
[2025-07-02 00:10:00] Ejecutando uploader
 Container elasticsearch  Running
 Container mongodb-general  Running
 Container waze-scrapper-general  Created
 Container m7-filtering-general  Created
 Container m8-processing-general  Created
 Container waze-scrapper-general  Starting
 Container waze-scrapper-general  Started
 Container waze-scrapper-general  Waiting
 Container waze-scrapper-general  Exited
 Container m7-filtering-general  Starting
 Container m7-filtering-general  Started
 Container m7-filtering-general  Waiting
 Container m7-filtering-general  Exited
 Container m8-processing-general  Starting
 Container m8-processing-general  Started
/app/cargar_data_elastic.py:46: DeprecationWarning: Passing transport options in the API method is deprecated. Use 'Elasticsearch.options()' instead.
  bulk(
/app/cargar_data_elastic.py:61: DeprecationWarning: Passing transport options in the API method is deprecated. Use 'Elasticsearch.options()' instead.
  bulk(
/app/cargar_data_elastic.py:151: DeprecationWarning: Passing transport options in the API method is deprecated. Use 'Elasticsearch.options()' instead.
  bulk(
/app/cargar_data_elastic.py:151: DeprecationWarning: Passing transport options in the API method is deprecated. Use 'Elasticsearch.options()' instead.
  bulk(
/app/cargar_data_elastic.py:151: DeprecationWarning: Passing transport options in the API method is deprecated. Use 'Elasticsearch.options()' instead.
  bulk(
/app/cargar_data_elastic.py:151: DeprecationWarning: Passing transport options in the API method is deprecated. Use 'Elasticsearch.options()' instead.
  bulk(
/app/cargar_data_elastic.py:151: DeprecationWarning: Passing transport options in the API method is deprecated. Use 'Elasticsearch.options()' instead.
  bulk(
/app/cargar_data_elastic.py:151: DeprecationWarning: Passing transport options in the API method is deprecated. Use 'Elasticsearch.options()' instead.
  bulk(
/app/cargar_data_elastic.py:151: DeprecationWarning: Passing transport options in the API method is deprecated. Use 'Elasticsearch.options()' instead.
  bulk(
/app/cargar_data_elastic.py:151: DeprecationWarning: Passing transport options in the API method is deprecated. Use 'Elasticsearch.options()' instead.
  bulk(
Exportación de MongoDB a Elasticsearch completada.
Exportación de CSV a Elasticsearch completada.
[2025-07-02 00:11:56] Pipeline completado correctamente
[2025-07-02 00:15:01] Ejecutando pipeline desde /home/camilo/udp/sist-distribuidos/sistemas_distribuidos/tarea_3
[2025-07-02 00:15:01] Ejecutando uploader
 Container mongodb-general  Running
 Container elasticsearch  Running
 Container waze-scrapper-general  Created
 Container m7-filtering-general  Created
 Container m8-processing-general  Created
 Container waze-scrapper-general  Starting
 Container waze-scrapper-general  Started
 Container waze-scrapper-general  Waiting
 Container waze-scrapper-general  Exited
 Container m7-filtering-general  Starting
 Container m7-filtering-general  Started
 Container m7-filtering-general  Waiting
 Container m7-filtering-general  Exited
 Container m8-processing-general  Starting
 Container m8-processing-general  Started
/app/cargar_data_elastic.py:46: DeprecationWarning: Passing transport options in the API method is deprecated. Use 'Elasticsearch.options()' instead.
  bulk(
/app/cargar_data_elastic.py:61: DeprecationWarning: Passing transport options in the API method is deprecated. Use 'Elasticsearch.options()' instead.
  bulk(
/app/cargar_data_elastic.py:151: DeprecationWarning: Passing transport options in the API method is deprecated. Use 'Elasticsearch.options()' instead.
  bulk(
/app/cargar_data_elastic.py:151: DeprecationWarning: Passing transport options in the API method is deprecated. Use 'Elasticsearch.options()' instead.
  bulk(
/app/cargar_data_elastic.py:151: DeprecationWarning: Passing transport options in the API method is deprecated. Use 'Elasticsearch.options()' instead.
  bulk(
/app/cargar_data_elastic.py:151: DeprecationWarning: Passing transport options in the API method is deprecated. Use 'Elasticsearch.options()' instead.
  bulk(
/app/cargar_data_elastic.py:151: DeprecationWarning: Passing transport options in the API method is deprecated. Use 'Elasticsearch.options()' instead.
  bulk(
/app/cargar_data_elastic.py:151: DeprecationWarning: Passing transport options in the API method is deprecated. Use 'Elasticsearch.options()' instead.
  bulk(
/app/cargar_data_elastic.py:151: DeprecationWarning: Passing transport options in the API method is deprecated. Use 'Elasticsearch.options()' instead.
  bulk(
/app/cargar_data_elastic.py:151: DeprecationWarning: Passing transport options in the API method is deprecated. Use 'Elasticsearch.options()' instead.
  bulk(
Exportación de MongoDB a Elasticsearch completada.
Exportación de CSV a Elasticsearch completada.
[2025-07-02 00:16:55] Pipeline completado correctamente
[2025-07-02 00:20:01] Ejecutando pipeline desde /home/camilo/udp/sist-distribuidos/sistemas_distribuidos/tarea_3
[2025-07-02 00:20:01] Ejecutando uploader
 Container elasticsearch  Running
 Container mongodb-general  Running
 Container waze-scrapper-general  Created
 Container m7-filtering-general  Created
 Container m8-processing-general  Created
 Container waze-scrapper-general  Starting
 Container waze-scrapper-general  Started
 Container waze-scrapper-general  Waiting
 Container waze-scrapper-general  Exited
 Container m7-filtering-general  Starting
 Container m7-filtering-general  Started
 Container m7-filtering-general  Waiting
 Container m7-filtering-general  Exited
 Container m8-processing-general  Starting
 Container m8-processing-general  Started
/app/cargar_data_elastic.py:46: DeprecationWarning: Passing transport options in the API method is deprecated. Use 'Elasticsearch.options()' instead.
  bulk(
/app/cargar_data_elastic.py:61: DeprecationWarning: Passing transport options in the API method is deprecated. Use 'Elasticsearch.options()' instead.
  bulk(
/app/cargar_data_elastic.py:151: DeprecationWarning: Passing transport options in the API method is deprecated. Use 'Elasticsearch.options()' instead.
  bulk(
/app/cargar_data_elastic.py:151: DeprecationWarning: Passing transport options in the API method is deprecated. Use 'Elasticsearch.options()' instead.
  bulk(
/app/cargar_data_elastic.py:151: DeprecationWarning: Passing transport options in the API method is deprecated. Use 'Elasticsearch.options()' instead.
  bulk(
/app/cargar_data_elastic.py:151: DeprecationWarning: Passing transport options in the API method is deprecated. Use 'Elasticsearch.options()' instead.
  bulk(
/app/cargar_data_elastic.py:151: DeprecationWarning: Passing transport options in the API method is deprecated. Use 'Elasticsearch.options()' instead.
  bulk(
/app/cargar_data_elastic.py:151: DeprecationWarning: Passing transport options in the API method is deprecated. Use 'Elasticsearch.options()' instead.
  bulk(
/app/cargar_data_elastic.py:151: DeprecationWarning: Passing transport options in the API method is deprecated. Use 'Elasticsearch.options()' instead.
  bulk(
/app/cargar_data_elastic.py:151: DeprecationWarning: Passing transport options in the API method is deprecated. Use 'Elasticsearch.options()' instead.
  bulk(
Exportación de MongoDB a Elasticsearch completada.
Exportación de CSV a Elasticsearch completada.
[2025-07-02 00:21:54] Pipeline completado correctamente
[2025-07-02 00:25:01] Ejecutando pipeline desde /home/camilo/udp/sist-distribuidos/sistemas_distribuidos/tarea_3
[2025-07-02 00:25:01] Ejecutando uploader
 Container elasticsearch  Running
 Container mongodb-general  Running
 Container waze-scrapper-general  Created
 Container m7-filtering-general  Created
 Container m8-processing-general  Created
 Container waze-scrapper-general  Starting
 Container waze-scrapper-general  Started
 Container waze-scrapper-general  Waiting
 Container waze-scrapper-general  Exited
 Container m7-filtering-general  Starting
 Container m7-filtering-general  Started
 Container m7-filtering-general  Waiting
 Container m7-filtering-general  Exited
 Container m8-processing-general  Starting
 Container m8-processing-general  Started
/app/cargar_data_elastic.py:46: DeprecationWarning: Passing transport options in the API method is deprecated. Use 'Elasticsearch.options()' instead.
  bulk(
/app/cargar_data_elastic.py:61: DeprecationWarning: Passing transport options in the API method is deprecated. Use 'Elasticsearch.options()' instead.
  bulk(
/app/cargar_data_elastic.py:151: DeprecationWarning: Passing transport options in the API method is deprecated. Use 'Elasticsearch.options()' instead.
  bulk(
/app/cargar_data_elastic.py:151: DeprecationWarning: Passing transport options in the API method is deprecated. Use 'Elasticsearch.options()' instead.
  bulk(
/app/cargar_data_elastic.py:151: DeprecationWarning: Passing transport options in the API method is deprecated. Use 'Elasticsearch.options()' instead.
  bulk(
/app/cargar_data_elastic.py:151: DeprecationWarning: Passing transport options in the API method is deprecated. Use 'Elasticsearch.options()' instead.
  bulk(
/app/cargar_data_elastic.py:151: DeprecationWarning: Passing transport options in the API method is deprecated. Use 'Elasticsearch.options()' instead.
  bulk(
/app/cargar_data_elastic.py:151: DeprecationWarning: Passing transport options in the API method is deprecated. Use 'Elasticsearch.options()' instead.
  bulk(
/app/cargar_data_elastic.py:151: DeprecationWarning: Passing transport options in the API method is deprecated. Use 'Elasticsearch.options()' instead.
  bulk(
/app/cargar_data_elastic.py:151: DeprecationWarning: Passing transport options in the API method is deprecated. Use 'Elasticsearch.options()' instead.
  bulk(
Exportación de MongoDB a Elasticsearch completada.
Exportación de CSV a Elasticsearch completada.
[2025-07-02 00:26:55] Pipeline completado correctamente
[2025-07-02 00:30:01] Ejecutando pipeline desde /home/camilo/udp/sist-distribuidos/sistemas_distribuidos/tarea_3
[2025-07-02 00:30:01] Ejecutando uploader
 Container mongodb-general  Running
 Container elasticsearch  Running
 Container waze-scrapper-general  Created
 Container m7-filtering-general  Created
 Container m8-processing-general  Created
 Container waze-scrapper-general  Starting
 Container waze-scrapper-general  Started
 Container waze-scrapper-general  Waiting
 Container waze-scrapper-general  Exited
 Container m7-filtering-general  Starting
 Container m7-filtering-general  Started
 Container m7-filtering-general  Waiting
 Container m7-filtering-general  Exited
 Container m8-processing-general  Starting
 Container m8-processing-general  Started
/app/cargar_data_elastic.py:46: DeprecationWarning: Passing transport options in the API method is deprecated. Use 'Elasticsearch.options()' instead.
  bulk(
/app/cargar_data_elastic.py:61: DeprecationWarning: Passing transport options in the API method is deprecated. Use 'Elasticsearch.options()' instead.
  bulk(
/app/cargar_data_elastic.py:151: DeprecationWarning: Passing transport options in the API method is deprecated. Use 'Elasticsearch.options()' instead.
  bulk(
/app/cargar_data_elastic.py:151: DeprecationWarning: Passing transport options in the API method is deprecated. Use 'Elasticsearch.options()' instead.
  bulk(
/app/cargar_data_elastic.py:151: DeprecationWarning: Passing transport options in the API method is deprecated. Use 'Elasticsearch.options()' instead.
  bulk(
/app/cargar_data_elastic.py:151: DeprecationWarning: Passing transport options in the API method is deprecated. Use 'Elasticsearch.options()' instead.
  bulk(
/app/cargar_data_elastic.py:151: DeprecationWarning: Passing transport options in the API method is deprecated. Use 'Elasticsearch.options()' instead.
  bulk(
/app/cargar_data_elastic.py:151: DeprecationWarning: Passing transport options in the API method is deprecated. Use 'Elasticsearch.options()' instead.
  bulk(
/app/cargar_data_elastic.py:151: DeprecationWarning: Passing transport options in the API method is deprecated. Use 'Elasticsearch.options()' instead.
  bulk(
/app/cargar_data_elastic.py:151: DeprecationWarning: Passing transport options in the API method is deprecated. Use 'Elasticsearch.options()' instead.
  bulk(
Exportación de MongoDB a Elasticsearch completada.
Exportación de CSV a Elasticsearch completada.
[2025-07-02 00:31:56] Pipeline completado correctamente
[2025-07-02 00:35:01] Ejecutando pipeline desde /home/camilo/udp/sist-distribuidos/sistemas_distribuidos/tarea_3
[2025-07-02 00:35:01] Ejecutando uploader
 Container elasticsearch  Running
 Container mongodb-general  Running
 Container waze-scrapper-general  Created
 Container m7-filtering-general  Created
 Container m8-processing-general  Created
 Container waze-scrapper-general  Starting
 Container waze-scrapper-general  Started
 Container waze-scrapper-general  Waiting
 Container waze-scrapper-general  Exited
 Container m7-filtering-general  Starting
 Container m7-filtering-general  Started
 Container m7-filtering-general  Waiting
 Container m7-filtering-general  Exited
 Container m8-processing-general  Starting
 Container m8-processing-general  Started
/app/cargar_data_elastic.py:46: DeprecationWarning: Passing transport options in the API method is deprecated. Use 'Elasticsearch.options()' instead.
  bulk(
/app/cargar_data_elastic.py:61: DeprecationWarning: Passing transport options in the API method is deprecated. Use 'Elasticsearch.options()' instead.
  bulk(
/app/cargar_data_elastic.py:151: DeprecationWarning: Passing transport options in the API method is deprecated. Use 'Elasticsearch.options()' instead.
  bulk(
/app/cargar_data_elastic.py:151: DeprecationWarning: Passing transport options in the API method is deprecated. Use 'Elasticsearch.options()' instead.
  bulk(
/app/cargar_data_elastic.py:151: DeprecationWarning: Passing transport options in the API method is deprecated. Use 'Elasticsearch.options()' instead.
  bulk(
/app/cargar_data_elastic.py:151: DeprecationWarning: Passing transport options in the API method is deprecated. Use 'Elasticsearch.options()' instead.
  bulk(
/app/cargar_data_elastic.py:151: DeprecationWarning: Passing transport options in the API method is deprecated. Use 'Elasticsearch.options()' instead.
  bulk(
/app/cargar_data_elastic.py:151: DeprecationWarning: Passing transport options in the API method is deprecated. Use 'Elasticsearch.options()' instead.
  bulk(
/app/cargar_data_elastic.py:151: DeprecationWarning: Passing transport options in the API method is deprecated. Use 'Elasticsearch.options()' instead.
  bulk(
/app/cargar_data_elastic.py:151: DeprecationWarning: Passing transport options in the API method is deprecated. Use 'Elasticsearch.options()' instead.
  bulk(
Exportación de MongoDB a Elasticsearch completada.
Exportación de CSV a Elasticsearch completada.
[2025-07-02 00:36:56] Pipeline completado correctamente
[2025-07-02 00:40:00] Ejecutando pipeline desde /home/camilo/udp/sist-distribuidos/sistemas_distribuidos/tarea_3
[2025-07-02 00:40:00] Ejecutando uploader
 Container mongodb-general  Running
 Container elasticsearch  Running
 Container waze-scrapper-general  Created
 Container m7-filtering-general  Created
 Container m8-processing-general  Created
 Container waze-scrapper-general  Starting
 Container waze-scrapper-general  Started
 Container waze-scrapper-general  Waiting
[2025-07-02 00:45:15] Ejecutando pipeline desde /home/camilo/udp/sist-distribuidos/sistemas_distribuidos/tarea_3
[2025-07-02 00:45:15] Ejecutando uploader
 Container mongodb-general  Running
 Container elasticsearch  Running
 Container waze-scrapper-general  Running
 Container m7-filtering-general  Created
 Container m8-processing-general  Created
 Container waze-scrapper-general  Waiting
 Container waze-scrapper-general  Exited
 Container m7-filtering-general  Starting
 Container waze-scrapper-general  Exited
 Container m7-filtering-general  Starting
 Container m7-filtering-general  Started
 Container m7-filtering-general  Waiting
 Container m7-filtering-general  Started
 Container m7-filtering-general  Waiting
 Container m7-filtering-general  Exited
 Container m8-processing-general  Starting
 Container m7-filtering-general  Exited
 Container m8-processing-general  Starting
 Container m8-processing-general  Started
 Container m8-processing-general  Started
/app/cargar_data_elastic.py:46: DeprecationWarning: Passing transport options in the API method is deprecated. Use 'Elasticsearch.options()' instead.
  bulk(
/app/cargar_data_elastic.py:46: DeprecationWarning: Passing transport options in the API method is deprecated. Use 'Elasticsearch.options()' instead.
  bulk(
/app/cargar_data_elastic.py:61: DeprecationWarning: Passing transport options in the API method is deprecated. Use 'Elasticsearch.options()' instead.
  bulk(
/app/cargar_data_elastic.py:61: DeprecationWarning: Passing transport options in the API method is deprecated. Use 'Elasticsearch.options()' instead.
  bulk(
/app/cargar_data_elastic.py:151: DeprecationWarning: Passing transport options in the API method is deprecated. Use 'Elasticsearch.options()' instead.
  bulk(
/app/cargar_data_elastic.py:151: DeprecationWarning: Passing transport options in the API method is deprecated. Use 'Elasticsearch.options()' instead.
  bulk(
/app/cargar_data_elastic.py:151: DeprecationWarning: Passing transport options in the API method is deprecated. Use 'Elasticsearch.options()' instead.
  bulk(
/app/cargar_data_elastic.py:151: DeprecationWarning: Passing transport options in the API method is deprecated. Use 'Elasticsearch.options()' instead.
  bulk(
/app/cargar_data_elastic.py:151: DeprecationWarning: Passing transport options in the API method is deprecated. Use 'Elasticsearch.options()' instead.
  bulk(
/app/cargar_data_elastic.py:151: DeprecationWarning: Passing transport options in the API method is deprecated. Use 'Elasticsearch.options()' instead.
  bulk(
/app/cargar_data_elastic.py:151: DeprecationWarning: Passing transport options in the API method is deprecated. Use 'Elasticsearch.options()' instead.
  bulk(
/app/cargar_data_elastic.py:151: DeprecationWarning: Passing transport options in the API method is deprecated. Use 'Elasticsearch.options()' instead.
  bulk(
/app/cargar_data_elastic.py:151: DeprecationWarning: Passing transport options in the API method is deprecated. Use 'Elasticsearch.options()' instead.
  bulk(
/app/cargar_data_elastic.py:151: DeprecationWarning: Passing transport options in the API method is deprecated. Use 'Elasticsearch.options()' instead.
  bulk(
/app/cargar_data_elastic.py:151: DeprecationWarning: Passing transport options in the API method is deprecated. Use 'Elasticsearch.options()' instead.
  bulk(
/app/cargar_data_elastic.py:151: DeprecationWarning: Passing transport options in the API method is deprecated. Use 'Elasticsearch.options()' instead.
  bulk(
/app/cargar_data_elastic.py:151: DeprecationWarning: Passing transport options in the API method is deprecated. Use 'Elasticsearch.options()' instead.
  bulk(
/app/cargar_data_elastic.py:151: DeprecationWarning: Passing transport options in the API method is deprecated. Use 'Elasticsearch.options()' instead.
  bulk(
/app/cargar_data_elastic.py:151: DeprecationWarning: Passing transport options in the API method is deprecated. Use 'Elasticsearch.options()' instead.
  bulk(
/app/cargar_data_elastic.py:151: DeprecationWarning: Passing transport options in the API method is deprecated. Use 'Elasticsearch.options()' instead.
  bulk(
Exportación de MongoDB a Elasticsearch completada.
Exportación de CSV a Elasticsearch completada.
Exportación de MongoDB a Elasticsearch completada.
Exportación de CSV a Elasticsearch completada.
[2025-07-02 00:41:56] Pipeline completado correctamente
[2025-07-02 00:41:56] Pipeline completado correctamente
[2025-07-02 00:49:15] Ejecutando pipeline desde /home/camilo/udp/sist-distribuidos/sistemas_distribuidos/tarea_3
[2025-07-02 00:49:15] Ejecutando uploader
 Container elasticsearch  Running
 Container mongodb-general  Running
 Container waze-scrapper-general  Created
 Container m7-filtering-general  Created
 Container m8-processing-general  Created
 Container waze-scrapper-general  Starting
 Container waze-scrapper-general  Started
 Container waze-scrapper-general  Waiting
 Container waze-scrapper-general  Exited
 Container m7-filtering-general  Starting
 Container m7-filtering-general  Started
 Container m7-filtering-general  Waiting
 Container m7-filtering-general  Exited
 Container m8-processing-general  Starting
 Container m8-processing-general  Started
/app/cargar_data_elastic.py:46: DeprecationWarning: Passing transport options in the API method is deprecated. Use 'Elasticsearch.options()' instead.
  bulk(
/app/cargar_data_elastic.py:61: DeprecationWarning: Passing transport options in the API method is deprecated. Use 'Elasticsearch.options()' instead.
  bulk(
/app/cargar_data_elastic.py:151: DeprecationWarning: Passing transport options in the API method is deprecated. Use 'Elasticsearch.options()' instead.
  bulk(
/app/cargar_data_elastic.py:151: DeprecationWarning: Passing transport options in the API method is deprecated. Use 'Elasticsearch.options()' instead.
  bulk(
/app/cargar_data_elastic.py:151: DeprecationWarning: Passing transport options in the API method is deprecated. Use 'Elasticsearch.options()' instead.
  bulk(
/app/cargar_data_elastic.py:151: DeprecationWarning: Passing transport options in the API method is deprecated. Use 'Elasticsearch.options()' instead.
  bulk(
/app/cargar_data_elastic.py:151: DeprecationWarning: Passing transport options in the API method is deprecated. Use 'Elasticsearch.options()' instead.
  bulk(
/app/cargar_data_elastic.py:151: DeprecationWarning: Passing transport options in the API method is deprecated. Use 'Elasticsearch.options()' instead.
  bulk(
/app/cargar_data_elastic.py:151: DeprecationWarning: Passing transport options in the API method is deprecated. Use 'Elasticsearch.options()' instead.
  bulk(
/app/cargar_data_elastic.py:151: DeprecationWarning: Passing transport options in the API method is deprecated. Use 'Elasticsearch.options()' instead.
  bulk(
Exportación de MongoDB a Elasticsearch completada.
Exportación de CSV a Elasticsearch completada.
[2025-07-02 00:46:57] Pipeline completado correctamente
[2025-07-02 00:51:15] Ejecutando pipeline desde /home/camilo/udp/sist-distribuidos/sistemas_distribuidos/tarea_3
[2025-07-02 00:51:15] Ejecutando uploader
 Container elasticsearch  Running
 Container mongodb-general  Running
 Container waze-scrapper-general  Created
 Container m7-filtering-general  Created
 Container m8-processing-general  Created
 Container waze-scrapper-general  Starting
 Container waze-scrapper-general  Started
 Container waze-scrapper-general  Waiting
 Container waze-scrapper-general  Exited
 Container m7-filtering-general  Starting
 Container m7-filtering-general  Started
 Container m7-filtering-general  Waiting
 Container m7-filtering-general  Exited
 Container m8-processing-general  Starting
 Container m8-processing-general  Started
/app/cargar_data_elastic.py:46: DeprecationWarning: Passing transport options in the API method is deprecated. Use 'Elasticsearch.options()' instead.
  bulk(
/app/cargar_data_elastic.py:61: DeprecationWarning: Passing transport options in the API method is deprecated. Use 'Elasticsearch.options()' instead.
  bulk(
/app/cargar_data_elastic.py:151: DeprecationWarning: Passing transport options in the API method is deprecated. Use 'Elasticsearch.options()' instead.
  bulk(
/app/cargar_data_elastic.py:151: DeprecationWarning: Passing transport options in the API method is deprecated. Use 'Elasticsearch.options()' instead.
  bulk(
/app/cargar_data_elastic.py:151: DeprecationWarning: Passing transport options in the API method is deprecated. Use 'Elasticsearch.options()' instead.
  bulk(
/app/cargar_data_elastic.py:151: DeprecationWarning: Passing transport options in the API method is deprecated. Use 'Elasticsearch.options()' instead.
  bulk(
/app/cargar_data_elastic.py:151: DeprecationWarning: Passing transport options in the API method is deprecated. Use 'Elasticsearch.options()' instead.
  bulk(
/app/cargar_data_elastic.py:151: DeprecationWarning: Passing transport options in the API method is deprecated. Use 'Elasticsearch.options()' instead.
  bulk(
/app/cargar_data_elastic.py:151: DeprecationWarning: Passing transport options in the API method is deprecated. Use 'Elasticsearch.options()' instead.
  bulk(
/app/cargar_data_elastic.py:151: DeprecationWarning: Passing transport options in the API method is deprecated. Use 'Elasticsearch.options()' instead.
  bulk(
Exportación de MongoDB a Elasticsearch completada.
Exportación de CSV a Elasticsearch completada.
[2025-07-02 00:48:55] Pipeline completado correctamente
[2025-07-02 00:50:01] Ejecutando pipeline desde /home/camilo/udp/sist-distribuidos/sistemas_distribuidos/tarea_3
[2025-07-02 00:50:01] Ejecutando uploader
 Container elasticsearch  Running
 Container mongodb-general  Running
 Container waze-scrapper-general  Created
 Container m7-filtering-general  Created
 Container m8-processing-general  Created
 Container waze-scrapper-general  Starting
 Container waze-scrapper-general  Started
 Container waze-scrapper-general  Waiting
 Container waze-scrapper-general  Exited
 Container m7-filtering-general  Starting
 Container m7-filtering-general  Started
 Container m7-filtering-general  Waiting
 Container m7-filtering-general  Exited
 Container m8-processing-general  Starting
 Container m8-processing-general  Started
/app/cargar_data_elastic.py:46: DeprecationWarning: Passing transport options in the API method is deprecated. Use 'Elasticsearch.options()' instead.
  bulk(
/app/cargar_data_elastic.py:61: DeprecationWarning: Passing transport options in the API method is deprecated. Use 'Elasticsearch.options()' instead.
  bulk(
/app/cargar_data_elastic.py:151: DeprecationWarning: Passing transport options in the API method is deprecated. Use 'Elasticsearch.options()' instead.
  bulk(
/app/cargar_data_elastic.py:151: DeprecationWarning: Passing transport options in the API method is deprecated. Use 'Elasticsearch.options()' instead.
  bulk(
/app/cargar_data_elastic.py:151: DeprecationWarning: Passing transport options in the API method is deprecated. Use 'Elasticsearch.options()' instead.
  bulk(
/app/cargar_data_elastic.py:151: DeprecationWarning: Passing transport options in the API method is deprecated. Use 'Elasticsearch.options()' instead.
  bulk(
/app/cargar_data_elastic.py:151: DeprecationWarning: Passing transport options in the API method is deprecated. Use 'Elasticsearch.options()' instead.
  bulk(
/app/cargar_data_elastic.py:151: DeprecationWarning: Passing transport options in the API method is deprecated. Use 'Elasticsearch.options()' instead.
  bulk(
/app/cargar_data_elastic.py:151: DeprecationWarning: Passing transport options in the API method is deprecated. Use 'Elasticsearch.options()' instead.
  bulk(
/app/cargar_data_elastic.py:151: DeprecationWarning: Passing transport options in the API method is deprecated. Use 'Elasticsearch.options()' instead.
  bulk(
Exportación de MongoDB a Elasticsearch completada.
Exportación de CSV a Elasticsearch completada.
[2025-07-02 00:51:57] Pipeline completado correctamente
[2025-07-02 00:55:00] Ejecutando pipeline desde /home/camilo/udp/sist-distribuidos/sistemas_distribuidos/tarea_3
[2025-07-02 00:55:00] Ejecutando uploader
 Container elasticsearch  Running
 Container mongodb-general  Running
 Container waze-scrapper-general  Created
 Container m7-filtering-general  Created
 Container m8-processing-general  Created
 Container waze-scrapper-general  Starting
 Container waze-scrapper-general  Started
 Container waze-scrapper-general  Waiting
 Container waze-scrapper-general  Exited
 Container m7-filtering-general  Starting
 Container m7-filtering-general  Started
 Container m7-filtering-general  Waiting
 Container m7-filtering-general  Exited
 Container m8-processing-general  Starting
 Container m8-processing-general  Started
/app/cargar_data_elastic.py:46: DeprecationWarning: Passing transport options in the API method is deprecated. Use 'Elasticsearch.options()' instead.
  bulk(
/app/cargar_data_elastic.py:61: DeprecationWarning: Passing transport options in the API method is deprecated. Use 'Elasticsearch.options()' instead.
  bulk(
/app/cargar_data_elastic.py:151: DeprecationWarning: Passing transport options in the API method is deprecated. Use 'Elasticsearch.options()' instead.
  bulk(
/app/cargar_data_elastic.py:151: DeprecationWarning: Passing transport options in the API method is deprecated. Use 'Elasticsearch.options()' instead.
  bulk(
/app/cargar_data_elastic.py:151: DeprecationWarning: Passing transport options in the API method is deprecated. Use 'Elasticsearch.options()' instead.
  bulk(
/app/cargar_data_elastic.py:151: DeprecationWarning: Passing transport options in the API method is deprecated. Use 'Elasticsearch.options()' instead.
  bulk(
/app/cargar_data_elastic.py:151: DeprecationWarning: Passing transport options in the API method is deprecated. Use 'Elasticsearch.options()' instead.
  bulk(
/app/cargar_data_elastic.py:151: DeprecationWarning: Passing transport options in the API method is deprecated. Use 'Elasticsearch.options()' instead.
  bulk(
/app/cargar_data_elastic.py:151: DeprecationWarning: Passing transport options in the API method is deprecated. Use 'Elasticsearch.options()' instead.
  bulk(
/app/cargar_data_elastic.py:151: DeprecationWarning: Passing transport options in the API method is deprecated. Use 'Elasticsearch.options()' instead.
  bulk(
Exportación de MongoDB a Elasticsearch completada.
Exportación de CSV a Elasticsearch completada.
[2025-07-02 00:56:55] Pipeline completado correctamente
[2025-07-02 01:00:01] Ejecutando pipeline desde /home/camilo/udp/sist-distribuidos/sistemas_distribuidos/tarea_3
[2025-07-02 01:00:01] Ejecutando uploader
 Container mongodb-general  Running
 Container waze-scrapper-general  Created
 Container m7-filtering-general  Created
 Container m8-processing-general  Created
 Container elasticsearch  Running
 Container waze-scrapper-general  Starting
 Container waze-scrapper-general  Started
 Container waze-scrapper-general  Waiting
 Container waze-scrapper-general  Exited
 Container m7-filtering-general  Starting
 Container m7-filtering-general  Started
 Container m7-filtering-general  Waiting
 Container m7-filtering-general  Exited
 Container m8-processing-general  Starting
 Container m8-processing-general  Started
/app/cargar_data_elastic.py:46: DeprecationWarning: Passing transport options in the API method is deprecated. Use 'Elasticsearch.options()' instead.
  bulk(
/app/cargar_data_elastic.py:61: DeprecationWarning: Passing transport options in the API method is deprecated. Use 'Elasticsearch.options()' instead.
  bulk(
/app/cargar_data_elastic.py:151: DeprecationWarning: Passing transport options in the API method is deprecated. Use 'Elasticsearch.options()' instead.
  bulk(
/app/cargar_data_elastic.py:151: DeprecationWarning: Passing transport options in the API method is deprecated. Use 'Elasticsearch.options()' instead.
  bulk(
/app/cargar_data_elastic.py:151: DeprecationWarning: Passing transport options in the API method is deprecated. Use 'Elasticsearch.options()' instead.
  bulk(
/app/cargar_data_elastic.py:151: DeprecationWarning: Passing transport options in the API method is deprecated. Use 'Elasticsearch.options()' instead.
  bulk(
/app/cargar_data_elastic.py:151: DeprecationWarning: Passing transport options in the API method is deprecated. Use 'Elasticsearch.options()' instead.
  bulk(
/app/cargar_data_elastic.py:151: DeprecationWarning: Passing transport options in the API method is deprecated. Use 'Elasticsearch.options()' instead.
  bulk(
/app/cargar_data_elastic.py:151: DeprecationWarning: Passing transport options in the API method is deprecated. Use 'Elasticsearch.options()' instead.
  bulk(
/app/cargar_data_elastic.py:151: DeprecationWarning: Passing transport options in the API method is deprecated. Use 'Elasticsearch.options()' instead.
  bulk(
Exportación de MongoDB a Elasticsearch completada.
Exportación de CSV a Elasticsearch completada.
[2025-07-02 01:01:55] Pipeline completado correctamente
[2025-07-02 01:05:01] Ejecutando pipeline desde /home/camilo/udp/sist-distribuidos/sistemas_distribuidos/tarea_3
[2025-07-02 01:05:01] Ejecutando uploader
 Container mongodb-general  Running
 Container elasticsearch  Running
 Container waze-scrapper-general  Created
 Container m7-filtering-general  Created
 Container m8-processing-general  Created
 Container waze-scrapper-general  Starting
 Container waze-scrapper-general  Started
 Container waze-scrapper-general  Waiting
 Container waze-scrapper-general  Exited
 Container m7-filtering-general  Starting
 Container m7-filtering-general  Started
 Container m7-filtering-general  Waiting
 Container m7-filtering-general  Exited
 Container m8-processing-general  Starting
 Container m8-processing-general  Started
/app/cargar_data_elastic.py:46: DeprecationWarning: Passing transport options in the API method is deprecated. Use 'Elasticsearch.options()' instead.
  bulk(
/app/cargar_data_elastic.py:61: DeprecationWarning: Passing transport options in the API method is deprecated. Use 'Elasticsearch.options()' instead.
  bulk(
/app/cargar_data_elastic.py:151: DeprecationWarning: Passing transport options in the API method is deprecated. Use 'Elasticsearch.options()' instead.
  bulk(
/app/cargar_data_elastic.py:151: DeprecationWarning: Passing transport options in the API method is deprecated. Use 'Elasticsearch.options()' instead.
  bulk(
/app/cargar_data_elastic.py:151: DeprecationWarning: Passing transport options in the API method is deprecated. Use 'Elasticsearch.options()' instead.
  bulk(
/app/cargar_data_elastic.py:151: DeprecationWarning: Passing transport options in the API method is deprecated. Use 'Elasticsearch.options()' instead.
  bulk(
/app/cargar_data_elastic.py:151: DeprecationWarning: Passing transport options in the API method is deprecated. Use 'Elasticsearch.options()' instead.
  bulk(
/app/cargar_data_elastic.py:151: DeprecationWarning: Passing transport options in the API method is deprecated. Use 'Elasticsearch.options()' instead.
  bulk(
/app/cargar_data_elastic.py:151: DeprecationWarning: Passing transport options in the API method is deprecated. Use 'Elasticsearch.options()' instead.
  bulk(
/app/cargar_data_elastic.py:151: DeprecationWarning: Passing transport options in the API method is deprecated. Use 'Elasticsearch.options()' instead.
  bulk(
Exportación de MongoDB a Elasticsearch completada.
Exportación de CSV a Elasticsearch completada.
[2025-07-02 01:06:55] Pipeline completado correctamente
[2025-07-02 01:10:01] Ejecutando pipeline desde /home/camilo/udp/sist-distribuidos/sistemas_distribuidos/tarea_3
[2025-07-02 01:10:01] Ejecutando uploader
 Container elasticsearch  Running
 Container mongodb-general  Running
 Container waze-scrapper-general  Created
 Container m7-filtering-general  Created
 Container m8-processing-general  Created
 Container waze-scrapper-general  Starting
 Container waze-scrapper-general  Started
 Container waze-scrapper-general  Waiting
 Container waze-scrapper-general  Exited
 Container m7-filtering-general  Starting
 Container m7-filtering-general  Started
 Container m7-filtering-general  Waiting
 Container m7-filtering-general  Exited
 Container m8-processing-general  Starting
 Container m8-processing-general  Started
/app/cargar_data_elastic.py:46: DeprecationWarning: Passing transport options in the API method is deprecated. Use 'Elasticsearch.options()' instead.
  bulk(
/app/cargar_data_elastic.py:61: DeprecationWarning: Passing transport options in the API method is deprecated. Use 'Elasticsearch.options()' instead.
  bulk(
/app/cargar_data_elastic.py:151: DeprecationWarning: Passing transport options in the API method is deprecated. Use 'Elasticsearch.options()' instead.
  bulk(
/app/cargar_data_elastic.py:151: DeprecationWarning: Passing transport options in the API method is deprecated. Use 'Elasticsearch.options()' instead.
  bulk(
/app/cargar_data_elastic.py:151: DeprecationWarning: Passing transport options in the API method is deprecated. Use 'Elasticsearch.options()' instead.
  bulk(
/app/cargar_data_elastic.py:151: DeprecationWarning: Passing transport options in the API method is deprecated. Use 'Elasticsearch.options()' instead.
  bulk(
/app/cargar_data_elastic.py:151: DeprecationWarning: Passing transport options in the API method is deprecated. Use 'Elasticsearch.options()' instead.
  bulk(
/app/cargar_data_elastic.py:151: DeprecationWarning: Passing transport options in the API method is deprecated. Use 'Elasticsearch.options()' instead.
  bulk(
/app/cargar_data_elastic.py:151: DeprecationWarning: Passing transport options in the API method is deprecated. Use 'Elasticsearch.options()' instead.
  bulk(
/app/cargar_data_elastic.py:151: DeprecationWarning: Passing transport options in the API method is deprecated. Use 'Elasticsearch.options()' instead.
  bulk(
Exportación de MongoDB a Elasticsearch completada.
Exportación de CSV a Elasticsearch completada.
[2025-07-02 01:11:57] Pipeline completado correctamente
[2025-07-02 01:15:01] Ejecutando pipeline desde /home/camilo/udp/sist-distribuidos/sistemas_distribuidos/tarea_3
[2025-07-02 01:15:01] Ejecutando uploader
 Container mongodb-general  Running
 Container waze-scrapper-general  Created
 Container elasticsearch  Running
 Container m7-filtering-general  Created
 Container m8-processing-general  Created
 Container waze-scrapper-general  Starting
 Container waze-scrapper-general  Started
 Container waze-scrapper-general  Waiting
 Container waze-scrapper-general  Exited
 Container m7-filtering-general  Starting
 Container m7-filtering-general  Started
 Container m7-filtering-general  Waiting
 Container m7-filtering-general  Exited
 Container m8-processing-general  Starting
 Container m8-processing-general  Started
/app/cargar_data_elastic.py:46: DeprecationWarning: Passing transport options in the API method is deprecated. Use 'Elasticsearch.options()' instead.
  bulk(
/app/cargar_data_elastic.py:61: DeprecationWarning: Passing transport options in the API method is deprecated. Use 'Elasticsearch.options()' instead.
  bulk(
/app/cargar_data_elastic.py:151: DeprecationWarning: Passing transport options in the API method is deprecated. Use 'Elasticsearch.options()' instead.
  bulk(
/app/cargar_data_elastic.py:151: DeprecationWarning: Passing transport options in the API method is deprecated. Use 'Elasticsearch.options()' instead.
  bulk(
/app/cargar_data_elastic.py:151: DeprecationWarning: Passing transport options in the API method is deprecated. Use 'Elasticsearch.options()' instead.
  bulk(
/app/cargar_data_elastic.py:151: DeprecationWarning: Passing transport options in the API method is deprecated. Use 'Elasticsearch.options()' instead.
  bulk(
/app/cargar_data_elastic.py:151: DeprecationWarning: Passing transport options in the API method is deprecated. Use 'Elasticsearch.options()' instead.
  bulk(
/app/cargar_data_elastic.py:151: DeprecationWarning: Passing transport options in the API method is deprecated. Use 'Elasticsearch.options()' instead.
  bulk(
/app/cargar_data_elastic.py:151: DeprecationWarning: Passing transport options in the API method is deprecated. Use 'Elasticsearch.options()' instead.
  bulk(
/app/cargar_data_elastic.py:151: DeprecationWarning: Passing transport options in the API method is deprecated. Use 'Elasticsearch.options()' instead.
  bulk(
Exportación de MongoDB a Elasticsearch completada.
Exportación de CSV a Elasticsearch completada.
[2025-07-02 01:16:54] Pipeline completado correctamente
[2025-07-02 01:20:01] Ejecutando pipeline desde /home/camilo/udp/sist-distribuidos/sistemas_distribuidos/tarea_3
[2025-07-02 01:20:01] Ejecutando uploader
 Container elasticsearch  Running
 Container mongodb-general  Running
 Container waze-scrapper-general  Created
 Container m7-filtering-general  Created
 Container m8-processing-general  Created
 Container waze-scrapper-general  Starting
 Container waze-scrapper-general  Started
 Container waze-scrapper-general  Waiting
 Container waze-scrapper-general  Exited
 Container m7-filtering-general  Starting
 Container m7-filtering-general  Started
 Container m7-filtering-general  Waiting
 Container m7-filtering-general  Exited
 Container m8-processing-general  Starting
 Container m8-processing-general  Started
/app/cargar_data_elastic.py:46: DeprecationWarning: Passing transport options in the API method is deprecated. Use 'Elasticsearch.options()' instead.
  bulk(
/app/cargar_data_elastic.py:61: DeprecationWarning: Passing transport options in the API method is deprecated. Use 'Elasticsearch.options()' instead.
  bulk(
/app/cargar_data_elastic.py:151: DeprecationWarning: Passing transport options in the API method is deprecated. Use 'Elasticsearch.options()' instead.
  bulk(
/app/cargar_data_elastic.py:151: DeprecationWarning: Passing transport options in the API method is deprecated. Use 'Elasticsearch.options()' instead.
  bulk(
/app/cargar_data_elastic.py:151: DeprecationWarning: Passing transport options in the API method is deprecated. Use 'Elasticsearch.options()' instead.
  bulk(
/app/cargar_data_elastic.py:151: DeprecationWarning: Passing transport options in the API method is deprecated. Use 'Elasticsearch.options()' instead.
  bulk(
/app/cargar_data_elastic.py:151: DeprecationWarning: Passing transport options in the API method is deprecated. Use 'Elasticsearch.options()' instead.
  bulk(
/app/cargar_data_elastic.py:151: DeprecationWarning: Passing transport options in the API method is deprecated. Use 'Elasticsearch.options()' instead.
  bulk(
/app/cargar_data_elastic.py:151: DeprecationWarning: Passing transport options in the API method is deprecated. Use 'Elasticsearch.options()' instead.
  bulk(
/app/cargar_data_elastic.py:151: DeprecationWarning: Passing transport options in the API method is deprecated. Use 'Elasticsearch.options()' instead.
  bulk(
Exportación de MongoDB a Elasticsearch completada.
Exportación de CSV a Elasticsearch completada.
[2025-07-02 01:21:58] Pipeline completado correctamente
[2025-07-02 01:25:02] Ejecutando pipeline desde /home/camilo/udp/sist-distribuidos/sistemas_distribuidos/tarea_3
[2025-07-02 01:25:02] Ejecutando uploader
 Container mongodb-general  Running
 Container elasticsearch  Running
 Container waze-scrapper-general  Created
 Container m7-filtering-general  Created
 Container m8-processing-general  Created
 Container waze-scrapper-general  Starting
 Container waze-scrapper-general  Started
 Container waze-scrapper-general  Waiting
 Container waze-scrapper-general  Exited
 Container m7-filtering-general  Starting
 Container m7-filtering-general  Started
 Container m7-filtering-general  Waiting
 Container m7-filtering-general  Exited
 Container m8-processing-general  Starting
 Container m8-processing-general  Started
/app/cargar_data_elastic.py:46: DeprecationWarning: Passing transport options in the API method is deprecated. Use 'Elasticsearch.options()' instead.
  bulk(
/app/cargar_data_elastic.py:61: DeprecationWarning: Passing transport options in the API method is deprecated. Use 'Elasticsearch.options()' instead.
  bulk(
/app/cargar_data_elastic.py:151: DeprecationWarning: Passing transport options in the API method is deprecated. Use 'Elasticsearch.options()' instead.
  bulk(
/app/cargar_data_elastic.py:151: DeprecationWarning: Passing transport options in the API method is deprecated. Use 'Elasticsearch.options()' instead.
  bulk(
/app/cargar_data_elastic.py:151: DeprecationWarning: Passing transport options in the API method is deprecated. Use 'Elasticsearch.options()' instead.
  bulk(
/app/cargar_data_elastic.py:151: DeprecationWarning: Passing transport options in the API method is deprecated. Use 'Elasticsearch.options()' instead.
  bulk(
/app/cargar_data_elastic.py:151: DeprecationWarning: Passing transport options in the API method is deprecated. Use 'Elasticsearch.options()' instead.
  bulk(
/app/cargar_data_elastic.py:151: DeprecationWarning: Passing transport options in the API method is deprecated. Use 'Elasticsearch.options()' instead.
  bulk(
/app/cargar_data_elastic.py:151: DeprecationWarning: Passing transport options in the API method is deprecated. Use 'Elasticsearch.options()' instead.
  bulk(
/app/cargar_data_elastic.py:151: DeprecationWarning: Passing transport options in the API method is deprecated. Use 'Elasticsearch.options()' instead.
  bulk(
Exportación de MongoDB a Elasticsearch completada.
Exportación de CSV a Elasticsearch completada.
[2025-07-02 01:26:58] Pipeline completado correctamente
[2025-07-02 01:30:01] Ejecutando pipeline desde /home/camilo/udp/sist-distribuidos/sistemas_distribuidos/tarea_3
[2025-07-02 01:30:01] Ejecutando uploader
 Container mongodb-general  Running
 Container elasticsearch  Running
 Container waze-scrapper-general  Created
 Container m7-filtering-general  Created
 Container m8-processing-general  Created
 Container waze-scrapper-general  Starting
 Container waze-scrapper-general  Started
 Container waze-scrapper-general  Waiting
 Container waze-scrapper-general  Exited
 Container m7-filtering-general  Starting
 Container m7-filtering-general  Started
 Container m7-filtering-general  Waiting
 Container m7-filtering-general  Exited
 Container m8-processing-general  Starting
 Container m8-processing-general  Started
/app/cargar_data_elastic.py:46: DeprecationWarning: Passing transport options in the API method is deprecated. Use 'Elasticsearch.options()' instead.
  bulk(
/app/cargar_data_elastic.py:61: DeprecationWarning: Passing transport options in the API method is deprecated. Use 'Elasticsearch.options()' instead.
  bulk(
/app/cargar_data_elastic.py:151: DeprecationWarning: Passing transport options in the API method is deprecated. Use 'Elasticsearch.options()' instead.
  bulk(
/app/cargar_data_elastic.py:151: DeprecationWarning: Passing transport options in the API method is deprecated. Use 'Elasticsearch.options()' instead.
  bulk(
/app/cargar_data_elastic.py:151: DeprecationWarning: Passing transport options in the API method is deprecated. Use 'Elasticsearch.options()' instead.
  bulk(
/app/cargar_data_elastic.py:151: DeprecationWarning: Passing transport options in the API method is deprecated. Use 'Elasticsearch.options()' instead.
  bulk(
/app/cargar_data_elastic.py:151: DeprecationWarning: Passing transport options in the API method is deprecated. Use 'Elasticsearch.options()' instead.
  bulk(
/app/cargar_data_elastic.py:151: DeprecationWarning: Passing transport options in the API method is deprecated. Use 'Elasticsearch.options()' instead.
  bulk(
/app/cargar_data_elastic.py:151: DeprecationWarning: Passing transport options in the API method is deprecated. Use 'Elasticsearch.options()' instead.
  bulk(
/app/cargar_data_elastic.py:151: DeprecationWarning: Passing transport options in the API method is deprecated. Use 'Elasticsearch.options()' instead.
  bulk(
Exportación de MongoDB a Elasticsearch completada.
Exportación de CSV a Elasticsearch completada.
[2025-07-02 01:31:57] Pipeline completado correctamente
[2025-07-02 01:35:01] Ejecutando pipeline desde /home/camilo/udp/sist-distribuidos/sistemas_distribuidos/tarea_3
[2025-07-02 01:35:01] Ejecutando uploader
 Container mongodb-general  Running
 Container elasticsearch  Running
 Container waze-scrapper-general  Created
 Container m7-filtering-general  Created
 Container m8-processing-general  Created
 Container waze-scrapper-general  Starting
 Container waze-scrapper-general  Started
 Container waze-scrapper-general  Waiting
Cannot connect to the Docker daemon at unix:///var/run/docker.sock. Is the docker daemon running?
[2025-07-09 21:50:01] Ejecutando pipeline desde /home/camilo/udp/sist-distribuidos/sistemas_distribuidos/tarea_3
[2025-07-09 21:50:01] Ejecutando uploader
/home/camilo/udp/sist-distribuidos/sistemas_distribuidos/tarea_3/cron/cron_jobs.sh: line 14: docker: command not found
[2025-07-09 21:55:01] Ejecutando pipeline desde /home/camilo/udp/sist-distribuidos/sistemas_distribuidos/tarea_3
[2025-07-09 21:55:01] Ejecutando uploader
/home/camilo/udp/sist-distribuidos/sistemas_distribuidos/tarea_3/cron/cron_jobs.sh: line 14: docker: command not found
[2025-07-09 22:00:01] Ejecutando pipeline desde /home/camilo/udp/sist-distribuidos/sistemas_distribuidos/tarea_3
[2025-07-09 22:00:01] Ejecutando uploader
/home/camilo/udp/sist-distribuidos/sistemas_distribuidos/tarea_3/cron/cron_jobs.sh: line 14: docker: command not found
[2025-07-09 22:05:39] Ejecutando pipeline desde /home/camilo/udp/sist-distribuidos/sistemas_distribuidos/tarea_3
[2025-07-09 22:05:39] Ejecutando uploader
/home/camilo/udp/sist-distribuidos/sistemas_distribuidos/tarea_3/cron/cron_jobs.sh: line 14: docker: command not found
[2025-07-09 22:05:01] Ejecutando pipeline desde /home/camilo/udp/sist-distribuidos/sistemas_distribuidos/tarea_3
[2025-07-09 22:05:01] Ejecutando uploader
/home/camilo/udp/sist-distribuidos/sistemas_distribuidos/tarea_3/cron/cron_jobs.sh: line 14: docker: command not found
[2025-07-09 22:10:39] Ejecutando pipeline desde /home/camilo/udp/sist-distribuidos/sistemas_distribuidos/tarea_3
[2025-07-09 22:10:39] Ejecutando uploader
/home/camilo/udp/sist-distribuidos/sistemas_distribuidos/tarea_3/cron/cron_jobs.sh: line 14: docker: command not found
[2025-07-09 22:10:01] Ejecutando pipeline desde /home/camilo/udp/sist-distribuidos/sistemas_distribuidos/tarea_3
[2025-07-09 22:10:01] Ejecutando uploader
/home/camilo/udp/sist-distribuidos/sistemas_distribuidos/tarea_3/cron/cron_jobs.sh: line 14: docker: command not found
[2025-07-09 22:15:01] Ejecutando pipeline desde /home/camilo/udp/sist-distribuidos/sistemas_distribuidos/tarea_3
[2025-07-09 22:15:01] Ejecutando uploader
/home/camilo/udp/sist-distribuidos/sistemas_distribuidos/tarea_3/cron/cron_jobs.sh: line 14: docker: command not found
[2025-07-09 22:20:39] Ejecutando pipeline desde /home/camilo/udp/sist-distribuidos/sistemas_distribuidos/tarea_3
[2025-07-09 22:20:39] Ejecutando uploader
/home/camilo/udp/sist-distribuidos/sistemas_distribuidos/tarea_3/cron/cron_jobs.sh: line 14: docker: command not found
[2025-07-09 22:20:23] Ejecutando pipeline desde /home/camilo/udp/sist-distribuidos/sistemas_distribuidos/tarea_3
[2025-07-09 22:20:23] Ejecutando uploader
/home/camilo/udp/sist-distribuidos/sistemas_distribuidos/tarea_3/cron/cron_jobs.sh: line 14: docker: command not found
[2025-07-09 22:25:01] Ejecutando pipeline desde /home/camilo/udp/sist-distribuidos/sistemas_distribuidos/tarea_3
[2025-07-09 22:25:01] Ejecutando uploader
/home/camilo/udp/sist-distribuidos/sistemas_distribuidos/tarea_3/cron/cron_jobs.sh: line 14: docker: command not found
[2025-07-09 22:30:01] Ejecutando pipeline desde /home/camilo/udp/sist-distribuidos/sistemas_distribuidos/tarea_3
[2025-07-09 22:30:01] Ejecutando uploader
/home/camilo/udp/sist-distribuidos/sistemas_distribuidos/tarea_3/cron/cron_jobs.sh: line 14: docker: command not found
[2025-07-09 22:35:01] Ejecutando pipeline desde /home/camilo/udp/sist-distribuidos/sistemas_distribuidos/tarea_3
[2025-07-09 22:35:01] Ejecutando uploader
/home/camilo/udp/sist-distribuidos/sistemas_distribuidos/tarea_3/cron/cron_jobs.sh: line 14: docker: command not found
[2025-07-09 22:40:38] Ejecutando pipeline desde /home/camilo/udp/sist-distribuidos/sistemas_distribuidos/tarea_3
[2025-07-09 22:40:38] Ejecutando uploader
/home/camilo/udp/sist-distribuidos/sistemas_distribuidos/tarea_3/cron/cron_jobs.sh: line 14: docker: command not found
[2025-07-09 22:40:01] Ejecutando pipeline desde /home/camilo/udp/sist-distribuidos/sistemas_distribuidos/tarea_3
[2025-07-09 22:40:01] Ejecutando uploader
/home/camilo/udp/sist-distribuidos/sistemas_distribuidos/tarea_3/cron/cron_jobs.sh: line 14: docker: command not found
[2025-07-09 22:45:01] Ejecutando pipeline desde /home/camilo/udp/sist-distribuidos/sistemas_distribuidos/tarea_3
[2025-07-09 22:45:01] Ejecutando uploader
/home/camilo/udp/sist-distribuidos/sistemas_distribuidos/tarea_3/cron/cron_jobs.sh: line 14: docker: command not found
[2025-07-09 22:52:39] Ejecutando pipeline desde /home/camilo/udp/sist-distribuidos/sistemas_distribuidos/tarea_3
[2025-07-09 22:52:39] Ejecutando uploader
/home/camilo/udp/sist-distribuidos/sistemas_distribuidos/tarea_3/cron/cron_jobs.sh: line 14: docker: command not found
[2025-07-09 22:50:01] Ejecutando pipeline desde /home/camilo/udp/sist-distribuidos/sistemas_distribuidos/tarea_3
[2025-07-09 22:50:01] Ejecutando uploader
/home/camilo/udp/sist-distribuidos/sistemas_distribuidos/tarea_3/cron/cron_jobs.sh: line 14: docker: command not found
[2025-07-09 22:55:01] Ejecutando pipeline desde /home/camilo/udp/sist-distribuidos/sistemas_distribuidos/tarea_3
[2025-07-09 22:55:01] Ejecutando uploader
/home/camilo/udp/sist-distribuidos/sistemas_distribuidos/tarea_3/cron/cron_jobs.sh: line 14: docker: command not found
[2025-07-09 23:00:01] Ejecutando pipeline desde /home/camilo/udp/sist-distribuidos/sistemas_distribuidos/tarea_3
[2025-07-09 23:00:01] Ejecutando uploader
/home/camilo/udp/sist-distribuidos/sistemas_distribuidos/tarea_3/cron/cron_jobs.sh: line 14: docker: command not found
[2025-07-09 23:05:01] Ejecutando pipeline desde /home/camilo/udp/sist-distribuidos/sistemas_distribuidos/tarea_3
[2025-07-09 23:05:01] Ejecutando uploader
/home/camilo/udp/sist-distribuidos/sistemas_distribuidos/tarea_3/cron/cron_jobs.sh: line 14: docker: command not found
[2025-07-09 23:10:01] Ejecutando pipeline desde /home/camilo/udp/sist-distribuidos/sistemas_distribuidos/tarea_3
[2025-07-09 23:10:01] Ejecutando uploader
/home/camilo/udp/sist-distribuidos/sistemas_distribuidos/tarea_3/cron/cron_jobs.sh: line 14: docker: command not found
[2025-07-09 23:19:38] Ejecutando pipeline desde /home/camilo/udp/sist-distribuidos/sistemas_distribuidos/tarea_3
[2025-07-09 23:19:38] Ejecutando uploader
/home/camilo/udp/sist-distribuidos/sistemas_distribuidos/tarea_3/cron/cron_jobs.sh: line 14: docker: command not found
[2025-07-09 23:15:23] Ejecutando pipeline desde /home/camilo/udp/sist-distribuidos/sistemas_distribuidos/tarea_3
[2025-07-09 23:15:23] Ejecutando uploader
/home/camilo/udp/sist-distribuidos/sistemas_distribuidos/tarea_3/cron/cron_jobs.sh: line 14: docker: command not found
[2025-07-09 23:20:39] Ejecutando pipeline desde /home/camilo/udp/sist-distribuidos/sistemas_distribuidos/tarea_3
[2025-07-09 23:20:39] Ejecutando uploader
/home/camilo/udp/sist-distribuidos/sistemas_distribuidos/tarea_3/cron/cron_jobs.sh: line 14: docker: command not found
[2025-07-09 23:20:01] Ejecutando pipeline desde /home/camilo/udp/sist-distribuidos/sistemas_distribuidos/tarea_3
[2025-07-09 23:20:01] Ejecutando uploader
/home/camilo/udp/sist-distribuidos/sistemas_distribuidos/tarea_3/cron/cron_jobs.sh: line 14: docker: command not found
[2025-07-09 23:28:39] Ejecutando pipeline desde /home/camilo/udp/sist-distribuidos/sistemas_distribuidos/tarea_3
[2025-07-09 23:28:39] Ejecutando uploader
/home/camilo/udp/sist-distribuidos/sistemas_distribuidos/tarea_3/cron/cron_jobs.sh: line 14: docker: command not found
[2025-07-09 23:25:01] Ejecutando pipeline desde /home/camilo/udp/sist-distribuidos/sistemas_distribuidos/tarea_3
[2025-07-09 23:25:01] Ejecutando uploader
/home/camilo/udp/sist-distribuidos/sistemas_distribuidos/tarea_3/cron/cron_jobs.sh: line 14: docker: command not found
[2025-07-09 23:30:01] Ejecutando pipeline desde /home/camilo/udp/sist-distribuidos/sistemas_distribuidos/tarea_3
[2025-07-09 23:30:01] Ejecutando uploader
/home/camilo/udp/sist-distribuidos/sistemas_distribuidos/tarea_3/cron/cron_jobs.sh: line 14: docker: command not found
[2025-07-09 23:35:01] Ejecutando pipeline desde /home/camilo/udp/sist-distribuidos/sistemas_distribuidos/tarea_3
[2025-07-09 23:35:01] Ejecutando uploader
/home/camilo/udp/sist-distribuidos/sistemas_distribuidos/tarea_3/cron/cron_jobs.sh: line 14: docker: command not found
[2025-07-09 23:42:39] Ejecutando pipeline desde /home/camilo/udp/sist-distribuidos/sistemas_distribuidos/tarea_3
[2025-07-09 23:42:39] Ejecutando uploader
/home/camilo/udp/sist-distribuidos/sistemas_distribuidos/tarea_3/cron/cron_jobs.sh: line 14: docker: command not found
[2025-07-09 23:40:01] Ejecutando pipeline desde /home/camilo/udp/sist-distribuidos/sistemas_distribuidos/tarea_3
[2025-07-09 23:40:01] Ejecutando uploader
/home/camilo/udp/sist-distribuidos/sistemas_distribuidos/tarea_3/cron/cron_jobs.sh: line 14: docker: command not found
[2025-07-09 23:45:01] Ejecutando pipeline desde /home/camilo/udp/sist-distribuidos/sistemas_distribuidos/tarea_3
[2025-07-09 23:45:01] Ejecutando uploader
/home/camilo/udp/sist-distribuidos/sistemas_distribuidos/tarea_3/cron/cron_jobs.sh: line 14: docker: command not found
[2025-07-09 23:54:38] Ejecutando pipeline desde /home/camilo/udp/sist-distribuidos/sistemas_distribuidos/tarea_3
[2025-07-09 23:54:38] Ejecutando uploader
/home/camilo/udp/sist-distribuidos/sistemas_distribuidos/tarea_3/cron/cron_jobs.sh: line 14: docker: command not found
[2025-07-09 23:50:23] Ejecutando pipeline desde /home/camilo/udp/sist-distribuidos/sistemas_distribuidos/tarea_3
[2025-07-09 23:50:23] Ejecutando uploader
/home/camilo/udp/sist-distribuidos/sistemas_distribuidos/tarea_3/cron/cron_jobs.sh: line 14: docker: command not found
[2025-07-09 23:55:01] Ejecutando pipeline desde /home/camilo/udp/sist-distribuidos/sistemas_distribuidos/tarea_3
[2025-07-09 23:55:01] Ejecutando uploader
/home/camilo/udp/sist-distribuidos/sistemas_distribuidos/tarea_3/cron/cron_jobs.sh: line 14: docker: command not found
[2025-07-10 00:00:01] Ejecutando pipeline desde /home/camilo/udp/sist-distribuidos/sistemas_distribuidos/tarea_3
[2025-07-10 00:00:01] Ejecutando uploader
/home/camilo/udp/sist-distribuidos/sistemas_distribuidos/tarea_3/cron/cron_jobs.sh: line 14: docker: command not found
[2025-07-10 00:05:01] Ejecutando pipeline desde /home/camilo/udp/sist-distribuidos/sistemas_distribuidos/tarea_3
[2025-07-10 00:05:01] Ejecutando uploader
/home/camilo/udp/sist-distribuidos/sistemas_distribuidos/tarea_3/cron/cron_jobs.sh: line 14: docker: command not found
[2025-07-10 00:14:38] Ejecutando pipeline desde /home/camilo/udp/sist-distribuidos/sistemas_distribuidos/tarea_3
[2025-07-10 00:14:38] Ejecutando uploader
/home/camilo/udp/sist-distribuidos/sistemas_distribuidos/tarea_3/cron/cron_jobs.sh: line 14: docker: command not found
[2025-07-10 00:10:23] Ejecutando pipeline desde /home/camilo/udp/sist-distribuidos/sistemas_distribuidos/tarea_3
[2025-07-10 00:10:23] Ejecutando uploader
/home/camilo/udp/sist-distribuidos/sistemas_distribuidos/tarea_3/cron/cron_jobs.sh: line 14: docker: command not found
[2025-07-10 00:15:01] Ejecutando pipeline desde /home/camilo/udp/sist-distribuidos/sistemas_distribuidos/tarea_3
[2025-07-10 00:15:01] Ejecutando uploader
/home/camilo/udp/sist-distribuidos/sistemas_distribuidos/tarea_3/cron/cron_jobs.sh: line 14: docker: command not found
[2025-07-10 00:20:01] Ejecutando pipeline desde /home/camilo/udp/sist-distribuidos/sistemas_distribuidos/tarea_3
[2025-07-10 00:20:01] Ejecutando uploader
 Container elasticsearch  Created
 Container mongodb-general  Created
 Container waze-scrapper-general  Created
 Container m7-filtering-general  Created
 Container m8-processing-general  Created
 Container elasticsearch  Starting
 Container mongodb-general  Starting
 Container elasticsearch  Started
Error response from daemon: driver failed programming external connectivity on endpoint mongodb-general (40088c376145d9a666059e0c7f737e292ab77f9bf85b8faa8d21cedae2890a63): Bind for 0.0.0.0:27017 failed: port is already allocated
[2025-07-10 00:25:01] Ejecutando pipeline desde /home/camilo/udp/sist-distribuidos/sistemas_distribuidos/tarea_3
[2025-07-10 00:25:01] Ejecutando uploader
 Container mongodb-general  Created
 Container waze-scrapper-general  Created
 Container m7-filtering-general  Created
 Container m8-processing-general  Created
 Container elasticsearch  Running
 Container mongodb-general  Starting
Error response from daemon: driver failed programming external connectivity on endpoint mongodb-general (7661ea5e0e3e7fd0346d3f4bc3b35436c0865a81c7571cf2a3ae4991a406015f): Bind for 0.0.0.0:27017 failed: port is already allocated
[2025-07-10 00:33:38] Ejecutando pipeline desde /home/camilo/udp/sist-distribuidos/sistemas_distribuidos/tarea_3
[2025-07-10 00:33:38] Ejecutando uploader
 Container elasticsearch  Running
 Container mongodb-general  Created
 Container waze-scrapper-general  Created
 Container m7-filtering-general  Created
 Container m8-processing-general  Created
 Container mongodb-general  Starting
Error response from daemon: driver failed programming external connectivity on endpoint mongodb-general (ecdaaf8b439ff7f9356f087b1e309ff367971b19bd047b19c7ed5c3359b7c44e): Bind for 0.0.0.0:27017 failed: port is already allocated
[2025-07-10 00:30:01] Ejecutando pipeline desde /home/camilo/udp/sist-distribuidos/sistemas_distribuidos/tarea_3
[2025-07-10 00:30:01] Ejecutando uploader
 Container mongodb-general  Created
 Container elasticsearch  Running
 Container waze-scrapper-general  Created
 Container m7-filtering-general  Created
 Container m8-processing-general  Created
 Container mongodb-general  Starting
Error response from daemon: driver failed programming external connectivity on endpoint mongodb-general (7d12bba2731d0fab5308d0db85bce962f3f5a1876fdc37d40a7c5420e5d17c87): Bind for 0.0.0.0:27017 failed: port is already allocated
[2025-07-10 00:36:39] Ejecutando pipeline desde /home/camilo/udp/sist-distribuidos/sistemas_distribuidos/tarea_3
[2025-07-10 00:36:39] Ejecutando uploader
 Container elasticsearch  Created
 Container mongodb-general  Created
 Container waze-scrapper-general  Created
 Container m7-filtering-general  Created
 Container m8-processing-general  Created
 Container mongodb-general  Starting
 Container elasticsearch  Starting
 Container elasticsearch  Started
Error response from daemon: driver failed programming external connectivity on endpoint mongodb-general (df39112f7c0716e390603cf4f34ca5adced5ef737fabec6017d3d6a839b9b0b4): Bind for 0.0.0.0:27017 failed: port is already allocated
[2025-07-10 00:35:01] Ejecutando pipeline desde /home/camilo/udp/sist-distribuidos/sistemas_distribuidos/tarea_3
[2025-07-10 00:35:01] Ejecutando uploader
 Container mongodb-general  Created
 Container elasticsearch  Running
 Container waze-scrapper-general  Created
 Container m7-filtering-general  Created
 Container m8-processing-general  Created
 Container mongodb-general  Starting
Error response from daemon: driver failed programming external connectivity on endpoint mongodb-general (f8c12521249b41a84500e498331b98d6dd6537d2e2273119236aca0c6a0c90d3): Bind for 0.0.0.0:27017 failed: port is already allocated
[2025-07-10 00:40:39] Ejecutando pipeline desde /home/camilo/udp/sist-distribuidos/sistemas_distribuidos/tarea_3
[2025-07-10 00:40:39] Ejecutando uploader
 Container elasticsearch  Running
 Container mongodb-general  Created
 Container waze-scrapper-general  Created
 Container m7-filtering-general  Created
 Container m8-processing-general  Created
 Container mongodb-general  Starting
Error response from daemon: driver failed programming external connectivity on endpoint mongodb-general (8d7a573f9866b2b98c47f1344a514758f7be9f0161ba35eb35e35301a38f72df): Bind for 0.0.0.0:27017 failed: port is already allocated
[2025-07-10 00:40:23] Ejecutando pipeline desde /home/camilo/udp/sist-distribuidos/sistemas_distribuidos/tarea_3
[2025-07-10 00:40:23] Ejecutando uploader
 Container elasticsearch  Running
 Container mongodb-general  Created
 Container waze-scrapper-general  Created
 Container m7-filtering-general  Created
 Container m8-processing-general  Created
 Container mongodb-general  Starting
Error response from daemon: driver failed programming external connectivity on endpoint mongodb-general (147f58a24743f7472c765f40a9ace515e886501c77e79797d927ddb02f0ec69d): Bind for 0.0.0.0:27017 failed: port is already allocated
[2025-07-10 00:46:39] Ejecutando pipeline desde /home/camilo/udp/sist-distribuidos/sistemas_distribuidos/tarea_3
[2025-07-10 00:46:39] Ejecutando uploader
 Container elasticsearch  Running
 Container mongodb-general  Created
 Container waze-scrapper-general  Created
 Container m7-filtering-general  Created
 Container m8-processing-general  Created
 Container mongodb-general  Starting
Error response from daemon: driver failed programming external connectivity on endpoint mongodb-general (f0840a021b33e94fcd8aa59138a4fe6020d4ece0138c0d27732f83c54a20d297): Bind for 0.0.0.0:27017 failed: port is already allocated
[2025-07-10 00:45:01] Ejecutando pipeline desde /home/camilo/udp/sist-distribuidos/sistemas_distribuidos/tarea_3
[2025-07-10 00:45:01] Ejecutando uploader
 Container mongodb-general  Created
 Container elasticsearch  Running
 Container waze-scrapper-general  Created
 Container m7-filtering-general  Created
 Container m8-processing-general  Created
 Container mongodb-general  Starting
Error response from daemon: driver failed programming external connectivity on endpoint mongodb-general (ae09096a09aa56a59c7e9d20cbd5535c043939dbc17cab1cdd1c511644c6b783): Bind for 0.0.0.0:27017 failed: port is already allocated
[2025-07-10 00:50:39] Ejecutando pipeline desde /home/camilo/udp/sist-distribuidos/sistemas_distribuidos/tarea_3
[2025-07-10 00:50:39] Ejecutando uploader
 Container elasticsearch  Running
 Container mongodb-general  Created
 Container waze-scrapper-general  Created
 Container m7-filtering-general  Created
 Container m8-processing-general  Created
 Container mongodb-general  Starting
Error response from daemon: driver failed programming external connectivity on endpoint mongodb-general (53acc4f3a2e70159a8ba75f9ae8a1d3f9624665100498cce8b78cc44bd846ca7): Bind for 0.0.0.0:27017 failed: port is already allocated
[2025-07-10 00:50:01] Ejecutando pipeline desde /home/camilo/udp/sist-distribuidos/sistemas_distribuidos/tarea_3
[2025-07-10 00:50:01] Ejecutando uploader
 Container elasticsearch  Running
 Container mongodb-general  Created
 Container waze-scrapper-general  Created
 Container m7-filtering-general  Created
 Container m8-processing-general  Created
 Container mongodb-general  Starting
Error response from daemon: driver failed programming external connectivity on endpoint mongodb-general (6184de49f5acc58a9c5ac797fc7959ece472ea257083a4a8c7588363cfab68f4): Bind for 0.0.0.0:27017 failed: port is already allocated
[2025-07-10 00:55:01] Ejecutando pipeline desde /home/camilo/udp/sist-distribuidos/sistemas_distribuidos/tarea_3
[2025-07-10 00:55:01] Ejecutando uploader
 Container mongodb-general  Created
 Container elasticsearch  Running
 Container waze-scrapper-general  Created
 Container m7-filtering-general  Created
 Container m8-processing-general  Created
 Container mongodb-general  Starting
Error response from daemon: driver failed programming external connectivity on endpoint mongodb-general (394c7b30178af2928ebc8c8eeaa1d1cf6ed4ff9124881484617da21572792b54): Bind for 0.0.0.0:27017 failed: port is already allocated
[2025-07-10 01:00:01] Ejecutando pipeline desde /home/camilo/udp/sist-distribuidos/sistemas_distribuidos/tarea_3
[2025-07-10 01:00:01] Ejecutando uploader
 Container mongodb-general  Created
 Container waze-scrapper-general  Created
 Container m7-filtering-general  Created
 Container m8-processing-general  Created
 Container elasticsearch  Running
 Container mongodb-general  Starting
Error response from daemon: driver failed programming external connectivity on endpoint mongodb-general (980b9394242aec0ed7775622d840cd0535a0999f3a5ff8a9fa2b6670b503bb77): Bind for 0.0.0.0:27017 failed: port is already allocated
[2025-07-10 01:05:01] Ejecutando pipeline desde /home/camilo/udp/sist-distribuidos/sistemas_distribuidos/tarea_3
[2025-07-10 01:05:01] Ejecutando uploader
 Container elasticsearch  Running
 Container mongodb-general  Created
 Container waze-scrapper-general  Created
 Container m7-filtering-general  Created
 Container m8-processing-general  Created
 Container mongodb-general  Starting
Error response from daemon: driver failed programming external connectivity on endpoint mongodb-general (119410e132227a6ba16b9e0cc1857cff3e541a49a8dd714670bff4c93c991d7e): Bind for 0.0.0.0:27017 failed: port is already allocated
[2025-07-10 01:10:01] Ejecutando pipeline desde /home/camilo/udp/sist-distribuidos/sistemas_distribuidos/tarea_3
[2025-07-10 01:10:01] Ejecutando uploader
 Container elasticsearch  Running
 Container mongodb-general  Created
 Container waze-scrapper-general  Created
 Container m7-filtering-general  Created
 Container m8-processing-general  Created
 Container mongodb-general  Starting
Error response from daemon: driver failed programming external connectivity on endpoint mongodb-general (e65e851a39d7674845c4e3cc4c12e87db48ae3f6f747e2abc39597e770f4ec30): Bind for 0.0.0.0:27017 failed: port is already allocated
[2025-07-11 15:35:01] Ejecutando pipeline desde /home/camilo/udp/sist-distribuidos/sistemas_distribuidos/tarea_3
[2025-07-11 15:35:01] Ejecutando uploader
/home/camilo/udp/sist-distribuidos/sistemas_distribuidos/tarea_3/cron/cron_jobs.sh: line 14: docker: command not found
[2025-07-11 15:40:00] Ejecutando pipeline desde /home/camilo/udp/sist-distribuidos/sistemas_distribuidos/tarea_3
[2025-07-11 15:40:00] Ejecutando uploader
/home/camilo/udp/sist-distribuidos/sistemas_distribuidos/tarea_3/cron/cron_jobs.sh: line 14: docker: command not found
[2025-07-11 15:45:01] Ejecutando pipeline desde /home/camilo/udp/sist-distribuidos/sistemas_distribuidos/tarea_3
[2025-07-11 15:45:01] Ejecutando uploader
/home/camilo/udp/sist-distribuidos/sistemas_distribuidos/tarea_3/cron/cron_jobs.sh: line 14: docker: command not found
[2025-07-11 15:50:01] Ejecutando pipeline desde /home/camilo/udp/sist-distribuidos/sistemas_distribuidos/tarea_3
[2025-07-11 15:50:01] Ejecutando uploader
/home/camilo/udp/sist-distribuidos/sistemas_distribuidos/tarea_3/cron/cron_jobs.sh: line 14: docker: command not found
[2025-07-11 15:55:01] Ejecutando pipeline desde /home/camilo/udp/sist-distribuidos/sistemas_distribuidos/tarea_3
[2025-07-11 15:55:01] Ejecutando uploader
/home/camilo/udp/sist-distribuidos/sistemas_distribuidos/tarea_3/cron/cron_jobs.sh: line 14: docker: command not found
[2025-07-11 16:00:01] Ejecutando pipeline desde /home/camilo/udp/sist-distribuidos/sistemas_distribuidos/tarea_3
[2025-07-11 16:00:01] Ejecutando uploader
/home/camilo/udp/sist-distribuidos/sistemas_distribuidos/tarea_3/cron/cron_jobs.sh: line 14: docker: command not found
[2025-07-11 16:05:01] Ejecutando pipeline desde /home/camilo/udp/sist-distribuidos/sistemas_distribuidos/tarea_3
[2025-07-11 16:05:01] Ejecutando uploader
 Network tarea_3_default  Creating
 Network tarea_3_default  Created
 Container elasticsearch  Creating
 Container mongodb-general  Creating
 Container elasticsearch  Created
 Container mongodb-general  Created
 Container waze-scrapper-general  Creating
 Container waze-scrapper-general  Created
 Container m7-filtering-general  Creating
 Container m7-filtering-general  Created
 Container m8-processing-general  Creating
 Container m8-processing-general  Created
 Container elasticsearch  Starting
 Container mongodb-general  Starting
 Container mongodb-general  Started
 Container waze-scrapper-general  Starting
 Container elasticsearch  Started
 Container waze-scrapper-general  Started
 Container waze-scrapper-general  Waiting
 Container waze-scrapper-general  Exited
 Container m7-filtering-general  Starting
 Container m7-filtering-general  Started
 Container m7-filtering-general  Waiting
 Container m7-filtering-general  Exited
 Container m8-processing-general  Starting
 Container m8-processing-general  Started
/app/cargar_data_elastic.py:46: DeprecationWarning: Passing transport options in the API method is deprecated. Use 'Elasticsearch.options()' instead.
  bulk(
/app/cargar_data_elastic.py:61: DeprecationWarning: Passing transport options in the API method is deprecated. Use 'Elasticsearch.options()' instead.
  bulk(
/app/cargar_data_elastic.py:151: DeprecationWarning: Passing transport options in the API method is deprecated. Use 'Elasticsearch.options()' instead.
  bulk(
/app/cargar_data_elastic.py:151: DeprecationWarning: Passing transport options in the API method is deprecated. Use 'Elasticsearch.options()' instead.
  bulk(
/app/cargar_data_elastic.py:151: DeprecationWarning: Passing transport options in the API method is deprecated. Use 'Elasticsearch.options()' instead.
  bulk(
/app/cargar_data_elastic.py:151: DeprecationWarning: Passing transport options in the API method is deprecated. Use 'Elasticsearch.options()' instead.
  bulk(
/app/cargar_data_elastic.py:151: DeprecationWarning: Passing transport options in the API method is deprecated. Use 'Elasticsearch.options()' instead.
  bulk(
/app/cargar_data_elastic.py:151: DeprecationWarning: Passing transport options in the API method is deprecated. Use 'Elasticsearch.options()' instead.
  bulk(
/app/cargar_data_elastic.py:151: DeprecationWarning: Passing transport options in the API method is deprecated. Use 'Elasticsearch.options()' instead.
  bulk(
/app/cargar_data_elastic.py:151: DeprecationWarning: Passing transport options in the API method is deprecated. Use 'Elasticsearch.options()' instead.
  bulk(
Exportación de MongoDB a Elasticsearch completada.
Exportación de CSV a Elasticsearch completada.
[2025-07-11 16:07:13] Pipeline completado correctamente
[2025-07-11 16:10:00] Ejecutando pipeline desde /home/camilo/udp/sist-distribuidos/sistemas_distribuidos/tarea_3
[2025-07-11 16:10:00] Ejecutando uploader
 Container elasticsearch  Running
 Container mongodb-general  Running
 Container waze-scrapper-general  Created
 Container m7-filtering-general  Created
 Container m8-processing-general  Created
 Container waze-scrapper-general  Starting
 Container waze-scrapper-general  Started
 Container waze-scrapper-general  Waiting
 Container waze-scrapper-general  Exited
 Container m7-filtering-general  Starting
 Container m7-filtering-general  Started
 Container m7-filtering-general  Waiting
 Container m7-filtering-general  Exited
 Container m8-processing-general  Starting
 Container m8-processing-general  Started
service "processing" didn't complete successfully: exit 137
[2025-07-11 16:15:01] Ejecutando pipeline desde /home/camilo/udp/sist-distribuidos/sistemas_distribuidos/tarea_3
[2025-07-11 16:15:01] Ejecutando uploader
 Network tarea_3_default  Creating
 Network tarea_3_default  Created
 Container mongodb-general  Creating
 Container elasticsearch  Creating
 Container elasticsearch  Created
 Container mongodb-general  Created
 Container waze-scrapper-general  Creating
 Container waze-scrapper-general  Created
 Container m7-filtering-general  Creating
 Container m7-filtering-general  Created
 Container m8-processing-general  Creating
 Container m8-processing-general  Created
 Container mongodb-general  Starting
 Container elasticsearch  Starting
 Container elasticsearch  Started
Error response from daemon: driver failed programming external connectivity on endpoint mongodb-general (977571a0f0b544727de17529da5a809e6af15ad654e69642eb1a38d99473e9a6): Bind for 0.0.0.0:27017 failed: port is already allocated
[2025-07-11 16:20:44] Ejecutando pipeline desde /home/camilo/udp/sist-distribuidos/sistemas_distribuidos/tarea_3
[2025-07-11 16:20:44] Ejecutando uploader
 Container elasticsearch  Running
 Container mongodb-general  Starting
Error response from daemon: driver failed programming external connectivity on endpoint mongodb-general (63267dda2536116929cdd84339c2868fd73a3dfbb68669f3332d2ee8cc816add): Bind for 0.0.0.0:27017 failed: port is already allocated
[2025-07-11 16:20:01] Ejecutando pipeline desde /home/camilo/udp/sist-distribuidos/sistemas_distribuidos/tarea_3
[2025-07-11 16:20:01] Ejecutando uploader
 Container elasticsearch  Running
 Container mongodb-general  Starting
Error response from daemon: driver failed programming external connectivity on endpoint mongodb-general (0d092746229933a9fc0d6666fe5935847f245cca348d91d604d72029d2c23ebd): Bind for 0.0.0.0:27017 failed: port is already allocated
[2025-07-11 16:25:00] Ejecutando pipeline desde /home/camilo/udp/sist-distribuidos/sistemas_distribuidos/tarea_3
[2025-07-11 16:25:00] Ejecutando uploader
 Container elasticsearch  Running
 Container mongodb-general  Starting
Error response from daemon: driver failed programming external connectivity on endpoint mongodb-general (1d567e842d0b261863c51f900c555656a27b838e52d0a06aacb3d4c5647566c5): Bind for 0.0.0.0:27017 failed: port is already allocated
[2025-07-11 16:30:45] Ejecutando pipeline desde /home/camilo/udp/sist-distribuidos/sistemas_distribuidos/tarea_3
[2025-07-11 16:30:45] Ejecutando uploader
 Container elasticsearch  Running
 Container mongodb-general  Starting
Error response from daemon: driver failed programming external connectivity on endpoint mongodb-general (cd5c372f7648663d03d997fe61d8ccde08738dfa267225c762e3aa1de2225751): Bind for 0.0.0.0:27017 failed: port is already allocated
[2025-07-11 16:30:01] Ejecutando pipeline desde /home/camilo/udp/sist-distribuidos/sistemas_distribuidos/tarea_3
[2025-07-11 16:30:01] Ejecutando uploader
 Network tarea_3_default  Creating
 Network tarea_3_default  Created
 Container elasticsearch  Creating
 Container mongodb-general  Creating
 Container elasticsearch  Created
 Container mongodb-general  Created
 Container waze-scrapper-general  Creating
 Container waze-scrapper-general  Created
 Container m7-filtering-general  Creating
 Container m7-filtering-general  Created
 Container m8-processing-general  Creating
 Container m8-processing-general  Created
 Container mongodb-general  Starting
 Container elasticsearch  Starting
 Container elasticsearch  Started
Error response from daemon: driver failed programming external connectivity on endpoint mongodb-general (4e927331cf1474cc4f8ff068658b08e628d430d5eefd4e0ac3419f9389a48500): Bind for 0.0.0.0:27017 failed: port is already allocated
[2025-07-11 16:35:01] Ejecutando pipeline desde /home/camilo/udp/sist-distribuidos/sistemas_distribuidos/tarea_3
[2025-07-11 16:35:01] Ejecutando uploader
 Container elasticsearch  Running
 Container mongodb-general  Starting
Error response from daemon: driver failed programming external connectivity on endpoint mongodb-general (4ec9f7920278e8b0ec9d44dbdbed81a0b13ecd695367894f2d3b68acd33f4564): Bind for 0.0.0.0:27017 failed: port is already allocated
[2025-07-11 16:40:01] Ejecutando pipeline desde /home/camilo/udp/sist-distribuidos/sistemas_distribuidos/tarea_3
[2025-07-11 16:40:01] Ejecutando uploader
 Container elasticsearch  Running
 Container mongodb-general  Starting
Error response from daemon: driver failed programming external connectivity on endpoint mongodb-general (1977d760b823c495251f5c8fc40efa1f2088eb4ec0c2be647e33631be39afdf6): Bind for 0.0.0.0:27017 failed: port is already allocated
[2025-07-11 16:45:01] Ejecutando pipeline desde /home/camilo/udp/sist-distribuidos/sistemas_distribuidos/tarea_3
[2025-07-11 16:45:01] Ejecutando uploader
 Container elasticsearch  Running
 Container mongodb-general  Starting
Error response from daemon: driver failed programming external connectivity on endpoint mongodb-general (1b0365dacab1ddf57686f123c16d13192db65c5a3a44305dcb5533ddcecb1404): Bind for 0.0.0.0:27017 failed: port is already allocated
[2025-07-11 16:50:01] Ejecutando pipeline desde /home/camilo/udp/sist-distribuidos/sistemas_distribuidos/tarea_3
[2025-07-11 16:50:01] Ejecutando uploader
 Container elasticsearch  Running
 Container mongodb-general  Starting
Error response from daemon: driver failed programming external connectivity on endpoint mongodb-general (fd003ed3b6ba022c9b5c6cec5b430420415d204a822db0b26993726f0ecb1c0a): Bind for 0.0.0.0:27017 failed: port is already allocated
[2025-07-11 16:55:01] Ejecutando pipeline desde /home/camilo/udp/sist-distribuidos/sistemas_distribuidos/tarea_3
[2025-07-11 16:55:01] Ejecutando uploader
 Container elasticsearch  Running
 Container mongodb-general  Starting
Error response from daemon: driver failed programming external connectivity on endpoint mongodb-general (dd73fd2b204bc1e7343622eb1b2b6c13334df9cfd2be9a14edef8dd16ee2dde2): Bind for 0.0.0.0:27017 failed: port is already allocated
[2025-07-11 17:00:01] Ejecutando pipeline desde /home/camilo/udp/sist-distribuidos/sistemas_distribuidos/tarea_3
[2025-07-11 17:00:01] Ejecutando uploader
 Container elasticsearch  Running
 Container mongodb-general  Starting
Error response from daemon: driver failed programming external connectivity on endpoint mongodb-general (122c2278c08c583b7c738d210156b7be41793945f57a90ca7e0185674425239d): Bind for 0.0.0.0:27017 failed: port is already allocated
[2025-07-11 17:05:01] Ejecutando pipeline desde /home/camilo/udp/sist-distribuidos/sistemas_distribuidos/tarea_3
[2025-07-11 17:05:01] Ejecutando uploader
 Container elasticsearch  Running
 Container mongodb-general  Starting
Error response from daemon: driver failed programming external connectivity on endpoint mongodb-general (56744c501389a9f2883941d337faff9e5ca5f05fad50ba2a4e1274b88270f8f7): Bind for 0.0.0.0:27017 failed: port is already allocated
[2025-07-11 17:12:45] Ejecutando pipeline desde /home/camilo/udp/sist-distribuidos/sistemas_distribuidos/tarea_3
[2025-07-11 17:12:45] Ejecutando uploader
 Container elasticsearch  Running
 Container mongodb-general  Starting
Error response from daemon: driver failed programming external connectivity on endpoint mongodb-general (d7a5aa3162d63b56a620c464f2b5b0415408b2340e6294f17d090f7a038c84e5): Bind for 0.0.0.0:27017 failed: port is already allocated
[2025-07-11 17:10:17] Ejecutando pipeline desde /home/camilo/udp/sist-distribuidos/sistemas_distribuidos/tarea_3
[2025-07-11 17:10:17] Ejecutando uploader
 Container elasticsearch  Running
 Container mongodb-general  Starting
Error response from daemon: driver failed programming external connectivity on endpoint mongodb-general (a5b7ec939462ef9aefd80e4a5b7bb06166e2f6ad1ffcd1040e33de3708e89c55): Bind for 0.0.0.0:27017 failed: port is already allocated
[2025-07-11 17:15:02] Ejecutando pipeline desde /home/camilo/udp/sist-distribuidos/sistemas_distribuidos/tarea_3
[2025-07-11 17:15:02] Ejecutando uploader
 Container elasticsearch  Running
 Container mongodb-general  Starting
Error response from daemon: driver failed programming external connectivity on endpoint mongodb-general (4fe50e755813acdf6f9b0a4645cee2fefe210af53af3617dd6935e9227681812): Bind for 0.0.0.0:27017 failed: port is already allocated
[2025-07-11 17:10:18] Ejecutando pipeline desde /home/camilo/udp/sist-distribuidos/sistemas_distribuidos/tarea_3
[2025-07-11 17:10:18] Ejecutando uploader
 Container elasticsearch  Running
 Container mongodb-general  Starting
Error response from daemon: driver failed programming external connectivity on endpoint mongodb-general (4add9987a071332d63f315a0423519975e7d086c265763dc163819d92d5a7bde): Bind for 0.0.0.0:27017 failed: port is already allocated
[2025-07-11 17:15:01] Ejecutando pipeline desde /home/camilo/udp/sist-distribuidos/sistemas_distribuidos/tarea_3
[2025-07-11 17:15:01] Ejecutando uploader
 Container elasticsearch  Running
 Container mongodb-general  Starting
Error response from daemon: driver failed programming external connectivity on endpoint mongodb-general (c90a57a302a2047bf864201b990fb8e718dd06dc9ce662b902f971ca267cdf25): Bind for 0.0.0.0:27017 failed: port is already allocated
[2025-07-11 17:22:45] Ejecutando pipeline desde /home/camilo/udp/sist-distribuidos/sistemas_distribuidos/tarea_3
[2025-07-11 17:22:45] Ejecutando uploader
 Container elasticsearch  Running
 Container mongodb-general  Starting
Error response from daemon: driver failed programming external connectivity on endpoint mongodb-general (73826c8a0533c06945566c29d9e9956a48fa1e4fc8444302e0577bb5b4858339): Bind for 0.0.0.0:27017 failed: port is already allocated
[2025-07-11 17:20:01] Ejecutando pipeline desde /home/camilo/udp/sist-distribuidos/sistemas_distribuidos/tarea_3
[2025-07-11 17:20:01] Ejecutando uploader
 Container elasticsearch  Running
 Container mongodb-general  Starting
Error response from daemon: driver failed programming external connectivity on endpoint mongodb-general (d435e4a038edd917446e811766374452a413f23b02de8b0eee21c304f3a3ed2d): Bind for 0.0.0.0:27017 failed: port is already allocated
[2025-07-11 17:25:01] Ejecutando pipeline desde /home/camilo/udp/sist-distribuidos/sistemas_distribuidos/tarea_3
[2025-07-11 17:25:01] Ejecutando uploader
 Container elasticsearch  Running
 Container mongodb-general  Starting
 Container mongodb-general  Started
 Container waze-scrapper-general  Starting
 Container waze-scrapper-general  Started
 Container waze-scrapper-general  Waiting
 Container waze-scrapper-general  Exited
 Container m7-filtering-general  Starting
 Container m7-filtering-general  Started
 Container m7-filtering-general  Waiting
 Container m7-filtering-general  Exited
 Container m8-processing-general  Starting
 Container m8-processing-general  Started
/app/cargar_data_elastic.py:46: DeprecationWarning: Passing transport options in the API method is deprecated. Use 'Elasticsearch.options()' instead.
  bulk(
/app/cargar_data_elastic.py:61: DeprecationWarning: Passing transport options in the API method is deprecated. Use 'Elasticsearch.options()' instead.
  bulk(
/app/cargar_data_elastic.py:151: DeprecationWarning: Passing transport options in the API method is deprecated. Use 'Elasticsearch.options()' instead.
  bulk(
/app/cargar_data_elastic.py:151: DeprecationWarning: Passing transport options in the API method is deprecated. Use 'Elasticsearch.options()' instead.
  bulk(
/app/cargar_data_elastic.py:151: DeprecationWarning: Passing transport options in the API method is deprecated. Use 'Elasticsearch.options()' instead.
  bulk(
/app/cargar_data_elastic.py:151: DeprecationWarning: Passing transport options in the API method is deprecated. Use 'Elasticsearch.options()' instead.
  bulk(
/app/cargar_data_elastic.py:151: DeprecationWarning: Passing transport options in the API method is deprecated. Use 'Elasticsearch.options()' instead.
  bulk(
/app/cargar_data_elastic.py:151: DeprecationWarning: Passing transport options in the API method is deprecated. Use 'Elasticsearch.options()' instead.
  bulk(
/app/cargar_data_elastic.py:151: DeprecationWarning: Passing transport options in the API method is deprecated. Use 'Elasticsearch.options()' instead.
  bulk(
/app/cargar_data_elastic.py:151: DeprecationWarning: Passing transport options in the API method is deprecated. Use 'Elasticsearch.options()' instead.
  bulk(
Exportación de MongoDB a Elasticsearch completada.
Exportación de CSV a Elasticsearch completada.
[2025-07-11 17:27:10] Pipeline completado correctamente
[2025-07-11 17:30:01] Ejecutando pipeline desde /home/camilo/udp/sist-distribuidos/sistemas_distribuidos/tarea_3
[2025-07-11 17:30:01] Ejecutando uploader
 Container mongodb-general  Running
 Container elasticsearch  Running
 Container waze-scrapper-general  Created
 Container m7-filtering-general  Created
 Container m8-processing-general  Created
 Container waze-scrapper-general  Starting
 Container waze-scrapper-general  Started
 Container waze-scrapper-general  Waiting
 Container waze-scrapper-general  service "scrapper" didn't complete successfully: exit 137
service "scrapper" didn't complete successfully: exit 137
